store_nbr,family,city,state,type,cluster,forecast_7_day,average_daily_demand,safety_stock,reorder_point,recommended_stock,inventory_priority
1,AUTOMOTIVE,Quito,Pichincha,D,13,46.93,6.7,9.39,22.8,56.32,LOW PRIORITY
1,BABY CARE,Quito,Pichincha,D,13,17.69,2.53,3.54,8.59,21.23,LOW PRIORITY
1,BEAUTY,Quito,Pichincha,D,13,45.29,6.47,9.06,22.0,54.35,LOW PRIORITY
1,BEVERAGES,Quito,Pichincha,D,13,13468.62,1924.09,2693.72,6541.9,16162.35,HIGH PRIORITY
1,BOOKS,Quito,Pichincha,D,13,17.69,2.53,3.54,8.59,21.23,LOW PRIORITY
1,BREAD/BAKERY,Quito,Pichincha,D,13,2110.06,301.44,422.01,1024.88,2532.07,HIGH PRIORITY
1,CELEBRATION,Quito,Pichincha,D,13,69.59,9.94,13.92,33.8,83.51,LOW PRIORITY
1,CLEANING,Quito,Pichincha,D,13,3870.2,552.89,774.04,1879.81,4644.23,HIGH PRIORITY
1,DAIRY,Quito,Pichincha,D,13,4240.33,605.76,848.07,2059.59,5088.4,HIGH PRIORITY
1,DELI,Quito,Pichincha,D,13,774.68,110.67,154.94,376.27,929.62,MEDIUM PRIORITY
1,EGGS,Quito,Pichincha,D,13,844.21,120.6,168.84,410.04,1013.05,MEDIUM PRIORITY
1,FROZEN FOODS,Quito,Pichincha,D,13,783.24,111.89,156.65,380.43,939.88,MEDIUM PRIORITY
1,GROCERY I,Quito,Pichincha,D,13,15479.7,2211.39,3095.94,7518.71,18575.64,HIGH PRIORITY
1,GROCERY II,Quito,Pichincha,D,13,98.4,14.06,19.68,47.79,118.08,MEDIUM PRIORITY
1,HARDWARE,Quito,Pichincha,D,13,27.76,3.97,5.55,13.48,33.31,LOW PRIORITY
1,HOME AND KITCHEN I,Quito,Pichincha,D,13,197.73,28.25,39.55,96.04,237.28,MEDIUM PRIORITY
1,HOME AND KITCHEN II,Quito,Pichincha,D,13,157.18,22.45,31.44,76.34,188.62,MEDIUM PRIORITY
1,HOME APPLIANCES,Quito,Pichincha,D,13,17.53,2.5,3.51,8.51,21.03,LOW PRIORITY
1,HOME CARE,Quito,Pichincha,D,13,959.56,137.08,191.91,466.07,1151.47,MEDIUM PRIORITY
1,LADIESWEAR,Quito,Pichincha,D,13,57.18,8.17,11.44,27.78,68.62,LOW PRIORITY
1,LAWN AND GARDEN,Quito,Pichincha,D,13,124.5,17.79,24.9,60.47,149.4,MEDIUM PRIORITY
1,LINGERIE,Quito,Pichincha,D,13,50.96,7.28,10.19,24.75,61.15,LOW PRIORITY
1,"LIQUOR,WINE,BEER",Quito,Pichincha,D,13,622.05,88.86,124.41,302.14,746.46,MEDIUM PRIORITY
1,MAGAZINES,Quito,Pichincha,D,13,39.17,5.6,7.83,19.03,47.01,LOW PRIORITY
1,MEATS,Quito,Pichincha,D,13,2061.33,294.48,412.27,1001.22,2473.6,HIGH PRIORITY
1,PERSONAL CARE,Quito,Pichincha,D,13,978.23,139.75,195.65,475.14,1173.88,MEDIUM PRIORITY
1,PET SUPPLIES,Quito,Pichincha,D,13,43.08,6.15,8.62,20.92,51.69,LOW PRIORITY
1,PLAYERS AND ELECTRONICS,Quito,Pichincha,D,13,71.54,10.22,14.31,34.75,85.84,LOW PRIORITY
1,POULTRY,Quito,Pichincha,D,13,1920.06,274.29,384.01,932.6,2304.07,HIGH PRIORITY
1,PREPARED FOODS,Quito,Pichincha,D,13,288.88,41.27,57.78,140.31,346.65,MEDIUM PRIORITY
1,PRODUCE,Quito,Pichincha,D,13,15490.75,2212.96,3098.15,7524.08,18588.9,HIGH PRIORITY
1,SCHOOL AND OFFICE SUPPLIES,Quito,Pichincha,D,13,17.42,2.49,3.48,8.46,20.9,LOW PRIORITY
1,SEAFOOD,Quito,Pichincha,D,13,143.27,20.47,28.65,69.59,171.92,MEDIUM PRIORITY
2,AUTOMOTIVE,Quito,Pichincha,D,13,48.41,6.92,9.68,23.51,58.09,LOW PRIORITY
2,BABY CARE,Quito,Pichincha,D,13,17.41,2.49,3.48,8.46,20.9,LOW PRIORITY
2,BEAUTY,Quito,Pichincha,D,13,53.49,7.64,10.7,25.98,64.18,LOW PRIORITY
2,BEVERAGES,Quito,Pichincha,D,13,18822.77,2688.97,3764.55,9142.49,22587.32,HIGH PRIORITY
2,BOOKS,Quito,Pichincha,D,13,17.41,2.49,3.48,8.46,20.9,LOW PRIORITY
2,BREAD/BAKERY,Quito,Pichincha,D,13,4314.01,616.29,862.8,2095.38,5176.81,HIGH PRIORITY
2,CELEBRATION,Quito,Pichincha,D,13,67.99,9.71,13.6,33.02,81.59,LOW PRIORITY
2,CLEANING,Quito,Pichincha,D,13,5624.84,803.55,1124.97,2732.07,6749.81,HIGH PRIORITY
2,DAIRY,Quito,Pichincha,D,13,5534.43,790.63,1106.89,2688.15,6641.32,HIGH PRIORITY
2,DELI,Quito,Pichincha,D,13,1469.38,209.91,293.88,713.7,1763.26,MEDIUM PRIORITY
2,EGGS,Quito,Pichincha,D,13,1128.61,161.23,225.72,548.18,1354.33,MEDIUM PRIORITY
2,FROZEN FOODS,Quito,Pichincha,D,13,749.46,107.07,149.89,364.02,899.35,MEDIUM PRIORITY
2,GROCERY I,Quito,Pichincha,D,13,24593.5,3513.36,4918.7,11945.41,29512.2,HIGH PRIORITY
2,GROCERY II,Quito,Pichincha,D,13,215.52,30.79,43.1,104.68,258.62,MEDIUM PRIORITY
2,HARDWARE,Quito,Pichincha,D,13,21.51,3.07,4.3,10.45,25.81,LOW PRIORITY
2,HOME AND KITCHEN I,Quito,Pichincha,D,13,157.54,22.51,31.51,76.52,189.05,MEDIUM PRIORITY
2,HOME AND KITCHEN II,Quito,Pichincha,D,13,253.39,36.2,50.68,123.07,304.07,MEDIUM PRIORITY
2,HOME APPLIANCES,Quito,Pichincha,D,13,17.24,2.46,3.45,8.37,20.69,LOW PRIORITY
2,HOME CARE,Quito,Pichincha,D,13,1586.45,226.64,317.29,770.56,1903.74,MEDIUM PRIORITY
2,LADIESWEAR,Quito,Pichincha,D,13,143.83,20.55,28.77,69.86,172.6,MEDIUM PRIORITY
2,LAWN AND GARDEN,Quito,Pichincha,D,13,134.74,19.25,26.95,65.44,161.68,MEDIUM PRIORITY
2,LINGERIE,Quito,Pichincha,D,13,43.76,6.25,8.75,21.26,52.52,LOW PRIORITY
2,"LIQUOR,WINE,BEER",Quito,Pichincha,D,13,699.18,99.88,139.84,339.6,839.02,MEDIUM PRIORITY
2,MAGAZINES,Quito,Pichincha,D,13,79.09,11.3,15.82,38.42,94.91,LOW PRIORITY
2,MEATS,Quito,Pichincha,D,13,3333.51,476.22,666.7,1619.13,4000.21,HIGH PRIORITY
2,PERSONAL CARE,Quito,Pichincha,D,13,1727.28,246.75,345.46,838.97,2072.74,MEDIUM PRIORITY
2,PET SUPPLIES,Quito,Pichincha,D,13,51.76,7.39,10.35,25.14,62.11,LOW PRIORITY
2,PLAYERS AND ELECTRONICS,Quito,Pichincha,D,13,48.77,6.97,9.75,23.69,58.52,LOW PRIORITY
2,POULTRY,Quito,Pichincha,D,13,3142.74,448.96,628.55,1526.47,3771.28,HIGH PRIORITY
2,PREPARED FOODS,Quito,Pichincha,D,13,791.99,113.14,158.4,384.68,950.39,MEDIUM PRIORITY
2,PRODUCE,Quito,Pichincha,D,13,16110.91,2301.56,3222.18,7825.3,19333.09,HIGH PRIORITY
2,SCHOOL AND OFFICE SUPPLIES,Quito,Pichincha,D,13,17.11,2.44,3.42,8.31,20.54,LOW PRIORITY
2,SEAFOOD,Quito,Pichincha,D,13,230.12,32.87,46.02,111.77,276.14,MEDIUM PRIORITY
3,AUTOMOTIVE,Quito,Pichincha,D,8,66.16,9.45,13.23,32.13,79.39,LOW PRIORITY
3,BABY CARE,Quito,Pichincha,D,8,18.33,2.62,3.67,8.9,21.99,LOW PRIORITY
3,BEAUTY,Quito,Pichincha,D,8,130.79,18.68,26.16,63.53,156.95,MEDIUM PRIORITY
3,BEVERAGES,Quito,Pichincha,D,8,62181.01,8883.0,12436.2,30202.2,74617.21,HIGH PRIORITY
3,BOOKS,Quito,Pichincha,D,8,18.33,2.62,3.67,8.9,21.99,LOW PRIORITY
3,BREAD/BAKERY,Quito,Pichincha,D,8,8303.98,1186.28,1660.8,4033.36,9964.78,HIGH PRIORITY
3,CELEBRATION,Quito,Pichincha,D,8,242.36,34.62,48.47,117.72,290.83,MEDIUM PRIORITY
3,CLEANING,Quito,Pichincha,D,8,13120.91,1874.42,2624.18,6373.01,15745.09,HIGH PRIORITY
3,DAIRY,Quito,Pichincha,D,8,14557.14,2079.59,2911.43,7070.61,17468.57,HIGH PRIORITY
3,DELI,Quito,Pichincha,D,8,2450.39,350.06,490.08,1190.19,2940.47,HIGH PRIORITY
3,EGGS,Quito,Pichincha,D,8,3312.31,473.19,662.46,1608.84,3974.77,HIGH PRIORITY
3,FROZEN FOODS,Quito,Pichincha,D,8,2375.59,339.37,475.12,1153.86,2850.71,HIGH PRIORITY
3,GROCERY I,Quito,Pichincha,D,8,58163.62,8309.09,11632.72,28250.9,69796.35,HIGH PRIORITY
3,GROCERY II,Quito,Pichincha,D,8,499.73,71.39,99.95,242.72,599.67,MEDIUM PRIORITY
3,HARDWARE,Quito,Pichincha,D,8,26.66,3.81,5.33,12.95,32.0,LOW PRIORITY
3,HOME AND KITCHEN I,Quito,Pichincha,D,8,465.29,66.47,93.06,226.0,558.34,MEDIUM PRIORITY
3,HOME AND KITCHEN II,Quito,Pichincha,D,8,309.85,44.26,61.97,150.5,371.82,MEDIUM PRIORITY
3,HOME APPLIANCES,Quito,Pichincha,D,8,18.14,2.59,3.63,8.81,21.77,LOW PRIORITY
3,HOME CARE,Quito,Pichincha,D,8,3425.08,489.3,685.02,1663.61,4110.1,HIGH PRIORITY
3,LADIESWEAR,Quito,Pichincha,D,8,259.75,37.11,51.95,126.16,311.7,MEDIUM PRIORITY
3,LAWN AND GARDEN,Quito,Pichincha,D,8,306.38,43.77,61.28,148.82,367.66,MEDIUM PRIORITY
3,LINGERIE,Quito,Pichincha,D,8,170.02,24.29,34.0,82.58,204.02,MEDIUM PRIORITY
3,"LIQUOR,WINE,BEER",Quito,Pichincha,D,8,1616.75,230.96,323.35,785.28,1940.1,MEDIUM PRIORITY
3,MAGAZINES,Quito,Pichincha,D,8,212.54,30.36,42.51,103.23,255.04,MEDIUM PRIORITY
3,MEATS,Quito,Pichincha,D,8,5221.22,745.89,1044.24,2536.02,6265.46,HIGH PRIORITY
3,PERSONAL CARE,Quito,Pichincha,D,8,3664.03,523.43,732.81,1779.67,4396.83,HIGH PRIORITY
3,PET SUPPLIES,Quito,Pichincha,D,8,133.72,19.1,26.74,64.95,160.46,MEDIUM PRIORITY
3,PLAYERS AND ELECTRONICS,Quito,Pichincha,D,8,173.81,24.83,34.76,84.42,208.57,MEDIUM PRIORITY
3,POULTRY,Quito,Pichincha,D,8,8146.08,1163.73,1629.22,3956.67,9775.3,HIGH PRIORITY
3,PREPARED FOODS,Quito,Pichincha,D,8,1678.14,239.73,335.63,815.1,2013.77,MEDIUM PRIORITY
3,PRODUCE,Quito,Pichincha,D,8,56300.79,8042.97,11260.16,27346.1,67560.94,HIGH PRIORITY
3,SCHOOL AND OFFICE SUPPLIES,Quito,Pichincha,D,8,20.3,2.9,4.06,9.86,24.36,LOW PRIORITY
3,SEAFOOD,Quito,Pichincha,D,8,529.49,75.64,105.9,257.18,635.39,MEDIUM PRIORITY
4,AUTOMOTIVE,Quito,Pichincha,D,9,32.24,4.61,6.45,15.66,38.68,LOW PRIORITY
4,BABY CARE,Quito,Pichincha,D,9,7.26,1.04,1.45,3.53,8.71,LOW PRIORITY
4,BEAUTY,Quito,Pichincha,D,9,29.85,4.26,5.97,14.5,35.82,LOW PRIORITY
4,BEVERAGES,Quito,Pichincha,D,9,16517.42,2359.63,3303.48,8022.74,19820.9,HIGH PRIORITY
4,BOOKS,Quito,Pichincha,D,9,7.26,1.04,1.45,3.53,8.71,LOW PRIORITY
4,BREAD/BAKERY,Quito,Pichincha,D,9,2352.25,336.04,470.45,1142.52,2822.71,HIGH PRIORITY
4,CELEBRATION,Quito,Pichincha,D,9,44.22,6.32,8.84,21.48,53.06,LOW PRIORITY
4,CLEANING,Quito,Pichincha,D,9,5262.39,751.77,1052.48,2556.02,6314.87,HIGH PRIORITY
4,DAIRY,Quito,Pichincha,D,9,4954.97,707.85,990.99,2406.7,5945.96,HIGH PRIORITY
4,DELI,Quito,Pichincha,D,9,1267.71,181.1,253.54,615.74,1521.25,MEDIUM PRIORITY
4,EGGS,Quito,Pichincha,D,9,912.47,130.35,182.49,443.2,1094.96,MEDIUM PRIORITY
4,FROZEN FOODS,Quito,Pichincha,D,9,632.47,90.35,126.49,307.2,758.96,MEDIUM PRIORITY
4,GROCERY I,Quito,Pichincha,D,9,21599.1,3085.59,4319.82,10490.99,25918.92,HIGH PRIORITY
4,GROCERY II,Quito,Pichincha,D,9,168.05,24.01,33.61,81.62,201.66,MEDIUM PRIORITY
4,HARDWARE,Quito,Pichincha,D,9,11.25,1.61,2.25,5.46,13.49,LOW PRIORITY
4,HOME AND KITCHEN I,Quito,Pichincha,D,9,133.59,19.08,26.72,64.89,160.31,MEDIUM PRIORITY
4,HOME AND KITCHEN II,Quito,Pichincha,D,9,53.61,7.66,10.72,26.04,64.33,LOW PRIORITY
4,HOME APPLIANCES,Quito,Pichincha,D,9,7.4,1.06,1.48,3.6,8.88,LOW PRIORITY
4,HOME CARE,Quito,Pichincha,D,9,1322.35,188.91,264.47,642.28,1586.82,MEDIUM PRIORITY
4,LADIESWEAR,Quito,Pichincha,D,9,135.48,19.35,27.1,65.81,162.58,MEDIUM PRIORITY
4,LAWN AND GARDEN,Quito,Pichincha,D,9,141.37,20.2,28.27,68.67,169.65,MEDIUM PRIORITY
4,LINGERIE,Quito,Pichincha,D,9,19.88,2.84,3.98,9.66,23.86,LOW PRIORITY
4,"LIQUOR,WINE,BEER",Quito,Pichincha,D,9,690.8,98.69,138.16,335.53,828.96,MEDIUM PRIORITY
4,MAGAZINES,Quito,Pichincha,D,9,41.3,5.9,8.26,20.06,49.56,LOW PRIORITY
4,MEATS,Quito,Pichincha,D,9,2611.26,373.04,522.25,1268.33,3133.51,HIGH PRIORITY
4,PERSONAL CARE,Quito,Pichincha,D,9,1620.1,231.44,324.02,786.9,1944.12,MEDIUM PRIORITY
4,PET SUPPLIES,Quito,Pichincha,D,9,35.51,5.07,7.1,17.25,42.61,LOW PRIORITY
4,PLAYERS AND ELECTRONICS,Quito,Pichincha,D,9,41.36,5.91,8.27,20.09,49.64,LOW PRIORITY
4,POULTRY,Quito,Pichincha,D,9,2664.86,380.69,532.97,1294.36,3197.83,HIGH PRIORITY
4,PREPARED FOODS,Quito,Pichincha,D,9,376.51,53.79,75.3,182.88,451.82,MEDIUM PRIORITY
4,PRODUCE,Quito,Pichincha,D,9,15625.77,2232.25,3125.15,7589.66,18750.93,HIGH PRIORITY
4,SCHOOL AND OFFICE SUPPLIES,Quito,Pichincha,D,9,7.29,1.04,1.46,3.54,8.75,LOW PRIORITY
4,SEAFOOD,Quito,Pichincha,D,9,159.68,22.81,31.94,77.56,191.62,MEDIUM PRIORITY
5,AUTOMOTIVE,Santo Domingo,Santo Domingo de los Tsachilas,D,4,43.68,6.24,8.74,21.21,52.41,LOW PRIORITY
5,BABY CARE,Santo Domingo,Santo Domingo de los Tsachilas,D,4,7.45,1.06,1.49,3.62,8.95,LOW PRIORITY
5,BEAUTY,Santo Domingo,Santo Domingo de los Tsachilas,D,4,34.34,4.91,6.87,16.68,41.21,LOW PRIORITY
5,BEVERAGES,Santo Domingo,Santo Domingo de los Tsachilas,D,4,11968.78,1709.83,2393.76,5813.41,14362.54,HIGH PRIORITY
5,BOOKS,Santo Domingo,Santo Domingo de los Tsachilas,D,4,6.83,0.98,1.37,3.32,8.19,LOW PRIORITY
5,BREAD/BAKERY,Santo Domingo,Santo Domingo de los Tsachilas,D,4,2309.1,329.87,461.82,1121.56,2770.92,HIGH PRIORITY
5,CELEBRATION,Santo Domingo,Santo Domingo de los Tsachilas,D,4,168.65,24.09,33.73,81.92,202.38,MEDIUM PRIORITY
5,CLEANING,Santo Domingo,Santo Domingo de los Tsachilas,D,4,5535.93,790.85,1107.19,2688.88,6643.12,HIGH PRIORITY
5,DAIRY,Santo Domingo,Santo Domingo de los Tsachilas,D,4,3623.63,517.66,724.73,1760.05,4348.35,HIGH PRIORITY
5,DELI,Santo Domingo,Santo Domingo de los Tsachilas,D,4,1489.09,212.73,297.82,723.27,1786.91,MEDIUM PRIORITY
5,EGGS,Santo Domingo,Santo Domingo de los Tsachilas,D,4,562.94,80.42,112.59,273.43,675.53,MEDIUM PRIORITY
5,FROZEN FOODS,Santo Domingo,Santo Domingo de los Tsachilas,D,4,674.69,96.38,134.94,327.71,809.63,MEDIUM PRIORITY
5,GROCERY I,Santo Domingo,Santo Domingo de los Tsachilas,D,4,19478.32,2782.62,3895.66,9460.9,23373.99,HIGH PRIORITY
5,GROCERY II,Santo Domingo,Santo Domingo de los Tsachilas,D,4,201.28,28.75,40.26,97.76,241.54,MEDIUM PRIORITY
5,HARDWARE,Santo Domingo,Santo Domingo de los Tsachilas,D,4,10.23,1.46,2.05,4.97,12.28,LOW PRIORITY
5,HOME AND KITCHEN I,Santo Domingo,Santo Domingo de los Tsachilas,D,4,198.59,28.37,39.72,96.46,238.31,MEDIUM PRIORITY
5,HOME AND KITCHEN II,Santo Domingo,Santo Domingo de los Tsachilas,D,4,131.8,18.83,26.36,64.02,158.16,MEDIUM PRIORITY
5,HOME APPLIANCES,Santo Domingo,Santo Domingo de los Tsachilas,D,4,6.67,0.95,1.33,3.24,8.0,LOW PRIORITY
5,HOME CARE,Santo Domingo,Santo Domingo de los Tsachilas,D,4,1277.95,182.56,255.59,620.72,1533.54,MEDIUM PRIORITY
5,LADIESWEAR,Santo Domingo,Santo Domingo de los Tsachilas,D,4,72.87,10.41,14.57,35.39,87.44,LOW PRIORITY
5,LAWN AND GARDEN,Santo Domingo,Santo Domingo de los Tsachilas,D,4,41.35,5.91,8.27,20.08,49.61,LOW PRIORITY
5,LINGERIE,Santo Domingo,Santo Domingo de los Tsachilas,D,4,59.76,8.54,11.95,29.02,71.71,LOW PRIORITY
5,"LIQUOR,WINE,BEER",Santo Domingo,Santo Domingo de los Tsachilas,D,4,450.43,64.35,90.09,218.78,540.52,MEDIUM PRIORITY
5,MAGAZINES,Santo Domingo,Santo Domingo de los Tsachilas,D,4,67.5,9.64,13.5,32.79,81.0,LOW PRIORITY
5,MEATS,Santo Domingo,Santo Domingo de los Tsachilas,D,4,1736.12,248.02,347.22,843.26,2083.34,MEDIUM PRIORITY
5,PERSONAL CARE,Santo Domingo,Santo Domingo de los Tsachilas,D,4,1507.92,215.42,301.58,732.42,1809.5,MEDIUM PRIORITY
5,PET SUPPLIES,Santo Domingo,Santo Domingo de los Tsachilas,D,4,19.68,2.81,3.94,9.56,23.62,LOW PRIORITY
5,PLAYERS AND ELECTRONICS,Santo Domingo,Santo Domingo de los Tsachilas,D,4,39.06,5.58,7.81,18.97,46.87,LOW PRIORITY
5,POULTRY,Santo Domingo,Santo Domingo de los Tsachilas,D,4,1623.12,231.87,324.62,788.37,1947.74,MEDIUM PRIORITY
5,PREPARED FOODS,Santo Domingo,Santo Domingo de los Tsachilas,D,4,382.78,54.68,76.56,185.92,459.34,MEDIUM PRIORITY
5,PRODUCE,Santo Domingo,Santo Domingo de los Tsachilas,D,4,10513.23,1501.89,2102.65,5106.43,12615.88,HIGH PRIORITY
5,SCHOOL AND OFFICE SUPPLIES,Santo Domingo,Santo Domingo de los Tsachilas,D,4,8.11,1.16,1.62,3.94,9.73,LOW PRIORITY
5,SEAFOOD,Santo Domingo,Santo Domingo de los Tsachilas,D,4,48.56,6.94,9.71,23.58,58.27,LOW PRIORITY
6,AUTOMOTIVE,Quito,Pichincha,D,13,40.26,5.75,8.05,19.56,48.31,LOW PRIORITY
6,BABY CARE,Quito,Pichincha,D,13,7.26,1.04,1.45,3.53,8.71,LOW PRIORITY
6,BEAUTY,Quito,Pichincha,D,13,34.3,4.9,6.86,16.66,41.16,LOW PRIORITY
6,BEVERAGES,Quito,Pichincha,D,13,22020.98,3145.85,4404.2,10695.9,26425.18,HIGH PRIORITY
6,BOOKS,Quito,Pichincha,D,13,7.26,1.04,1.45,3.53,8.71,LOW PRIORITY
6,BREAD/BAKERY,Quito,Pichincha,D,13,3671.06,524.44,734.21,1783.09,4405.27,HIGH PRIORITY
6,CELEBRATION,Quito,Pichincha,D,13,53.1,7.59,10.62,25.79,63.72,LOW PRIORITY
6,CLEANING,Quito,Pichincha,D,13,7949.24,1135.61,1589.85,3861.06,9539.09,HIGH PRIORITY
6,DAIRY,Quito,Pichincha,D,13,6599.81,942.83,1319.96,3205.62,7919.78,HIGH PRIORITY
6,DELI,Quito,Pichincha,D,13,2283.7,326.24,456.74,1109.23,2740.45,HIGH PRIORITY
6,EGGS,Quito,Pichincha,D,13,1193.33,170.48,238.67,579.62,1431.99,MEDIUM PRIORITY
6,FROZEN FOODS,Quito,Pichincha,D,13,991.79,141.68,198.36,481.73,1190.15,MEDIUM PRIORITY
6,GROCERY I,Quito,Pichincha,D,13,31670.06,4524.29,6334.01,15382.6,38004.07,HIGH PRIORITY
6,GROCERY II,Quito,Pichincha,D,13,251.47,35.92,50.29,122.14,301.76,MEDIUM PRIORITY
6,HARDWARE,Quito,Pichincha,D,13,9.48,1.35,1.9,4.61,11.38,LOW PRIORITY
6,HOME AND KITCHEN I,Quito,Pichincha,D,13,165.73,23.68,33.15,80.5,198.87,MEDIUM PRIORITY
6,HOME AND KITCHEN II,Quito,Pichincha,D,13,281.77,40.25,56.35,136.86,338.12,MEDIUM PRIORITY
6,HOME APPLIANCES,Quito,Pichincha,D,13,7.04,1.01,1.41,3.42,8.45,LOW PRIORITY
6,HOME CARE,Quito,Pichincha,D,13,2091.2,298.74,418.24,1015.73,2509.44,HIGH PRIORITY
6,LADIESWEAR,Quito,Pichincha,D,13,143.13,20.45,28.63,69.52,171.75,MEDIUM PRIORITY
6,LAWN AND GARDEN,Quito,Pichincha,D,13,126.03,18.0,25.21,61.21,151.23,MEDIUM PRIORITY
6,LINGERIE,Quito,Pichincha,D,13,53.19,7.6,10.64,25.84,63.83,LOW PRIORITY
6,"LIQUOR,WINE,BEER",Quito,Pichincha,D,13,709.38,101.34,141.88,344.56,851.26,MEDIUM PRIORITY
6,MAGAZINES,Quito,Pichincha,D,13,33.97,4.85,6.79,16.5,40.77,LOW PRIORITY
6,MEATS,Quito,Pichincha,D,13,3230.27,461.47,646.05,1568.99,3876.32,HIGH PRIORITY
6,PERSONAL CARE,Quito,Pichincha,D,13,2291.61,327.37,458.32,1113.07,2749.93,HIGH PRIORITY
6,PET SUPPLIES,Quito,Pichincha,D,13,49.71,7.1,9.94,24.14,59.65,LOW PRIORITY
6,PLAYERS AND ELECTRONICS,Quito,Pichincha,D,13,125.35,17.91,25.07,60.89,150.42,MEDIUM PRIORITY
6,POULTRY,Quito,Pichincha,D,13,3610.04,515.72,722.01,1753.45,4332.05,HIGH PRIORITY
6,PREPARED FOODS,Quito,Pichincha,D,13,728.44,104.06,145.69,353.81,874.12,MEDIUM PRIORITY
6,PRODUCE,Quito,Pichincha,D,13,17824.18,2546.31,3564.84,8657.46,21389.02,HIGH PRIORITY
6,SCHOOL AND OFFICE SUPPLIES,Quito,Pichincha,D,13,6.67,0.95,1.33,3.24,8.0,LOW PRIORITY
6,SEAFOOD,Quito,Pichincha,D,13,252.5,36.07,50.5,122.64,303.0,MEDIUM PRIORITY
7,AUTOMOTIVE,Quito,Pichincha,D,8,34.15,4.88,6.83,16.59,40.98,LOW PRIORITY
7,BABY CARE,Quito,Pichincha,D,8,9.97,1.42,1.99,4.84,11.97,LOW PRIORITY
7,BEAUTY,Quito,Pichincha,D,8,41.84,5.98,8.37,20.32,50.2,LOW PRIORITY
7,BEVERAGES,Quito,Pichincha,D,8,24956.26,3565.18,4991.25,12121.61,29947.51,HIGH PRIORITY
7,BOOKS,Quito,Pichincha,D,8,9.97,1.42,1.99,4.84,11.97,LOW PRIORITY
7,BREAD/BAKERY,Quito,Pichincha,D,8,4267.48,609.64,853.5,2072.77,5120.97,HIGH PRIORITY
7,CELEBRATION,Quito,Pichincha,D,8,91.52,13.07,18.3,44.45,109.82,MEDIUM PRIORITY
7,CLEANING,Quito,Pichincha,D,8,6695.09,956.44,1339.02,3251.9,8034.11,HIGH PRIORITY
7,DAIRY,Quito,Pichincha,D,8,8738.1,1248.3,1747.62,4244.22,10485.71,HIGH PRIORITY
7,DELI,Quito,Pichincha,D,8,1166.41,166.63,233.28,566.54,1399.69,MEDIUM PRIORITY
7,EGGS,Quito,Pichincha,D,8,1859.97,265.71,371.99,903.41,2231.97,HIGH PRIORITY
7,FROZEN FOODS,Quito,Pichincha,D,8,1395.66,199.38,279.13,677.89,1674.79,MEDIUM PRIORITY
7,GROCERY I,Quito,Pichincha,D,8,24653.22,3521.89,4930.64,11974.42,29583.86,HIGH PRIORITY
7,GROCERY II,Quito,Pichincha,D,8,246.57,35.22,49.31,119.76,295.88,MEDIUM PRIORITY
7,HARDWARE,Quito,Pichincha,D,8,16.22,2.32,3.24,7.88,19.46,LOW PRIORITY
7,HOME AND KITCHEN I,Quito,Pichincha,D,8,251.04,35.86,50.21,121.93,301.25,MEDIUM PRIORITY
7,HOME AND KITCHEN II,Quito,Pichincha,D,8,335.2,47.89,67.04,162.81,402.24,MEDIUM PRIORITY
7,HOME APPLIANCES,Quito,Pichincha,D,8,11.6,1.66,2.32,5.63,13.91,LOW PRIORITY
7,HOME CARE,Quito,Pichincha,D,8,1572.16,224.59,314.43,763.62,1886.59,MEDIUM PRIORITY
7,LADIESWEAR,Quito,Pichincha,D,8,105.3,15.04,21.06,51.14,126.35,MEDIUM PRIORITY
7,LAWN AND GARDEN,Quito,Pichincha,D,8,244.68,34.95,48.94,118.84,293.62,MEDIUM PRIORITY
7,LINGERIE,Quito,Pichincha,D,8,43.97,6.28,8.79,21.36,52.76,LOW PRIORITY
7,"LIQUOR,WINE,BEER",Quito,Pichincha,D,8,1106.62,158.09,221.32,537.5,1327.94,MEDIUM PRIORITY
7,MAGAZINES,Quito,Pichincha,D,8,124.4,17.77,24.88,60.42,149.28,MEDIUM PRIORITY
7,MEATS,Quito,Pichincha,D,8,3176.42,453.77,635.28,1542.83,3811.71,HIGH PRIORITY
7,PERSONAL CARE,Quito,Pichincha,D,8,1551.64,221.66,310.33,753.66,1861.97,MEDIUM PRIORITY
7,PET SUPPLIES,Quito,Pichincha,D,8,35.68,5.1,7.14,17.33,42.82,LOW PRIORITY
7,PLAYERS AND ELECTRONICS,Quito,Pichincha,D,8,93.43,13.35,18.69,45.38,112.11,MEDIUM PRIORITY
7,POULTRY,Quito,Pichincha,D,8,4249.61,607.09,849.92,2064.1,5099.54,HIGH PRIORITY
7,PREPARED FOODS,Quito,Pichincha,D,8,860.22,122.89,172.04,417.82,1032.26,MEDIUM PRIORITY
7,PRODUCE,Quito,Pichincha,D,8,32565.58,4652.23,6513.12,15817.57,39078.7,HIGH PRIORITY
7,SCHOOL AND OFFICE SUPPLIES,Quito,Pichincha,D,8,12.04,1.72,2.41,5.85,14.45,LOW PRIORITY
7,SEAFOOD,Quito,Pichincha,D,8,254.75,36.39,50.95,123.74,305.7,MEDIUM PRIORITY
8,AUTOMOTIVE,Quito,Pichincha,D,8,30.77,4.4,6.15,14.95,36.93,LOW PRIORITY
8,BABY CARE,Quito,Pichincha,D,8,12.11,1.73,2.42,5.88,14.53,LOW PRIORITY
8,BEAUTY,Quito,Pichincha,D,8,53.15,7.59,10.63,25.82,63.78,LOW PRIORITY
8,BEVERAGES,Quito,Pichincha,D,8,30044.19,4292.03,6008.84,14592.89,36053.02,HIGH PRIORITY
8,BOOKS,Quito,Pichincha,D,8,7.82,1.12,1.56,3.8,9.39,LOW PRIORITY
8,BREAD/BAKERY,Quito,Pichincha,D,8,5500.02,785.72,1100.0,2671.44,6600.02,HIGH PRIORITY
8,CELEBRATION,Quito,Pichincha,D,8,119.21,17.03,23.84,57.9,143.05,MEDIUM PRIORITY
8,CLEANING,Quito,Pichincha,D,8,8145.19,1163.6,1629.04,3956.24,9774.23,HIGH PRIORITY
8,DAIRY,Quito,Pichincha,D,8,9730.91,1390.13,1946.18,4726.44,11677.09,HIGH PRIORITY
8,DELI,Quito,Pichincha,D,8,1934.05,276.29,386.81,939.4,2320.87,HIGH PRIORITY
8,EGGS,Quito,Pichincha,D,8,2210.95,315.85,442.19,1073.89,2653.14,HIGH PRIORITY
8,FROZEN FOODS,Quito,Pichincha,D,8,1090.19,155.74,218.04,529.52,1308.22,MEDIUM PRIORITY
8,GROCERY I,Quito,Pichincha,D,8,33270.13,4752.88,6654.03,16159.78,39924.15,HIGH PRIORITY
8,GROCERY II,Quito,Pichincha,D,8,252.9,36.13,50.58,122.84,303.48,MEDIUM PRIORITY
8,HARDWARE,Quito,Pichincha,D,8,17.89,2.56,3.58,8.69,21.47,LOW PRIORITY
8,HOME AND KITCHEN I,Quito,Pichincha,D,8,248.33,35.48,49.67,120.62,298.0,MEDIUM PRIORITY
8,HOME AND KITCHEN II,Quito,Pichincha,D,8,289.71,41.39,57.94,140.72,347.65,MEDIUM PRIORITY
8,HOME APPLIANCES,Quito,Pichincha,D,8,7.66,1.09,1.53,3.72,9.19,LOW PRIORITY
8,HOME CARE,Quito,Pichincha,D,8,2323.35,331.91,464.67,1128.49,2788.02,HIGH PRIORITY
8,LADIESWEAR,Quito,Pichincha,D,8,201.49,28.78,40.3,97.87,241.78,MEDIUM PRIORITY
8,LAWN AND GARDEN,Quito,Pichincha,D,8,232.8,33.26,46.56,113.07,279.36,MEDIUM PRIORITY
8,LINGERIE,Quito,Pichincha,D,8,140.53,20.08,28.11,68.26,168.64,MEDIUM PRIORITY
8,"LIQUOR,WINE,BEER",Quito,Pichincha,D,8,1002.16,143.17,200.43,486.76,1202.59,MEDIUM PRIORITY
8,MAGAZINES,Quito,Pichincha,D,8,125.99,18.0,25.2,61.2,151.19,MEDIUM PRIORITY
8,MEATS,Quito,Pichincha,D,8,3012.96,430.42,602.59,1463.44,3615.55,HIGH PRIORITY
8,PERSONAL CARE,Quito,Pichincha,D,8,2322.83,331.83,464.57,1128.23,2787.39,HIGH PRIORITY
8,PET SUPPLIES,Quito,Pichincha,D,8,117.43,16.78,23.49,57.04,140.91,MEDIUM PRIORITY
8,PLAYERS AND ELECTRONICS,Quito,Pichincha,D,8,128.96,18.42,25.79,62.64,154.76,MEDIUM PRIORITY
8,POULTRY,Quito,Pichincha,D,8,4142.01,591.72,828.4,2011.83,4970.41,HIGH PRIORITY
8,PREPARED FOODS,Quito,Pichincha,D,8,975.16,139.31,195.03,473.65,1170.19,MEDIUM PRIORITY
8,PRODUCE,Quito,Pichincha,D,8,31199.31,4457.04,6239.86,15153.95,37439.18,HIGH PRIORITY
8,SCHOOL AND OFFICE SUPPLIES,Quito,Pichincha,D,8,9.53,1.36,1.91,4.63,11.44,LOW PRIORITY
8,SEAFOOD,Quito,Pichincha,D,8,214.17,30.6,42.83,104.03,257.01,MEDIUM PRIORITY
9,AUTOMOTIVE,Quito,Pichincha,B,6,78.62,11.23,15.72,38.19,94.34,LOW PRIORITY
9,BABY CARE,Quito,Pichincha,B,6,6.71,0.96,1.34,3.26,8.05,LOW PRIORITY
9,BEAUTY,Quito,Pichincha,B,6,43.02,6.15,8.6,20.9,51.63,LOW PRIORITY
9,BEVERAGES,Quito,Pichincha,B,6,22912.85,3273.26,4582.57,11129.1,27495.43,HIGH PRIORITY
9,BOOKS,Quito,Pichincha,B,6,6.47,0.92,1.29,3.14,7.76,LOW PRIORITY
9,BREAD/BAKERY,Quito,Pichincha,B,6,3313.75,473.39,662.75,1609.53,3976.5,HIGH PRIORITY
9,CELEBRATION,Quito,Pichincha,B,6,86.64,12.38,17.33,42.08,103.97,LOW PRIORITY
9,CLEANING,Quito,Pichincha,B,6,10089.7,1441.39,2017.94,4900.71,12107.64,HIGH PRIORITY
9,DAIRY,Quito,Pichincha,B,6,5457.4,779.63,1091.48,2650.73,6548.87,HIGH PRIORITY
9,DELI,Quito,Pichincha,B,6,3572.47,510.35,714.49,1735.2,4286.96,HIGH PRIORITY
9,EGGS,Quito,Pichincha,B,6,1359.49,194.21,271.9,660.32,1631.39,MEDIUM PRIORITY
9,FROZEN FOODS,Quito,Pichincha,B,6,788.24,112.61,157.65,382.86,945.88,MEDIUM PRIORITY
9,GROCERY I,Quito,Pichincha,B,6,42917.17,6131.02,8583.43,20845.48,51500.6,HIGH PRIORITY
9,GROCERY II,Quito,Pichincha,B,6,63.85,9.12,12.77,31.01,76.62,LOW PRIORITY
9,HARDWARE,Quito,Pichincha,B,6,9.84,1.41,1.97,4.78,11.81,LOW PRIORITY
9,HOME AND KITCHEN I,Quito,Pichincha,B,6,341.09,48.73,68.22,165.67,409.3,MEDIUM PRIORITY
9,HOME AND KITCHEN II,Quito,Pichincha,B,6,292.37,41.77,58.47,142.01,350.84,MEDIUM PRIORITY
9,HOME APPLIANCES,Quito,Pichincha,B,6,6.34,0.91,1.27,3.08,7.6,LOW PRIORITY
9,HOME CARE,Quito,Pichincha,B,6,2726.08,389.44,545.22,1324.1,3271.3,HIGH PRIORITY
9,LADIESWEAR,Quito,Pichincha,B,6,49.51,7.07,9.9,24.05,59.42,LOW PRIORITY
9,LAWN AND GARDEN,Quito,Pichincha,B,6,37.8,5.4,7.56,18.36,45.35,LOW PRIORITY
9,LINGERIE,Quito,Pichincha,B,6,53.33,7.62,10.67,25.9,64.0,LOW PRIORITY
9,"LIQUOR,WINE,BEER",Quito,Pichincha,B,6,387.54,55.36,77.51,188.24,465.05,MEDIUM PRIORITY
9,MAGAZINES,Quito,Pichincha,B,6,35.4,5.06,7.08,17.19,42.48,LOW PRIORITY
9,MEATS,Quito,Pichincha,B,6,2451.06,350.15,490.21,1190.51,2941.27,HIGH PRIORITY
9,PERSONAL CARE,Quito,Pichincha,B,6,3038.62,434.09,607.72,1475.9,3646.35,HIGH PRIORITY
9,PET SUPPLIES,Quito,Pichincha,B,6,30.79,4.4,6.16,14.96,36.95,LOW PRIORITY
9,PLAYERS AND ELECTRONICS,Quito,Pichincha,B,6,37.65,5.38,7.53,18.29,45.19,LOW PRIORITY
9,POULTRY,Quito,Pichincha,B,6,2852.5,407.5,570.5,1385.5,3423.0,HIGH PRIORITY
9,PREPARED FOODS,Quito,Pichincha,B,6,823.74,117.68,164.75,400.1,988.49,MEDIUM PRIORITY
9,PRODUCE,Quito,Pichincha,B,6,10620.32,1517.19,2124.06,5158.44,12744.38,HIGH PRIORITY
9,SCHOOL AND OFFICE SUPPLIES,Quito,Pichincha,B,6,903.74,129.11,180.75,438.96,1084.49,MEDIUM PRIORITY
9,SEAFOOD,Quito,Pichincha,B,6,120.68,17.24,24.14,58.62,144.82,MEDIUM PRIORITY
10,AUTOMOTIVE,Quito,Pichincha,C,15,17.07,2.44,3.41,8.29,20.48,LOW PRIORITY
10,BABY CARE,Quito,Pichincha,C,15,2.92,0.42,0.58,1.42,3.5,LOW PRIORITY
10,BEAUTY,Quito,Pichincha,C,15,19.61,2.8,3.92,9.52,23.53,LOW PRIORITY
10,BEVERAGES,Quito,Pichincha,C,15,9900.44,1414.35,1980.09,4808.79,11880.53,HIGH PRIORITY
10,BOOKS,Quito,Pichincha,C,15,2.92,0.42,0.58,1.42,3.5,LOW PRIORITY
10,BREAD/BAKERY,Quito,Pichincha,C,15,739.2,105.6,147.84,359.04,887.04,MEDIUM PRIORITY
10,CELEBRATION,Quito,Pichincha,C,15,22.06,3.15,4.41,10.71,26.47,LOW PRIORITY
10,CLEANING,Quito,Pichincha,C,15,4858.38,694.05,971.68,2359.79,5830.06,HIGH PRIORITY
10,DAIRY,Quito,Pichincha,C,15,2105.38,300.77,421.08,1022.62,2526.46,HIGH PRIORITY
10,DELI,Quito,Pichincha,C,15,1798.47,256.92,359.69,873.54,2158.17,MEDIUM PRIORITY
10,EGGS,Quito,Pichincha,C,15,333.34,47.62,66.67,161.91,400.0,MEDIUM PRIORITY
10,FROZEN FOODS,Quito,Pichincha,C,15,254.56,36.37,50.91,123.64,305.47,MEDIUM PRIORITY
10,GROCERY I,Quito,Pichincha,C,15,18384.52,2626.36,3676.9,8929.62,22061.42,HIGH PRIORITY
10,GROCERY II,Quito,Pichincha,C,15,35.15,5.02,7.03,17.08,42.19,LOW PRIORITY
10,HARDWARE,Quito,Pichincha,C,15,5.11,0.73,1.02,2.48,6.13,LOW PRIORITY
10,HOME AND KITCHEN I,Quito,Pichincha,C,15,43.43,6.2,8.69,21.09,52.11,LOW PRIORITY
10,HOME AND KITCHEN II,Quito,Pichincha,C,15,56.55,8.08,11.31,27.47,67.86,LOW PRIORITY
10,HOME APPLIANCES,Quito,Pichincha,C,15,4.52,0.65,0.9,2.19,5.42,LOW PRIORITY
10,HOME CARE,Quito,Pichincha,C,15,1094.46,156.35,218.89,531.6,1313.35,MEDIUM PRIORITY
10,LADIESWEAR,Quito,Pichincha,C,15,37.64,5.38,7.53,18.28,45.17,LOW PRIORITY
10,LAWN AND GARDEN,Quito,Pichincha,C,15,9.12,1.3,1.82,4.43,10.94,LOW PRIORITY
10,LINGERIE,Quito,Pichincha,C,15,14.86,2.12,2.97,7.22,17.83,LOW PRIORITY
10,"LIQUOR,WINE,BEER",Quito,Pichincha,C,15,121.12,17.3,24.22,58.83,145.35,MEDIUM PRIORITY
10,MAGAZINES,Quito,Pichincha,C,15,8.32,1.19,1.66,4.04,9.99,LOW PRIORITY
10,MEATS,Quito,Pichincha,C,15,1267.63,181.09,253.53,615.7,1521.15,MEDIUM PRIORITY
10,PERSONAL CARE,Quito,Pichincha,C,15,1125.38,160.77,225.08,546.62,1350.46,MEDIUM PRIORITY
10,PET SUPPLIES,Quito,Pichincha,C,15,10.6,1.51,2.12,5.15,12.72,LOW PRIORITY
10,PLAYERS AND ELECTRONICS,Quito,Pichincha,C,15,18.94,2.71,3.79,9.2,22.73,LOW PRIORITY
10,POULTRY,Quito,Pichincha,C,15,959.66,137.09,191.93,466.12,1151.59,MEDIUM PRIORITY
10,PREPARED FOODS,Quito,Pichincha,C,15,184.48,26.35,36.9,89.6,221.37,MEDIUM PRIORITY
10,PRODUCE,Quito,Pichincha,C,15,1702.35,243.19,340.47,826.85,2042.82,MEDIUM PRIORITY
10,SCHOOL AND OFFICE SUPPLIES,Quito,Pichincha,C,15,35.62,5.09,7.12,17.3,42.74,LOW PRIORITY
10,SEAFOOD,Quito,Pichincha,C,15,23.59,3.37,4.72,11.46,28.31,LOW PRIORITY
11,AUTOMOTIVE,Cayambe,Pichincha,B,6,36.61,5.23,7.32,17.78,43.93,LOW PRIORITY
11,BABY CARE,Cayambe,Pichincha,B,6,6.99,1.0,1.4,3.4,8.39,LOW PRIORITY
11,BEAUTY,Cayambe,Pichincha,B,6,28.75,4.11,5.75,13.96,34.5,LOW PRIORITY
11,BEVERAGES,Cayambe,Pichincha,B,6,29550.98,4221.57,5910.2,14353.33,35461.18,HIGH PRIORITY
11,BOOKS,Cayambe,Pichincha,B,6,4.48,0.64,0.9,2.17,5.37,LOW PRIORITY
11,BREAD/BAKERY,Cayambe,Pichincha,B,6,5331.45,761.64,1066.29,2589.56,6397.74,HIGH PRIORITY
11,CELEBRATION,Cayambe,Pichincha,B,6,100.6,14.37,20.12,48.86,120.72,MEDIUM PRIORITY
11,CLEANING,Cayambe,Pichincha,B,6,11816.46,1688.07,2363.29,5739.42,14179.75,HIGH PRIORITY
11,DAIRY,Cayambe,Pichincha,B,6,4286.12,612.3,857.22,2081.83,5143.35,HIGH PRIORITY
11,DELI,Cayambe,Pichincha,B,6,3301.11,471.59,660.22,1603.39,3961.33,HIGH PRIORITY
11,EGGS,Cayambe,Pichincha,B,6,1792.34,256.05,358.47,870.57,2150.81,MEDIUM PRIORITY
11,FROZEN FOODS,Cayambe,Pichincha,B,6,643.38,91.91,128.68,312.5,772.05,MEDIUM PRIORITY
11,GROCERY I,Cayambe,Pichincha,B,6,51262.16,7323.17,10252.43,24898.76,61514.59,HIGH PRIORITY
11,GROCERY II,Cayambe,Pichincha,B,6,170.48,24.35,34.1,82.81,204.58,MEDIUM PRIORITY
11,HARDWARE,Cayambe,Pichincha,B,6,8.9,1.27,1.78,4.32,10.68,LOW PRIORITY
11,HOME AND KITCHEN I,Cayambe,Pichincha,B,6,192.5,27.5,38.5,93.5,231.0,MEDIUM PRIORITY
11,HOME AND KITCHEN II,Cayambe,Pichincha,B,6,90.13,12.88,18.03,43.78,108.15,MEDIUM PRIORITY
11,HOME APPLIANCES,Cayambe,Pichincha,B,6,4.37,0.62,0.87,2.12,5.24,LOW PRIORITY
11,HOME CARE,Cayambe,Pichincha,B,6,3183.51,454.79,636.7,1546.28,3820.21,HIGH PRIORITY
11,LADIESWEAR,Cayambe,Pichincha,B,6,43.85,6.26,8.77,21.3,52.62,LOW PRIORITY
11,LAWN AND GARDEN,Cayambe,Pichincha,B,6,28.32,4.05,5.66,13.76,33.99,LOW PRIORITY
11,LINGERIE,Cayambe,Pichincha,B,6,41.23,5.89,8.25,20.03,49.48,LOW PRIORITY
11,"LIQUOR,WINE,BEER",Cayambe,Pichincha,B,6,220.32,31.47,44.06,107.01,264.38,MEDIUM PRIORITY
11,MAGAZINES,Cayambe,Pichincha,B,6,17.55,2.51,3.51,8.52,21.06,LOW PRIORITY
11,MEATS,Cayambe,Pichincha,B,6,4406.84,629.55,881.37,2140.46,5288.2,HIGH PRIORITY
11,PERSONAL CARE,Cayambe,Pichincha,B,6,2611.19,373.03,522.24,1268.29,3133.43,HIGH PRIORITY
11,PET SUPPLIES,Cayambe,Pichincha,B,6,16.12,2.3,3.22,7.83,19.34,LOW PRIORITY
11,PLAYERS AND ELECTRONICS,Cayambe,Pichincha,B,6,115.41,16.49,23.08,56.06,138.5,MEDIUM PRIORITY
11,POULTRY,Cayambe,Pichincha,B,6,2863.45,409.06,572.69,1390.82,3436.13,HIGH PRIORITY
11,PREPARED FOODS,Cayambe,Pichincha,B,6,721.54,103.08,144.31,350.46,865.85,MEDIUM PRIORITY
11,PRODUCE,Cayambe,Pichincha,B,6,9837.27,1405.32,1967.45,4778.1,11804.72,HIGH PRIORITY
11,SCHOOL AND OFFICE SUPPLIES,Cayambe,Pichincha,B,6,154.64,22.09,30.93,75.11,185.57,MEDIUM PRIORITY
11,SEAFOOD,Cayambe,Pichincha,B,6,38.04,5.43,7.61,18.48,45.65,LOW PRIORITY
12,AUTOMOTIVE,Latacunga,Cotopaxi,C,15,33.99,4.86,6.8,16.51,40.79,LOW PRIORITY
12,BABY CARE,Latacunga,Cotopaxi,C,15,4.45,0.64,0.89,2.16,5.34,LOW PRIORITY
12,BEAUTY,Latacunga,Cotopaxi,C,15,17.03,2.43,3.41,8.27,20.44,LOW PRIORITY
12,BEVERAGES,Latacunga,Cotopaxi,C,15,10707.71,1529.67,2141.54,5200.89,12849.25,HIGH PRIORITY
12,BOOKS,Latacunga,Cotopaxi,C,15,4.45,0.64,0.89,2.16,5.34,LOW PRIORITY
12,BREAD/BAKERY,Latacunga,Cotopaxi,C,15,1258.15,179.74,251.63,611.1,1509.78,MEDIUM PRIORITY
12,CELEBRATION,Latacunga,Cotopaxi,C,15,110.96,15.85,22.19,53.89,133.15,MEDIUM PRIORITY
12,CLEANING,Latacunga,Cotopaxi,C,15,5219.52,745.65,1043.9,2535.19,6263.42,HIGH PRIORITY
12,DAIRY,Latacunga,Cotopaxi,C,15,2615.85,373.69,523.17,1270.55,3139.02,HIGH PRIORITY
12,DELI,Latacunga,Cotopaxi,C,15,1308.43,186.92,261.69,635.52,1570.11,MEDIUM PRIORITY
12,EGGS,Latacunga,Cotopaxi,C,15,414.22,59.17,82.84,201.19,497.06,MEDIUM PRIORITY
12,FROZEN FOODS,Latacunga,Cotopaxi,C,15,241.18,34.45,48.24,117.15,289.42,MEDIUM PRIORITY
12,GROCERY I,Latacunga,Cotopaxi,C,15,18058.85,2579.84,3611.77,8771.44,21670.62,HIGH PRIORITY
12,GROCERY II,Latacunga,Cotopaxi,C,15,42.79,6.11,8.56,20.78,51.34,LOW PRIORITY
12,HARDWARE,Latacunga,Cotopaxi,C,15,5.62,0.8,1.12,2.73,6.74,LOW PRIORITY
12,HOME AND KITCHEN I,Latacunga,Cotopaxi,C,15,84.52,12.07,16.9,41.05,101.43,LOW PRIORITY
12,HOME AND KITCHEN II,Latacunga,Cotopaxi,C,15,129.61,18.52,25.92,62.95,155.53,MEDIUM PRIORITY
12,HOME APPLIANCES,Latacunga,Cotopaxi,C,15,4.32,0.62,0.86,2.1,5.18,LOW PRIORITY
12,HOME CARE,Latacunga,Cotopaxi,C,15,1009.43,144.2,201.89,490.29,1211.31,MEDIUM PRIORITY
12,LADIESWEAR,Latacunga,Cotopaxi,C,15,39.93,5.7,7.99,19.4,47.92,LOW PRIORITY
12,LAWN AND GARDEN,Latacunga,Cotopaxi,C,15,10.84,1.55,2.17,5.26,13.01,LOW PRIORITY
12,LINGERIE,Latacunga,Cotopaxi,C,15,26.03,3.72,5.21,12.64,31.24,LOW PRIORITY
12,"LIQUOR,WINE,BEER",Latacunga,Cotopaxi,C,15,224.4,32.06,44.88,108.99,269.28,MEDIUM PRIORITY
12,MAGAZINES,Latacunga,Cotopaxi,C,15,17.4,2.49,3.48,8.45,20.88,LOW PRIORITY
12,MEATS,Latacunga,Cotopaxi,C,15,971.13,138.73,194.23,471.69,1165.36,MEDIUM PRIORITY
12,PERSONAL CARE,Latacunga,Cotopaxi,C,15,1114.48,159.21,222.9,541.32,1337.38,MEDIUM PRIORITY
12,PET SUPPLIES,Latacunga,Cotopaxi,C,15,15.75,2.25,3.15,7.65,18.9,LOW PRIORITY
12,PLAYERS AND ELECTRONICS,Latacunga,Cotopaxi,C,15,40.97,5.85,8.19,19.9,49.16,LOW PRIORITY
12,POULTRY,Latacunga,Cotopaxi,C,15,1026.4,146.63,205.28,498.54,1231.68,MEDIUM PRIORITY
12,PREPARED FOODS,Latacunga,Cotopaxi,C,15,227.12,32.45,45.42,110.32,272.55,MEDIUM PRIORITY
12,PRODUCE,Latacunga,Cotopaxi,C,15,2349.17,335.6,469.83,1141.02,2819.0,HIGH PRIORITY
12,SCHOOL AND OFFICE SUPPLIES,Latacunga,Cotopaxi,C,15,37.76,5.39,7.55,18.34,45.32,LOW PRIORITY
12,SEAFOOD,Latacunga,Cotopaxi,C,15,18.41,2.63,3.68,8.94,22.1,LOW PRIORITY
13,AUTOMOTIVE,Latacunga,Cotopaxi,C,15,26.96,3.85,5.39,13.1,32.36,LOW PRIORITY
13,BABY CARE,Latacunga,Cotopaxi,C,15,4.45,0.64,0.89,2.16,5.34,LOW PRIORITY
13,BEAUTY,Latacunga,Cotopaxi,C,15,22.56,3.22,4.51,10.96,27.07,LOW PRIORITY
13,BEVERAGES,Latacunga,Cotopaxi,C,15,10452.13,1493.16,2090.43,5076.75,12542.56,HIGH PRIORITY
13,BOOKS,Latacunga,Cotopaxi,C,15,4.45,0.64,0.89,2.16,5.34,LOW PRIORITY
13,BREAD/BAKERY,Latacunga,Cotopaxi,C,15,826.01,118.0,165.2,401.2,991.21,MEDIUM PRIORITY
13,CELEBRATION,Latacunga,Cotopaxi,C,15,40.21,5.74,8.04,19.53,48.25,LOW PRIORITY
13,CLEANING,Latacunga,Cotopaxi,C,15,4558.63,651.23,911.73,2214.19,5470.35,HIGH PRIORITY
13,DAIRY,Latacunga,Cotopaxi,C,15,1892.95,270.42,378.59,919.43,2271.54,HIGH PRIORITY
13,DELI,Latacunga,Cotopaxi,C,15,1042.15,148.88,208.43,506.19,1250.58,MEDIUM PRIORITY
13,EGGS,Latacunga,Cotopaxi,C,15,290.0,41.43,58.0,140.86,348.01,MEDIUM PRIORITY
13,FROZEN FOODS,Latacunga,Cotopaxi,C,15,201.12,28.73,40.22,97.69,241.34,MEDIUM PRIORITY
13,GROCERY I,Latacunga,Cotopaxi,C,15,18306.99,2615.28,3661.4,8891.97,21968.38,HIGH PRIORITY
13,GROCERY II,Latacunga,Cotopaxi,C,15,58.55,8.36,11.71,28.44,70.26,LOW PRIORITY
13,HARDWARE,Latacunga,Cotopaxi,C,15,5.62,0.8,1.12,2.73,6.74,LOW PRIORITY
13,HOME AND KITCHEN I,Latacunga,Cotopaxi,C,15,89.84,12.83,17.97,43.64,107.81,MEDIUM PRIORITY
13,HOME AND KITCHEN II,Latacunga,Cotopaxi,C,15,52.07,7.44,10.41,25.29,62.49,LOW PRIORITY
13,HOME APPLIANCES,Latacunga,Cotopaxi,C,15,4.32,0.62,0.86,2.1,5.18,LOW PRIORITY
13,HOME CARE,Latacunga,Cotopaxi,C,15,896.51,128.07,179.3,435.45,1075.81,MEDIUM PRIORITY
13,LADIESWEAR,Latacunga,Cotopaxi,C,15,19.9,2.84,3.98,9.67,23.89,LOW PRIORITY
13,LAWN AND GARDEN,Latacunga,Cotopaxi,C,15,10.84,1.55,2.17,5.26,13.01,LOW PRIORITY
13,LINGERIE,Latacunga,Cotopaxi,C,15,18.32,2.62,3.66,8.9,21.99,LOW PRIORITY
13,"LIQUOR,WINE,BEER",Latacunga,Cotopaxi,C,15,272.41,38.92,54.48,132.31,326.89,MEDIUM PRIORITY
13,MAGAZINES,Latacunga,Cotopaxi,C,15,11.44,1.63,2.29,5.56,13.73,LOW PRIORITY
13,MEATS,Latacunga,Cotopaxi,C,15,1001.39,143.06,200.28,486.39,1201.67,MEDIUM PRIORITY
13,PERSONAL CARE,Latacunga,Cotopaxi,C,15,1254.6,179.23,250.92,609.38,1505.52,MEDIUM PRIORITY
13,PET SUPPLIES,Latacunga,Cotopaxi,C,15,10.76,1.54,2.15,5.22,12.91,LOW PRIORITY
13,PLAYERS AND ELECTRONICS,Latacunga,Cotopaxi,C,15,30.67,4.38,6.13,14.89,36.8,LOW PRIORITY
13,POULTRY,Latacunga,Cotopaxi,C,15,664.32,94.9,132.86,322.67,797.18,MEDIUM PRIORITY
13,PREPARED FOODS,Latacunga,Cotopaxi,C,15,143.97,20.57,28.79,69.93,172.76,MEDIUM PRIORITY
13,PRODUCE,Latacunga,Cotopaxi,C,15,1335.74,190.82,267.15,648.79,1602.88,MEDIUM PRIORITY
13,SCHOOL AND OFFICE SUPPLIES,Latacunga,Cotopaxi,C,15,51.15,7.31,10.23,24.84,61.38,LOW PRIORITY
13,SEAFOOD,Latacunga,Cotopaxi,C,15,15.87,2.27,3.17,7.71,19.05,LOW PRIORITY
14,AUTOMOTIVE,Riobamba,Chimborazo,C,7,30.7,4.39,6.14,14.91,36.84,LOW PRIORITY
14,BABY CARE,Riobamba,Chimborazo,C,7,6.82,0.97,1.36,3.31,8.19,LOW PRIORITY
14,BEAUTY,Riobamba,Chimborazo,C,7,15.62,2.23,3.12,7.59,18.75,LOW PRIORITY
14,BEVERAGES,Riobamba,Chimborazo,C,7,11284.58,1612.08,2256.92,5481.08,13541.49,HIGH PRIORITY
14,BOOKS,Riobamba,Chimborazo,C,7,6.82,0.97,1.36,3.31,8.19,LOW PRIORITY
14,BREAD/BAKERY,Riobamba,Chimborazo,C,7,1109.18,158.45,221.84,538.74,1331.01,MEDIUM PRIORITY
14,CELEBRATION,Riobamba,Chimborazo,C,7,75.65,10.81,15.13,36.74,90.78,LOW PRIORITY
14,CLEANING,Riobamba,Chimborazo,C,7,5920.11,845.73,1184.02,2875.48,7104.13,HIGH PRIORITY
14,DAIRY,Riobamba,Chimborazo,C,7,2540.37,362.91,508.07,1233.9,3048.45,HIGH PRIORITY
14,DELI,Riobamba,Chimborazo,C,7,1745.23,249.32,349.05,847.68,2094.27,MEDIUM PRIORITY
14,EGGS,Riobamba,Chimborazo,C,7,231.52,33.07,46.3,112.45,277.82,MEDIUM PRIORITY
14,FROZEN FOODS,Riobamba,Chimborazo,C,7,265.41,37.92,53.08,128.92,318.5,MEDIUM PRIORITY
14,GROCERY I,Riobamba,Chimborazo,C,7,19814.0,2830.57,3962.8,9623.94,23776.8,HIGH PRIORITY
14,GROCERY II,Riobamba,Chimborazo,C,7,34.23,4.89,6.85,16.63,41.08,LOW PRIORITY
14,HARDWARE,Riobamba,Chimborazo,C,7,6.81,0.97,1.36,3.31,8.17,LOW PRIORITY
14,HOME AND KITCHEN I,Riobamba,Chimborazo,C,7,37.76,5.39,7.55,18.34,45.31,LOW PRIORITY
14,HOME AND KITCHEN II,Riobamba,Chimborazo,C,7,126.48,18.07,25.3,61.43,151.78,MEDIUM PRIORITY
14,HOME APPLIANCES,Riobamba,Chimborazo,C,7,6.66,0.95,1.33,3.24,8.0,LOW PRIORITY
14,HOME CARE,Riobamba,Chimborazo,C,7,1207.82,172.55,241.56,586.66,1449.39,MEDIUM PRIORITY
14,LADIESWEAR,Riobamba,Chimborazo,C,7,17.97,2.57,3.59,8.73,21.56,LOW PRIORITY
14,LAWN AND GARDEN,Riobamba,Chimborazo,C,7,11.86,1.69,2.37,5.76,14.23,LOW PRIORITY
14,LINGERIE,Riobamba,Chimborazo,C,7,24.51,3.5,4.9,11.9,29.41,LOW PRIORITY
14,"LIQUOR,WINE,BEER",Riobamba,Chimborazo,C,7,135.97,19.42,27.19,66.04,163.17,MEDIUM PRIORITY
14,MAGAZINES,Riobamba,Chimborazo,C,7,24.98,3.57,5.0,12.13,29.98,LOW PRIORITY
14,MEATS,Riobamba,Chimborazo,C,7,1608.82,229.83,321.76,781.43,1930.58,MEDIUM PRIORITY
14,PERSONAL CARE,Riobamba,Chimborazo,C,7,1702.53,243.22,340.51,826.94,2043.04,MEDIUM PRIORITY
14,PET SUPPLIES,Riobamba,Chimborazo,C,7,14.02,2.0,2.8,6.81,16.82,LOW PRIORITY
14,PLAYERS AND ELECTRONICS,Riobamba,Chimborazo,C,7,40.6,5.8,8.12,19.72,48.71,LOW PRIORITY
14,POULTRY,Riobamba,Chimborazo,C,7,602.12,86.02,120.42,292.46,722.54,MEDIUM PRIORITY
14,PREPARED FOODS,Riobamba,Chimborazo,C,7,661.15,94.45,132.23,321.13,793.38,MEDIUM PRIORITY
14,PRODUCE,Riobamba,Chimborazo,C,7,2698.87,385.55,539.77,1310.88,3238.64,HIGH PRIORITY
14,SCHOOL AND OFFICE SUPPLIES,Riobamba,Chimborazo,C,7,28.89,4.13,5.78,14.03,34.67,LOW PRIORITY
14,SEAFOOD,Riobamba,Chimborazo,C,7,33.48,4.78,6.7,16.26,40.18,LOW PRIORITY
15,AUTOMOTIVE,Ibarra,Imbabura,C,15,30.76,4.39,6.15,14.94,36.91,LOW PRIORITY
15,BABY CARE,Ibarra,Imbabura,C,15,9.9,1.41,1.98,4.81,11.89,LOW PRIORITY
15,BEAUTY,Ibarra,Imbabura,C,15,26.29,3.76,5.26,12.77,31.54,LOW PRIORITY
15,BEVERAGES,Ibarra,Imbabura,C,15,11532.32,1647.47,2306.46,5601.41,13838.78,HIGH PRIORITY
15,BOOKS,Ibarra,Imbabura,C,15,4.91,0.7,0.98,2.38,5.89,LOW PRIORITY
15,BREAD/BAKERY,Ibarra,Imbabura,C,15,996.1,142.3,199.22,483.82,1195.32,MEDIUM PRIORITY
15,CELEBRATION,Ibarra,Imbabura,C,15,37.29,5.33,7.46,18.11,44.75,LOW PRIORITY
15,CLEANING,Ibarra,Imbabura,C,15,5627.34,803.91,1125.47,2733.28,6752.81,HIGH PRIORITY
15,DAIRY,Ibarra,Imbabura,C,15,2172.67,310.38,434.53,1055.3,2607.21,HIGH PRIORITY
15,DELI,Ibarra,Imbabura,C,15,1712.78,244.68,342.56,831.92,2055.34,MEDIUM PRIORITY
15,EGGS,Ibarra,Imbabura,C,15,720.16,102.88,144.03,349.79,864.19,MEDIUM PRIORITY
15,FROZEN FOODS,Ibarra,Imbabura,C,15,371.44,53.06,74.29,180.41,445.73,MEDIUM PRIORITY
15,GROCERY I,Ibarra,Imbabura,C,15,17767.2,2538.17,3553.44,8629.78,21320.65,HIGH PRIORITY
15,GROCERY II,Ibarra,Imbabura,C,15,40.6,5.8,8.12,19.72,48.72,LOW PRIORITY
15,HARDWARE,Ibarra,Imbabura,C,15,10.38,1.48,2.08,5.04,12.46,LOW PRIORITY
15,HOME AND KITCHEN I,Ibarra,Imbabura,C,15,60.83,8.69,12.17,29.55,73.0,LOW PRIORITY
15,HOME AND KITCHEN II,Ibarra,Imbabura,C,15,91.73,13.1,18.35,44.56,110.08,MEDIUM PRIORITY
15,HOME APPLIANCES,Ibarra,Imbabura,C,15,4.77,0.68,0.95,2.32,5.73,LOW PRIORITY
15,HOME CARE,Ibarra,Imbabura,C,15,1327.59,189.66,265.52,644.83,1593.11,MEDIUM PRIORITY
15,LADIESWEAR,Ibarra,Imbabura,C,15,36.26,5.18,7.25,17.61,43.51,LOW PRIORITY
15,LAWN AND GARDEN,Ibarra,Imbabura,C,15,11.8,1.69,2.36,5.73,14.16,LOW PRIORITY
15,LINGERIE,Ibarra,Imbabura,C,15,31.09,4.44,6.22,15.1,37.3,LOW PRIORITY
15,"LIQUOR,WINE,BEER",Ibarra,Imbabura,C,15,133.27,19.04,26.65,64.73,159.93,MEDIUM PRIORITY
15,MAGAZINES,Ibarra,Imbabura,C,15,16.24,2.32,3.25,7.89,19.49,LOW PRIORITY
15,MEATS,Ibarra,Imbabura,C,15,869.4,124.2,173.88,422.28,1043.28,MEDIUM PRIORITY
15,PERSONAL CARE,Ibarra,Imbabura,C,15,1110.47,158.64,222.09,539.37,1332.57,MEDIUM PRIORITY
15,PET SUPPLIES,Ibarra,Imbabura,C,15,14.89,2.13,2.98,7.23,17.87,LOW PRIORITY
15,PLAYERS AND ELECTRONICS,Ibarra,Imbabura,C,15,31.52,4.5,6.3,15.31,37.83,LOW PRIORITY
15,POULTRY,Ibarra,Imbabura,C,15,759.83,108.55,151.97,369.06,911.8,MEDIUM PRIORITY
15,PREPARED FOODS,Ibarra,Imbabura,C,15,266.07,38.01,53.21,129.24,319.29,MEDIUM PRIORITY
15,PRODUCE,Ibarra,Imbabura,C,15,4157.65,593.95,831.53,2019.43,4989.18,HIGH PRIORITY
15,SCHOOL AND OFFICE SUPPLIES,Ibarra,Imbabura,C,15,41.39,5.91,8.28,20.1,49.67,LOW PRIORITY
15,SEAFOOD,Ibarra,Imbabura,C,15,25.3,3.61,5.06,12.29,30.37,LOW PRIORITY
16,AUTOMOTIVE,Santo Domingo,Santo Domingo de los Tsachilas,C,3,27.84,3.98,5.57,13.52,33.41,LOW PRIORITY
16,BABY CARE,Santo Domingo,Santo Domingo de los Tsachilas,C,3,4.86,0.69,0.97,2.36,5.84,LOW PRIORITY
16,BEAUTY,Santo Domingo,Santo Domingo de los Tsachilas,C,3,8.9,1.27,1.78,4.32,10.68,LOW PRIORITY
16,BEVERAGES,Santo Domingo,Santo Domingo de los Tsachilas,C,3,10015.73,1430.82,2003.15,4864.78,12018.88,HIGH PRIORITY
16,BOOKS,Santo Domingo,Santo Domingo de los Tsachilas,C,3,2.93,0.42,0.59,1.42,3.51,LOW PRIORITY
16,BREAD/BAKERY,Santo Domingo,Santo Domingo de los Tsachilas,C,3,1084.71,154.96,216.94,526.86,1301.66,MEDIUM PRIORITY
16,CELEBRATION,Santo Domingo,Santo Domingo de los Tsachilas,C,3,27.66,3.95,5.53,13.44,33.2,LOW PRIORITY
16,CLEANING,Santo Domingo,Santo Domingo de los Tsachilas,C,3,5294.75,756.39,1058.95,2571.74,6353.7,HIGH PRIORITY
16,DAIRY,Santo Domingo,Santo Domingo de los Tsachilas,C,3,1810.7,258.67,362.14,879.49,2172.85,MEDIUM PRIORITY
16,DELI,Santo Domingo,Santo Domingo de los Tsachilas,C,3,1062.89,151.84,212.58,516.26,1275.47,MEDIUM PRIORITY
16,EGGS,Santo Domingo,Santo Domingo de los Tsachilas,C,3,978.59,139.8,195.72,475.31,1174.3,MEDIUM PRIORITY
16,FROZEN FOODS,Santo Domingo,Santo Domingo de los Tsachilas,C,3,233.73,33.39,46.75,113.52,280.47,MEDIUM PRIORITY
16,GROCERY I,Santo Domingo,Santo Domingo de los Tsachilas,C,3,14242.51,2034.64,2848.5,6917.79,17091.01,HIGH PRIORITY
16,GROCERY II,Santo Domingo,Santo Domingo de los Tsachilas,C,3,34.27,4.9,6.85,16.65,41.12,LOW PRIORITY
16,HARDWARE,Santo Domingo,Santo Domingo de los Tsachilas,C,3,2.92,0.42,0.58,1.42,3.5,LOW PRIORITY
16,HOME AND KITCHEN I,Santo Domingo,Santo Domingo de los Tsachilas,C,3,90.88,12.98,18.18,44.14,109.06,MEDIUM PRIORITY
16,HOME AND KITCHEN II,Santo Domingo,Santo Domingo de los Tsachilas,C,3,121.57,17.37,24.31,59.05,145.88,MEDIUM PRIORITY
16,HOME APPLIANCES,Santo Domingo,Santo Domingo de los Tsachilas,C,3,2.82,0.4,0.56,1.37,3.38,LOW PRIORITY
16,HOME CARE,Santo Domingo,Santo Domingo de los Tsachilas,C,3,1079.16,154.17,215.83,524.17,1295.0,MEDIUM PRIORITY
16,LADIESWEAR,Santo Domingo,Santo Domingo de los Tsachilas,C,3,13.0,1.86,2.6,6.31,15.6,LOW PRIORITY
16,LAWN AND GARDEN,Santo Domingo,Santo Domingo de los Tsachilas,C,3,8.62,1.23,1.72,4.19,10.35,LOW PRIORITY
16,LINGERIE,Santo Domingo,Santo Domingo de los Tsachilas,C,3,19.92,2.85,3.98,9.68,23.91,LOW PRIORITY
16,"LIQUOR,WINE,BEER",Santo Domingo,Santo Domingo de los Tsachilas,C,3,175.61,25.09,35.12,85.3,210.73,MEDIUM PRIORITY
16,MAGAZINES,Santo Domingo,Santo Domingo de los Tsachilas,C,3,10.19,1.46,2.04,4.95,12.23,LOW PRIORITY
16,MEATS,Santo Domingo,Santo Domingo de los Tsachilas,C,3,340.18,48.6,68.04,165.23,408.22,MEDIUM PRIORITY
16,PERSONAL CARE,Santo Domingo,Santo Domingo de los Tsachilas,C,3,873.73,124.82,174.75,424.38,1048.48,MEDIUM PRIORITY
16,PET SUPPLIES,Santo Domingo,Santo Domingo de los Tsachilas,C,3,9.78,1.4,1.96,4.75,11.74,LOW PRIORITY
16,PLAYERS AND ELECTRONICS,Santo Domingo,Santo Domingo de los Tsachilas,C,3,16.78,2.4,3.36,8.15,20.14,LOW PRIORITY
16,POULTRY,Santo Domingo,Santo Domingo de los Tsachilas,C,3,432.46,61.78,86.49,210.05,518.95,MEDIUM PRIORITY
16,PREPARED FOODS,Santo Domingo,Santo Domingo de los Tsachilas,C,3,229.38,32.77,45.88,111.41,275.26,MEDIUM PRIORITY
16,PRODUCE,Santo Domingo,Santo Domingo de los Tsachilas,C,3,3607.41,515.34,721.48,1752.17,4328.89,HIGH PRIORITY
16,SCHOOL AND OFFICE SUPPLIES,Santo Domingo,Santo Domingo de los Tsachilas,C,3,2.75,0.39,0.55,1.33,3.3,LOW PRIORITY
16,SEAFOOD,Santo Domingo,Santo Domingo de los Tsachilas,C,3,14.67,2.1,2.93,7.13,17.61,LOW PRIORITY
17,AUTOMOTIVE,Quito,Pichincha,C,12,36.1,5.16,7.22,17.54,43.32,LOW PRIORITY
17,BABY CARE,Quito,Pichincha,C,12,4.82,0.69,0.96,2.34,5.79,LOW PRIORITY
17,BEAUTY,Quito,Pichincha,C,12,14.87,2.12,2.97,7.22,17.84,LOW PRIORITY
17,BEVERAGES,Quito,Pichincha,C,12,20670.58,2952.94,4134.12,10040.0,24804.7,HIGH PRIORITY
17,BOOKS,Quito,Pichincha,C,12,2.92,0.42,0.58,1.42,3.5,LOW PRIORITY
17,BREAD/BAKERY,Quito,Pichincha,C,12,2196.62,313.8,439.32,1066.93,2635.94,HIGH PRIORITY
17,CELEBRATION,Quito,Pichincha,C,12,34.83,4.98,6.97,16.92,41.8,LOW PRIORITY
17,CLEANING,Quito,Pichincha,C,12,7472.22,1067.46,1494.44,3629.37,8966.67,HIGH PRIORITY
17,DAIRY,Quito,Pichincha,C,12,5003.89,714.84,1000.78,2430.46,6004.67,HIGH PRIORITY
17,DELI,Quito,Pichincha,C,12,3361.16,480.17,672.23,1632.57,4033.4,HIGH PRIORITY
17,EGGS,Quito,Pichincha,C,12,1282.85,183.26,256.57,623.1,1539.42,MEDIUM PRIORITY
17,FROZEN FOODS,Quito,Pichincha,C,12,769.33,109.9,153.87,373.67,923.2,MEDIUM PRIORITY
17,GROCERY I,Quito,Pichincha,C,12,30026.65,4289.52,6005.33,14584.37,36031.98,HIGH PRIORITY
17,GROCERY II,Quito,Pichincha,C,12,86.59,12.37,17.32,42.06,103.91,LOW PRIORITY
17,HARDWARE,Quito,Pichincha,C,12,8.59,1.23,1.72,4.17,10.31,LOW PRIORITY
17,HOME AND KITCHEN I,Quito,Pichincha,C,12,179.26,25.61,35.85,87.07,215.11,MEDIUM PRIORITY
17,HOME AND KITCHEN II,Quito,Pichincha,C,12,155.62,22.23,31.12,75.59,186.75,MEDIUM PRIORITY
17,HOME APPLIANCES,Quito,Pichincha,C,12,2.81,0.4,0.56,1.37,3.37,LOW PRIORITY
17,HOME CARE,Quito,Pichincha,C,12,1924.35,274.91,384.87,934.68,2309.22,HIGH PRIORITY
17,LADIESWEAR,Quito,Pichincha,C,12,13.16,1.88,2.63,6.39,15.79,LOW PRIORITY
17,LAWN AND GARDEN,Quito,Pichincha,C,12,9.12,1.3,1.82,4.43,10.94,LOW PRIORITY
17,LINGERIE,Quito,Pichincha,C,12,38.89,5.56,7.78,18.89,46.67,LOW PRIORITY
17,"LIQUOR,WINE,BEER",Quito,Pichincha,C,12,303.22,43.32,60.64,147.28,363.87,MEDIUM PRIORITY
17,MAGAZINES,Quito,Pichincha,C,12,25.39,3.63,5.08,12.33,30.46,LOW PRIORITY
17,MEATS,Quito,Pichincha,C,12,1792.77,256.11,358.55,870.78,2151.33,MEDIUM PRIORITY
17,PERSONAL CARE,Quito,Pichincha,C,12,1839.13,262.73,367.83,893.29,2206.95,HIGH PRIORITY
17,PET SUPPLIES,Quito,Pichincha,C,12,13.54,1.93,2.71,6.58,16.25,LOW PRIORITY
17,PLAYERS AND ELECTRONICS,Quito,Pichincha,C,12,37.35,5.34,7.47,18.14,44.82,LOW PRIORITY
17,POULTRY,Quito,Pichincha,C,12,2410.1,344.3,482.02,1170.62,2892.12,HIGH PRIORITY
17,PREPARED FOODS,Quito,Pichincha,C,12,389.18,55.6,77.84,189.03,467.02,MEDIUM PRIORITY
17,PRODUCE,Quito,Pichincha,C,12,9500.33,1357.19,1900.07,4614.45,11400.39,HIGH PRIORITY
17,SCHOOL AND OFFICE SUPPLIES,Quito,Pichincha,C,12,176.9,25.27,35.38,85.92,212.28,MEDIUM PRIORITY
17,SEAFOOD,Quito,Pichincha,C,12,69.55,9.94,13.91,33.78,83.46,LOW PRIORITY
18,AUTOMOTIVE,Quito,Pichincha,B,16,22.02,3.15,4.4,10.69,26.42,LOW PRIORITY
18,BABY CARE,Quito,Pichincha,B,16,8.45,1.21,1.69,4.1,10.14,LOW PRIORITY
18,BEAUTY,Quito,Pichincha,B,16,25.01,3.57,5.0,12.15,30.01,LOW PRIORITY
18,BEVERAGES,Quito,Pichincha,B,16,14377.72,2053.96,2875.54,6983.46,17253.26,HIGH PRIORITY
18,BOOKS,Quito,Pichincha,B,16,3.41,0.49,0.68,1.66,4.09,LOW PRIORITY
18,BREAD/BAKERY,Quito,Pichincha,B,16,3716.47,530.92,743.29,1805.14,4459.76,HIGH PRIORITY
18,CELEBRATION,Quito,Pichincha,B,16,53.48,7.64,10.7,25.97,64.17,LOW PRIORITY
18,CLEANING,Quito,Pichincha,B,16,3988.3,569.76,797.66,1937.17,4785.96,HIGH PRIORITY
18,DAIRY,Quito,Pichincha,B,16,3845.42,549.35,769.08,1867.78,4614.5,HIGH PRIORITY
18,DELI,Quito,Pichincha,B,16,1339.24,191.32,267.85,650.49,1607.08,MEDIUM PRIORITY
18,EGGS,Quito,Pichincha,B,16,1197.05,171.01,239.41,581.42,1436.45,MEDIUM PRIORITY
18,FROZEN FOODS,Quito,Pichincha,B,16,368.28,52.61,73.66,178.88,441.93,MEDIUM PRIORITY
18,GROCERY I,Quito,Pichincha,B,16,18673.0,2667.57,3734.6,9069.74,22407.6,HIGH PRIORITY
18,GROCERY II,Quito,Pichincha,B,16,66.24,9.46,13.25,32.17,79.49,LOW PRIORITY
18,HARDWARE,Quito,Pichincha,B,16,8.59,1.23,1.72,4.17,10.31,LOW PRIORITY
18,HOME AND KITCHEN I,Quito,Pichincha,B,16,157.87,22.55,31.57,76.68,189.44,MEDIUM PRIORITY
18,HOME AND KITCHEN II,Quito,Pichincha,B,16,156.84,22.41,31.37,76.18,188.2,MEDIUM PRIORITY
18,HOME APPLIANCES,Quito,Pichincha,B,16,3.3,0.47,0.66,1.61,3.97,LOW PRIORITY
18,HOME CARE,Quito,Pichincha,B,16,1300.34,185.76,260.07,631.59,1560.41,MEDIUM PRIORITY
18,LADIESWEAR,Quito,Pichincha,B,16,45.43,6.49,9.09,22.06,54.51,LOW PRIORITY
18,LAWN AND GARDEN,Quito,Pichincha,B,16,12.17,1.74,2.43,5.91,14.6,LOW PRIORITY
18,LINGERIE,Quito,Pichincha,B,16,28.22,4.03,5.64,13.71,33.86,LOW PRIORITY
18,"LIQUOR,WINE,BEER",Quito,Pichincha,B,16,374.08,53.44,74.82,181.7,448.9,MEDIUM PRIORITY
18,MAGAZINES,Quito,Pichincha,B,16,16.49,2.36,3.3,8.01,19.79,LOW PRIORITY
18,MEATS,Quito,Pichincha,B,16,666.69,95.24,133.34,323.82,800.03,MEDIUM PRIORITY
18,PERSONAL CARE,Quito,Pichincha,B,16,1055.25,150.75,211.05,512.55,1266.3,MEDIUM PRIORITY
18,PET SUPPLIES,Quito,Pichincha,B,16,17.43,2.49,3.49,8.46,20.91,LOW PRIORITY
18,PLAYERS AND ELECTRONICS,Quito,Pichincha,B,16,37.58,5.37,7.52,18.25,45.09,LOW PRIORITY
18,POULTRY,Quito,Pichincha,B,16,1128.42,161.2,225.68,548.09,1354.11,MEDIUM PRIORITY
18,PREPARED FOODS,Quito,Pichincha,B,16,363.51,51.93,72.7,176.56,436.21,MEDIUM PRIORITY
18,PRODUCE,Quito,Pichincha,B,16,11416.36,1630.91,2283.27,5545.09,13699.64,HIGH PRIORITY
18,SCHOOL AND OFFICE SUPPLIES,Quito,Pichincha,B,16,280.31,40.04,56.06,136.15,336.37,MEDIUM PRIORITY
18,SEAFOOD,Quito,Pichincha,B,16,89.52,12.79,17.9,43.48,107.42,MEDIUM PRIORITY
19,AUTOMOTIVE,Guaranda,Bolivar,C,15,32.12,4.59,6.42,15.6,38.54,LOW PRIORITY
19,BABY CARE,Guaranda,Bolivar,C,15,5.45,0.78,1.09,2.65,6.54,LOW PRIORITY
19,BEAUTY,Guaranda,Bolivar,C,15,17.62,2.52,3.52,8.56,21.15,LOW PRIORITY
19,BEVERAGES,Guaranda,Bolivar,C,15,17680.04,2525.72,3536.01,8587.45,21216.05,HIGH PRIORITY
19,BOOKS,Guaranda,Bolivar,C,15,3.99,0.57,0.8,1.94,4.79,LOW PRIORITY
19,BREAD/BAKERY,Guaranda,Bolivar,C,15,1213.81,173.4,242.76,589.57,1456.58,MEDIUM PRIORITY
19,CELEBRATION,Guaranda,Bolivar,C,15,35.6,5.09,7.12,17.29,42.72,LOW PRIORITY
19,CLEANING,Guaranda,Bolivar,C,15,5882.76,840.39,1176.55,2857.34,7059.31,HIGH PRIORITY
19,DAIRY,Guaranda,Bolivar,C,15,2285.73,326.53,457.15,1110.21,2742.87,HIGH PRIORITY
19,DELI,Guaranda,Bolivar,C,15,1994.58,284.94,398.92,968.8,2393.5,HIGH PRIORITY
19,EGGS,Guaranda,Bolivar,C,15,378.92,54.13,75.78,184.05,454.71,MEDIUM PRIORITY
19,FROZEN FOODS,Guaranda,Bolivar,C,15,260.94,37.28,52.19,126.74,313.12,MEDIUM PRIORITY
19,GROCERY I,Guaranda,Bolivar,C,15,22082.78,3154.68,4416.56,10725.92,26499.34,HIGH PRIORITY
19,GROCERY II,Guaranda,Bolivar,C,15,84.19,12.03,16.84,40.89,101.03,LOW PRIORITY
19,HARDWARE,Guaranda,Bolivar,C,15,8.29,1.18,1.66,4.03,9.95,LOW PRIORITY
19,HOME AND KITCHEN I,Guaranda,Bolivar,C,15,72.59,10.37,14.52,35.26,87.11,LOW PRIORITY
19,HOME AND KITCHEN II,Guaranda,Bolivar,C,15,103.62,14.8,20.72,50.33,124.34,MEDIUM PRIORITY
19,HOME APPLIANCES,Guaranda,Bolivar,C,15,4.77,0.68,0.95,2.31,5.72,LOW PRIORITY
19,HOME CARE,Guaranda,Bolivar,C,15,1177.57,168.22,235.51,571.96,1413.08,MEDIUM PRIORITY
19,LADIESWEAR,Guaranda,Bolivar,C,15,53.74,7.68,10.75,26.1,64.49,LOW PRIORITY
19,LAWN AND GARDEN,Guaranda,Bolivar,C,15,9.64,1.38,1.93,4.68,11.57,LOW PRIORITY
19,LINGERIE,Guaranda,Bolivar,C,15,30.24,4.32,6.05,14.69,36.29,LOW PRIORITY
19,"LIQUOR,WINE,BEER",Guaranda,Bolivar,C,15,266.88,38.13,53.38,129.63,320.26,MEDIUM PRIORITY
19,MAGAZINES,Guaranda,Bolivar,C,15,25.24,3.61,5.05,12.26,30.29,LOW PRIORITY
19,MEATS,Guaranda,Bolivar,C,15,945.5,135.07,189.1,459.25,1134.61,MEDIUM PRIORITY
19,PERSONAL CARE,Guaranda,Bolivar,C,15,1240.49,177.21,248.1,602.52,1488.59,MEDIUM PRIORITY
19,PET SUPPLIES,Guaranda,Bolivar,C,15,13.51,1.93,2.7,6.56,16.22,LOW PRIORITY
19,PLAYERS AND ELECTRONICS,Guaranda,Bolivar,C,15,33.35,4.76,6.67,16.2,40.02,LOW PRIORITY
19,POULTRY,Guaranda,Bolivar,C,15,881.97,126.0,176.39,428.39,1058.36,MEDIUM PRIORITY
19,PREPARED FOODS,Guaranda,Bolivar,C,15,177.61,25.37,35.52,86.27,213.13,MEDIUM PRIORITY
19,PRODUCE,Guaranda,Bolivar,C,15,3073.34,439.05,614.67,1492.77,3688.01,HIGH PRIORITY
19,SCHOOL AND OFFICE SUPPLIES,Guaranda,Bolivar,C,15,42.41,6.06,8.48,20.6,50.89,LOW PRIORITY
19,SEAFOOD,Guaranda,Bolivar,C,15,35.45,5.06,7.09,17.22,42.54,LOW PRIORITY
20,AUTOMOTIVE,Quito,Pichincha,B,6,49.33,7.05,9.87,23.96,59.19,LOW PRIORITY
20,BABY CARE,Quito,Pichincha,B,6,7.27,1.04,1.45,3.53,8.72,LOW PRIORITY
20,BEAUTY,Quito,Pichincha,B,6,20.49,2.93,4.1,9.95,24.59,LOW PRIORITY
20,BEVERAGES,Quito,Pichincha,B,6,29349.58,4192.8,5869.92,14255.51,35219.5,HIGH PRIORITY
20,BOOKS,Quito,Pichincha,B,6,6.47,0.92,1.29,3.14,7.76,LOW PRIORITY
20,BREAD/BAKERY,Quito,Pichincha,B,6,3489.56,498.51,697.91,1694.93,4187.48,HIGH PRIORITY
20,CELEBRATION,Quito,Pichincha,B,6,37.12,5.3,7.42,18.03,44.54,LOW PRIORITY
20,CLEANING,Quito,Pichincha,B,6,8779.78,1254.25,1755.96,4264.46,10535.73,HIGH PRIORITY
20,DAIRY,Quito,Pichincha,B,6,5242.29,748.9,1048.46,2546.26,6290.75,HIGH PRIORITY
20,DELI,Quito,Pichincha,B,6,4630.62,661.52,926.12,2249.16,5556.75,HIGH PRIORITY
20,EGGS,Quito,Pichincha,B,6,756.92,108.13,151.38,367.65,908.31,MEDIUM PRIORITY
20,FROZEN FOODS,Quito,Pichincha,B,6,653.84,93.41,130.77,317.58,784.61,MEDIUM PRIORITY
20,GROCERY I,Quito,Pichincha,B,6,39614.79,5659.26,7922.96,19241.47,47537.75,HIGH PRIORITY
20,GROCERY II,Quito,Pichincha,B,6,78.8,11.26,15.76,38.27,94.56,LOW PRIORITY
20,HARDWARE,Quito,Pichincha,B,6,8.06,1.15,1.61,3.91,9.67,LOW PRIORITY
20,HOME AND KITCHEN I,Quito,Pichincha,B,6,119.33,17.05,23.87,57.96,143.19,MEDIUM PRIORITY
20,HOME AND KITCHEN II,Quito,Pichincha,B,6,114.37,16.34,22.87,55.55,137.24,MEDIUM PRIORITY
20,HOME APPLIANCES,Quito,Pichincha,B,6,6.34,0.91,1.27,3.08,7.6,LOW PRIORITY
20,HOME CARE,Quito,Pichincha,B,6,2312.78,330.4,462.56,1123.35,2775.33,HIGH PRIORITY
20,LADIESWEAR,Quito,Pichincha,B,6,22.11,3.16,4.42,10.74,26.53,LOW PRIORITY
20,LAWN AND GARDEN,Quito,Pichincha,B,6,37.26,5.32,7.45,18.1,44.71,LOW PRIORITY
20,LINGERIE,Quito,Pichincha,B,6,34.83,4.98,6.97,16.92,41.79,LOW PRIORITY
20,"LIQUOR,WINE,BEER",Quito,Pichincha,B,6,343.21,49.03,68.64,166.7,411.85,MEDIUM PRIORITY
20,MAGAZINES,Quito,Pichincha,B,6,18.26,2.61,3.65,8.87,21.91,LOW PRIORITY
20,MEATS,Quito,Pichincha,B,6,2515.39,359.34,503.08,1221.76,3018.47,HIGH PRIORITY
20,PERSONAL CARE,Quito,Pichincha,B,6,2583.8,369.11,516.76,1254.99,3100.56,HIGH PRIORITY
20,PET SUPPLIES,Quito,Pichincha,B,6,18.29,2.61,3.66,8.88,21.95,LOW PRIORITY
20,PLAYERS AND ELECTRONICS,Quito,Pichincha,B,6,43.92,6.27,8.78,21.33,52.7,LOW PRIORITY
20,POULTRY,Quito,Pichincha,B,6,2358.58,336.94,471.72,1145.6,2830.3,HIGH PRIORITY
20,PREPARED FOODS,Quito,Pichincha,B,6,498.2,71.17,99.64,241.98,597.83,MEDIUM PRIORITY
20,PRODUCE,Quito,Pichincha,B,6,7229.65,1032.81,1445.93,3511.54,8675.58,HIGH PRIORITY
20,SCHOOL AND OFFICE SUPPLIES,Quito,Pichincha,B,6,539.25,77.04,107.85,261.92,647.1,MEDIUM PRIORITY
20,SEAFOOD,Quito,Pichincha,B,6,70.18,10.03,14.04,34.09,84.22,LOW PRIORITY
21,AUTOMOTIVE,Santo Domingo,Santo Domingo de los Tsachilas,B,6,65.59,9.37,13.12,31.86,78.7,LOW PRIORITY
21,BABY CARE,Santo Domingo,Santo Domingo de los Tsachilas,B,6,6.8,0.97,1.36,3.3,8.16,LOW PRIORITY
21,BEAUTY,Santo Domingo,Santo Domingo de los Tsachilas,B,6,25.79,3.68,5.16,12.52,30.94,LOW PRIORITY
21,BEVERAGES,Santo Domingo,Santo Domingo de los Tsachilas,B,6,21436.07,3062.3,4287.21,10411.81,25723.29,HIGH PRIORITY
21,BOOKS,Santo Domingo,Santo Domingo de los Tsachilas,B,6,3.79,0.54,0.76,1.84,4.55,LOW PRIORITY
21,BREAD/BAKERY,Santo Domingo,Santo Domingo de los Tsachilas,B,6,3105.49,443.64,621.1,1508.38,3726.58,HIGH PRIORITY
21,CELEBRATION,Santo Domingo,Santo Domingo de los Tsachilas,B,6,42.41,6.06,8.48,20.6,50.89,LOW PRIORITY
21,CLEANING,Santo Domingo,Santo Domingo de los Tsachilas,B,6,8124.72,1160.67,1624.94,3946.29,9749.67,HIGH PRIORITY
21,DAIRY,Santo Domingo,Santo Domingo de los Tsachilas,B,6,4299.67,614.24,859.93,2088.41,5159.6,HIGH PRIORITY
21,DELI,Santo Domingo,Santo Domingo de los Tsachilas,B,6,2164.65,309.24,432.93,1051.4,2597.58,HIGH PRIORITY
21,EGGS,Santo Domingo,Santo Domingo de los Tsachilas,B,6,1994.56,284.94,398.91,968.79,2393.48,HIGH PRIORITY
21,FROZEN FOODS,Santo Domingo,Santo Domingo de los Tsachilas,B,6,663.34,94.76,132.67,322.19,796.01,MEDIUM PRIORITY
21,GROCERY I,Santo Domingo,Santo Domingo de los Tsachilas,B,6,27596.59,3942.37,5519.32,13404.06,33115.91,HIGH PRIORITY
21,GROCERY II,Santo Domingo,Santo Domingo de los Tsachilas,B,6,82.4,11.77,16.48,40.02,98.88,LOW PRIORITY
21,HARDWARE,Santo Domingo,Santo Domingo de los Tsachilas,B,6,5.87,0.84,1.17,2.85,7.05,LOW PRIORITY
21,HOME AND KITCHEN I,Santo Domingo,Santo Domingo de los Tsachilas,B,6,254.9,36.41,50.98,123.81,305.88,MEDIUM PRIORITY
21,HOME AND KITCHEN II,Santo Domingo,Santo Domingo de los Tsachilas,B,6,206.59,29.51,41.32,100.34,247.91,MEDIUM PRIORITY
21,HOME APPLIANCES,Santo Domingo,Santo Domingo de los Tsachilas,B,6,3.69,0.53,0.74,1.79,4.42,LOW PRIORITY
21,HOME CARE,Santo Domingo,Santo Domingo de los Tsachilas,B,6,2179.06,311.29,435.81,1058.4,2614.87,HIGH PRIORITY
21,LADIESWEAR,Santo Domingo,Santo Domingo de los Tsachilas,B,6,35.69,5.1,7.14,17.33,42.82,LOW PRIORITY
21,LAWN AND GARDEN,Santo Domingo,Santo Domingo de los Tsachilas,B,6,18.67,2.67,3.73,9.07,22.4,LOW PRIORITY
21,LINGERIE,Santo Domingo,Santo Domingo de los Tsachilas,B,6,45.17,6.45,9.03,21.94,54.21,LOW PRIORITY
21,"LIQUOR,WINE,BEER",Santo Domingo,Santo Domingo de los Tsachilas,B,6,646.05,92.29,129.21,313.8,775.26,MEDIUM PRIORITY
21,MAGAZINES,Santo Domingo,Santo Domingo de los Tsachilas,B,6,17.33,2.48,3.47,8.42,20.8,LOW PRIORITY
21,MEATS,Santo Domingo,Santo Domingo de los Tsachilas,B,6,807.6,115.37,161.52,392.26,969.12,MEDIUM PRIORITY
21,PERSONAL CARE,Santo Domingo,Santo Domingo de los Tsachilas,B,6,1923.46,274.78,384.69,934.25,2308.15,HIGH PRIORITY
21,PET SUPPLIES,Santo Domingo,Santo Domingo de los Tsachilas,B,6,16.67,2.38,3.33,8.1,20.01,LOW PRIORITY
21,PLAYERS AND ELECTRONICS,Santo Domingo,Santo Domingo de los Tsachilas,B,6,40.62,5.8,8.12,19.73,48.75,LOW PRIORITY
21,POULTRY,Santo Domingo,Santo Domingo de los Tsachilas,B,6,1143.78,163.4,228.76,555.55,1372.54,MEDIUM PRIORITY
21,PREPARED FOODS,Santo Domingo,Santo Domingo de los Tsachilas,B,6,1069.61,152.8,213.92,519.52,1283.53,MEDIUM PRIORITY
21,PRODUCE,Santo Domingo,Santo Domingo de los Tsachilas,B,6,9229.39,1318.48,1845.88,4482.84,11075.26,HIGH PRIORITY
21,SCHOOL AND OFFICE SUPPLIES,Santo Domingo,Santo Domingo de los Tsachilas,B,6,3.61,0.52,0.72,1.76,4.34,LOW PRIORITY
21,SEAFOOD,Santo Domingo,Santo Domingo de los Tsachilas,B,6,28.05,4.01,5.61,13.63,33.66,LOW PRIORITY
22,AUTOMOTIVE,Puyo,Pastaza,C,7,23.19,3.31,4.64,11.26,27.83,LOW PRIORITY
22,BABY CARE,Puyo,Pastaza,C,7,2.46,0.35,0.49,1.2,2.95,LOW PRIORITY
22,BEAUTY,Puyo,Pastaza,C,7,16.63,2.38,3.33,8.08,19.95,LOW PRIORITY
22,BEVERAGES,Puyo,Pastaza,C,7,12604.09,1800.58,2520.82,6121.99,15124.91,HIGH PRIORITY
22,BOOKS,Puyo,Pastaza,C,7,2.46,0.35,0.49,1.2,2.95,LOW PRIORITY
22,BREAD/BAKERY,Puyo,Pastaza,C,7,920.03,131.43,184.01,446.87,1104.03,MEDIUM PRIORITY
22,CELEBRATION,Puyo,Pastaza,C,7,30.42,4.35,6.08,14.77,36.5,LOW PRIORITY
22,CLEANING,Puyo,Pastaza,C,7,4546.83,649.55,909.37,2208.46,5456.19,HIGH PRIORITY
22,DAIRY,Puyo,Pastaza,C,7,2156.17,308.02,431.23,1047.28,2587.4,HIGH PRIORITY
22,DELI,Puyo,Pastaza,C,7,930.07,132.87,186.01,451.75,1116.09,MEDIUM PRIORITY
22,EGGS,Puyo,Pastaza,C,7,335.28,47.9,67.06,162.85,402.34,MEDIUM PRIORITY
22,FROZEN FOODS,Puyo,Pastaza,C,7,434.63,62.09,86.93,211.1,521.55,MEDIUM PRIORITY
22,GROCERY I,Puyo,Pastaza,C,7,16605.01,2372.14,3321.0,8065.29,19926.01,HIGH PRIORITY
22,GROCERY II,Puyo,Pastaza,C,7,36.79,5.26,7.36,17.87,44.15,LOW PRIORITY
22,HARDWARE,Puyo,Pastaza,C,7,5.02,0.72,1.0,2.44,6.02,LOW PRIORITY
22,HOME AND KITCHEN I,Puyo,Pastaza,C,7,158.52,22.65,31.7,76.99,190.22,MEDIUM PRIORITY
22,HOME AND KITCHEN II,Puyo,Pastaza,C,7,123.85,17.69,24.77,60.16,148.62,MEDIUM PRIORITY
22,HOME APPLIANCES,Puyo,Pastaza,C,7,2.36,0.34,0.47,1.14,2.83,LOW PRIORITY
22,HOME CARE,Puyo,Pastaza,C,7,1090.55,155.79,218.11,529.69,1308.66,MEDIUM PRIORITY
22,LADIESWEAR,Puyo,Pastaza,C,7,14.32,2.05,2.86,6.96,17.18,LOW PRIORITY
22,LAWN AND GARDEN,Puyo,Pastaza,C,7,8.16,1.17,1.63,3.96,9.79,LOW PRIORITY
22,LINGERIE,Puyo,Pastaza,C,7,31.89,4.56,6.38,15.49,38.26,LOW PRIORITY
22,"LIQUOR,WINE,BEER",Puyo,Pastaza,C,7,907.5,129.64,181.5,440.78,1088.99,MEDIUM PRIORITY
22,MAGAZINES,Puyo,Pastaza,C,7,20.8,2.97,4.16,10.1,24.97,LOW PRIORITY
22,MEATS,Puyo,Pastaza,C,7,767.52,109.65,153.5,372.79,921.02,MEDIUM PRIORITY
22,PERSONAL CARE,Puyo,Pastaza,C,7,969.94,138.56,193.99,471.11,1163.93,MEDIUM PRIORITY
22,PET SUPPLIES,Puyo,Pastaza,C,7,9.14,1.31,1.83,4.44,10.97,LOW PRIORITY
22,PLAYERS AND ELECTRONICS,Puyo,Pastaza,C,7,29.56,4.22,5.91,14.36,35.47,LOW PRIORITY
22,POULTRY,Puyo,Pastaza,C,7,1043.4,149.06,208.68,506.8,1252.08,MEDIUM PRIORITY
22,PREPARED FOODS,Puyo,Pastaza,C,7,194.93,27.85,38.99,94.68,233.92,MEDIUM PRIORITY
22,PRODUCE,Puyo,Pastaza,C,7,3132.21,447.46,626.44,1521.36,3758.65,HIGH PRIORITY
22,SCHOOL AND OFFICE SUPPLIES,Puyo,Pastaza,C,7,31.66,4.52,6.33,15.38,38.0,LOW PRIORITY
22,SEAFOOD,Puyo,Pastaza,C,7,15.21,2.17,3.04,7.39,18.25,LOW PRIORITY
23,AUTOMOTIVE,Ambato,Tungurahua,D,9,23.07,3.3,4.61,11.21,27.69,LOW PRIORITY
23,BABY CARE,Ambato,Tungurahua,D,9,10.2,1.46,2.04,4.95,12.23,LOW PRIORITY
23,BEAUTY,Ambato,Tungurahua,D,9,23.35,3.34,4.67,11.34,28.02,LOW PRIORITY
23,BEVERAGES,Ambato,Tungurahua,D,9,9587.44,1369.63,1917.49,4656.76,11504.93,HIGH PRIORITY
23,BOOKS,Ambato,Tungurahua,D,9,11.08,1.58,2.22,5.38,13.3,LOW PRIORITY
23,BREAD/BAKERY,Ambato,Tungurahua,D,9,1799.51,257.07,359.9,874.05,2159.41,MEDIUM PRIORITY
23,CELEBRATION,Ambato,Tungurahua,D,9,53.02,7.57,10.6,25.75,63.62,LOW PRIORITY
23,CLEANING,Ambato,Tungurahua,D,9,3549.47,507.07,709.89,1724.03,4259.36,HIGH PRIORITY
23,DAIRY,Ambato,Tungurahua,D,9,3295.35,470.76,659.07,1600.6,3954.42,HIGH PRIORITY
23,DELI,Ambato,Tungurahua,D,9,823.31,117.62,164.66,399.89,987.97,MEDIUM PRIORITY
23,EGGS,Ambato,Tungurahua,D,9,297.67,42.52,59.53,144.58,357.21,MEDIUM PRIORITY
23,FROZEN FOODS,Ambato,Tungurahua,D,9,469.71,67.1,93.94,228.14,563.65,MEDIUM PRIORITY
23,GROCERY I,Ambato,Tungurahua,D,9,14209.37,2029.91,2841.87,6901.69,17051.24,HIGH PRIORITY
23,GROCERY II,Ambato,Tungurahua,D,9,163.77,23.4,32.75,79.55,196.53,MEDIUM PRIORITY
23,HARDWARE,Ambato,Tungurahua,D,9,11.4,1.63,2.28,5.54,13.68,LOW PRIORITY
23,HOME AND KITCHEN I,Ambato,Tungurahua,D,9,74.49,10.64,14.9,36.18,89.38,LOW PRIORITY
23,HOME AND KITCHEN II,Ambato,Tungurahua,D,9,127.41,18.2,25.48,61.89,152.9,MEDIUM PRIORITY
23,HOME APPLIANCES,Ambato,Tungurahua,D,9,10.69,1.53,2.14,5.19,12.83,LOW PRIORITY
23,HOME CARE,Ambato,Tungurahua,D,9,860.94,122.99,172.19,418.17,1033.13,MEDIUM PRIORITY
23,LADIESWEAR,Ambato,Tungurahua,D,9,105.58,15.08,21.12,51.28,126.7,MEDIUM PRIORITY
23,LAWN AND GARDEN,Ambato,Tungurahua,D,9,22.07,3.15,4.41,10.72,26.49,LOW PRIORITY
23,LINGERIE,Ambato,Tungurahua,D,9,26.77,3.82,5.35,13.0,32.12,LOW PRIORITY
23,"LIQUOR,WINE,BEER",Ambato,Tungurahua,D,9,402.99,57.57,80.6,195.74,483.59,MEDIUM PRIORITY
23,MAGAZINES,Ambato,Tungurahua,D,9,36.76,5.25,7.35,17.85,44.11,LOW PRIORITY
23,MEATS,Ambato,Tungurahua,D,9,4513.48,644.78,902.7,2192.26,5416.18,HIGH PRIORITY
23,PERSONAL CARE,Ambato,Tungurahua,D,9,955.04,136.43,191.01,463.88,1146.05,MEDIUM PRIORITY
23,PET SUPPLIES,Ambato,Tungurahua,D,9,32.84,4.69,6.57,15.95,39.4,LOW PRIORITY
23,PLAYERS AND ELECTRONICS,Ambato,Tungurahua,D,9,39.4,5.63,7.88,19.14,47.28,LOW PRIORITY
23,POULTRY,Ambato,Tungurahua,D,9,2183.18,311.88,436.64,1060.4,2619.81,HIGH PRIORITY
23,PREPARED FOODS,Ambato,Tungurahua,D,9,188.05,26.86,37.61,91.34,225.66,MEDIUM PRIORITY
23,PRODUCE,Ambato,Tungurahua,D,9,8175.84,1167.98,1635.17,3971.12,9811.01,HIGH PRIORITY
23,SCHOOL AND OFFICE SUPPLIES,Ambato,Tungurahua,D,9,9.34,1.33,1.87,4.54,11.21,LOW PRIORITY
23,SEAFOOD,Ambato,Tungurahua,D,9,40.3,5.76,8.06,19.58,48.36,LOW PRIORITY
24,AUTOMOTIVE,Guayaquil,Guayas,D,1,25.61,3.66,5.12,12.44,30.73,LOW PRIORITY
24,BABY CARE,Guayaquil,Guayas,D,1,11.57,1.65,2.31,5.62,13.88,LOW PRIORITY
24,BEAUTY,Guayaquil,Guayas,D,1,24.91,3.56,4.98,12.1,29.9,LOW PRIORITY
24,BEVERAGES,Guayaquil,Guayas,D,1,23828.06,3404.01,4765.61,11573.63,28593.67,HIGH PRIORITY
24,BOOKS,Guayaquil,Guayas,D,1,11.57,1.65,2.31,5.62,13.88,LOW PRIORITY
24,BREAD/BAKERY,Guayaquil,Guayas,D,1,5027.92,718.27,1005.58,2442.13,6033.5,HIGH PRIORITY
24,CELEBRATION,Guayaquil,Guayas,D,1,89.27,12.75,17.85,43.36,107.12,MEDIUM PRIORITY
24,CLEANING,Guayaquil,Guayas,D,1,7338.82,1048.4,1467.76,3564.57,8806.59,HIGH PRIORITY
24,DAIRY,Guayaquil,Guayas,D,1,8671.12,1238.73,1734.22,4211.68,10405.34,HIGH PRIORITY
24,DELI,Guayaquil,Guayas,D,1,1857.27,265.32,371.45,902.1,2228.72,HIGH PRIORITY
24,EGGS,Guayaquil,Guayas,D,1,1528.01,218.29,305.6,742.18,1833.62,MEDIUM PRIORITY
24,FROZEN FOODS,Guayaquil,Guayas,D,1,1106.15,158.02,221.23,537.27,1327.38,MEDIUM PRIORITY
24,GROCERY I,Guayaquil,Guayas,D,1,26524.43,3789.2,5304.89,12883.29,31829.31,HIGH PRIORITY
24,GROCERY II,Guayaquil,Guayas,D,1,262.96,37.57,52.59,127.72,315.55,MEDIUM PRIORITY
24,HARDWARE,Guayaquil,Guayas,D,1,16.7,2.39,3.34,8.11,20.04,LOW PRIORITY
24,HOME AND KITCHEN I,Guayaquil,Guayas,D,1,130.69,18.67,26.14,63.48,156.83,MEDIUM PRIORITY
24,HOME AND KITCHEN II,Guayaquil,Guayas,D,1,186.43,26.63,37.29,90.55,223.72,MEDIUM PRIORITY
24,HOME APPLIANCES,Guayaquil,Guayas,D,1,11.26,1.61,2.25,5.47,13.51,LOW PRIORITY
24,HOME CARE,Guayaquil,Guayas,D,1,1734.89,247.84,346.98,842.66,2081.87,MEDIUM PRIORITY
24,LADIESWEAR,Guayaquil,Guayas,D,1,52.11,7.44,10.42,25.31,62.53,LOW PRIORITY
24,LAWN AND GARDEN,Guayaquil,Guayas,D,1,215.4,30.77,43.08,104.62,258.48,MEDIUM PRIORITY
24,LINGERIE,Guayaquil,Guayas,D,1,60.95,8.71,12.19,29.6,73.13,LOW PRIORITY
24,"LIQUOR,WINE,BEER",Guayaquil,Guayas,D,1,608.94,86.99,121.79,295.77,730.73,MEDIUM PRIORITY
24,MAGAZINES,Guayaquil,Guayas,D,1,79.95,11.42,15.99,38.83,95.94,LOW PRIORITY
24,MEATS,Guayaquil,Guayas,D,1,2783.45,397.64,556.69,1351.96,3340.14,HIGH PRIORITY
24,PERSONAL CARE,Guayaquil,Guayas,D,1,1808.89,258.41,361.78,878.6,2170.67,MEDIUM PRIORITY
24,PET SUPPLIES,Guayaquil,Guayas,D,1,112.81,16.12,22.56,54.79,135.37,MEDIUM PRIORITY
24,PLAYERS AND ELECTRONICS,Guayaquil,Guayas,D,1,58.13,8.3,11.63,28.23,69.76,LOW PRIORITY
24,POULTRY,Guayaquil,Guayas,D,1,3512.44,501.78,702.49,1706.04,4214.92,HIGH PRIORITY
24,PREPARED FOODS,Guayaquil,Guayas,D,1,780.13,111.45,156.03,378.92,936.15,MEDIUM PRIORITY
24,PRODUCE,Guayaquil,Guayas,D,1,24438.55,3491.22,4887.71,11870.15,29326.26,HIGH PRIORITY
24,SCHOOL AND OFFICE SUPPLIES,Guayaquil,Guayas,D,1,11.13,1.59,2.23,5.41,13.36,LOW PRIORITY
24,SEAFOOD,Guayaquil,Guayas,D,1,169.52,24.22,33.9,82.34,203.42,MEDIUM PRIORITY
25,AUTOMOTIVE,Salinas,Santa Elena,D,1,33.6,4.8,6.72,16.32,40.32,LOW PRIORITY
25,BABY CARE,Salinas,Santa Elena,D,1,8.37,1.2,1.67,4.06,10.04,LOW PRIORITY
25,BEAUTY,Salinas,Santa Elena,D,1,27.28,3.9,5.46,13.25,32.74,LOW PRIORITY
25,BEVERAGES,Salinas,Santa Elena,D,1,13284.08,1897.73,2656.82,6452.27,15940.89,HIGH PRIORITY
25,BOOKS,Salinas,Santa Elena,D,1,8.37,1.2,1.67,4.06,10.04,LOW PRIORITY
25,BREAD/BAKERY,Salinas,Santa Elena,D,1,2973.43,424.78,594.69,1444.24,3568.11,HIGH PRIORITY
25,CELEBRATION,Salinas,Santa Elena,D,1,61.2,8.74,12.24,29.72,73.44,LOW PRIORITY
25,CLEANING,Salinas,Santa Elena,D,1,3221.48,460.21,644.3,1564.72,3865.77,HIGH PRIORITY
25,DAIRY,Salinas,Santa Elena,D,1,4252.4,607.49,850.48,2065.45,5102.88,HIGH PRIORITY
25,DELI,Salinas,Santa Elena,D,1,1142.62,163.23,228.52,554.99,1371.14,MEDIUM PRIORITY
25,EGGS,Salinas,Santa Elena,D,1,1001.52,143.07,200.3,486.45,1201.83,MEDIUM PRIORITY
25,FROZEN FOODS,Salinas,Santa Elena,D,1,975.88,139.41,195.18,474.0,1171.06,MEDIUM PRIORITY
25,GROCERY I,Salinas,Santa Elena,D,1,12974.17,1853.45,2594.83,6301.74,15569.0,HIGH PRIORITY
25,GROCERY II,Salinas,Santa Elena,D,1,174.11,24.87,34.82,84.57,208.93,MEDIUM PRIORITY
25,HARDWARE,Salinas,Santa Elena,D,1,15.51,2.22,3.1,7.53,18.61,LOW PRIORITY
25,HOME AND KITCHEN I,Salinas,Santa Elena,D,1,175.05,25.01,35.01,85.02,210.06,MEDIUM PRIORITY
25,HOME AND KITCHEN II,Salinas,Santa Elena,D,1,78.33,11.19,15.67,38.05,94.0,LOW PRIORITY
25,HOME APPLIANCES,Salinas,Santa Elena,D,1,8.18,1.17,1.64,3.97,9.82,LOW PRIORITY
25,HOME CARE,Salinas,Santa Elena,D,1,808.61,115.52,161.72,392.75,970.33,MEDIUM PRIORITY
25,LADIESWEAR,Salinas,Santa Elena,D,1,13.74,1.96,2.75,6.67,16.49,LOW PRIORITY
25,LAWN AND GARDEN,Salinas,Santa Elena,D,1,165.92,23.7,33.18,80.59,199.11,MEDIUM PRIORITY
25,LINGERIE,Salinas,Santa Elena,D,1,39.85,5.69,7.97,19.35,47.82,LOW PRIORITY
25,"LIQUOR,WINE,BEER",Salinas,Santa Elena,D,1,2063.33,294.76,412.67,1002.19,2476.0,HIGH PRIORITY
25,MAGAZINES,Salinas,Santa Elena,D,1,115.48,16.5,23.1,56.09,138.57,MEDIUM PRIORITY
25,MEATS,Salinas,Santa Elena,D,1,1624.63,232.09,324.93,789.11,1949.55,MEDIUM PRIORITY
25,PERSONAL CARE,Salinas,Santa Elena,D,1,823.75,117.68,164.75,400.11,988.5,MEDIUM PRIORITY
25,PET SUPPLIES,Salinas,Santa Elena,D,1,35.16,5.02,7.03,17.08,42.19,LOW PRIORITY
25,PLAYERS AND ELECTRONICS,Salinas,Santa Elena,D,1,40.59,5.8,8.12,19.72,48.71,LOW PRIORITY
25,POULTRY,Salinas,Santa Elena,D,1,1412.45,201.78,282.49,686.05,1694.95,MEDIUM PRIORITY
25,PREPARED FOODS,Salinas,Santa Elena,D,1,319.05,45.58,63.81,154.97,382.86,MEDIUM PRIORITY
25,PRODUCE,Salinas,Santa Elena,D,1,11442.89,1634.7,2288.58,5557.97,13731.46,HIGH PRIORITY
25,SCHOOL AND OFFICE SUPPLIES,Salinas,Santa Elena,D,1,12.84,1.83,2.57,6.24,15.41,LOW PRIORITY
25,SEAFOOD,Salinas,Santa Elena,D,1,46.24,6.61,9.25,22.46,55.49,LOW PRIORITY
26,AUTOMOTIVE,Guayaquil,Guayas,D,10,28.48,4.07,5.7,13.84,34.18,LOW PRIORITY
26,BABY CARE,Guayaquil,Guayas,D,10,10.12,1.45,2.02,4.92,12.15,LOW PRIORITY
26,BEAUTY,Guayaquil,Guayas,D,10,15.48,2.21,3.1,7.52,18.57,LOW PRIORITY
26,BEVERAGES,Guayaquil,Guayas,D,10,5797.68,828.24,1159.54,2816.02,6957.22,HIGH PRIORITY
26,BOOKS,Guayaquil,Guayas,D,10,10.12,1.45,2.02,4.92,12.15,LOW PRIORITY
26,BREAD/BAKERY,Guayaquil,Guayas,D,10,1507.5,215.36,301.5,732.21,1808.99,MEDIUM PRIORITY
26,CELEBRATION,Guayaquil,Guayas,D,10,39.79,5.68,7.96,19.33,47.75,LOW PRIORITY
26,CLEANING,Guayaquil,Guayas,D,10,2260.12,322.87,452.02,1097.77,2712.15,HIGH PRIORITY
26,DAIRY,Guayaquil,Guayas,D,10,1739.21,248.46,347.84,844.76,2087.05,MEDIUM PRIORITY
26,DELI,Guayaquil,Guayas,D,10,581.33,83.05,116.27,282.36,697.59,MEDIUM PRIORITY
26,EGGS,Guayaquil,Guayas,D,10,214.69,30.67,42.94,104.28,257.62,MEDIUM PRIORITY
26,FROZEN FOODS,Guayaquil,Guayas,D,10,220.63,31.52,44.13,107.16,264.76,MEDIUM PRIORITY
26,GROCERY I,Guayaquil,Guayas,D,10,9336.73,1333.82,1867.35,4534.98,11204.07,HIGH PRIORITY
26,GROCERY II,Guayaquil,Guayas,D,10,46.58,6.65,9.32,22.63,55.9,LOW PRIORITY
26,HARDWARE,Guayaquil,Guayas,D,10,11.9,1.7,2.38,5.78,14.28,LOW PRIORITY
26,HOME AND KITCHEN I,Guayaquil,Guayas,D,10,58.16,8.31,11.63,28.25,69.79,LOW PRIORITY
26,HOME AND KITCHEN II,Guayaquil,Guayas,D,10,42.79,6.11,8.56,20.78,51.35,LOW PRIORITY
26,HOME APPLIANCES,Guayaquil,Guayas,D,10,11.1,1.59,2.22,5.39,13.31,LOW PRIORITY
26,HOME CARE,Guayaquil,Guayas,D,10,451.37,64.48,90.27,219.24,541.64,MEDIUM PRIORITY
26,LADIESWEAR,Guayaquil,Guayas,D,10,19.36,2.77,3.87,9.4,23.23,LOW PRIORITY
26,LAWN AND GARDEN,Guayaquil,Guayas,D,10,33.29,4.76,6.66,16.17,39.95,LOW PRIORITY
26,LINGERIE,Guayaquil,Guayas,D,10,18.36,2.62,3.67,8.92,22.04,LOW PRIORITY
26,"LIQUOR,WINE,BEER",Guayaquil,Guayas,D,10,155.18,22.17,31.04,75.37,186.21,MEDIUM PRIORITY
26,MAGAZINES,Guayaquil,Guayas,D,10,14.69,2.1,2.94,7.14,17.63,LOW PRIORITY
26,MEATS,Guayaquil,Guayas,D,10,1933.56,276.22,386.71,939.16,2320.28,HIGH PRIORITY
26,PERSONAL CARE,Guayaquil,Guayas,D,10,754.03,107.72,150.81,366.24,904.84,MEDIUM PRIORITY
26,PET SUPPLIES,Guayaquil,Guayas,D,10,22.94,3.28,4.59,11.14,27.53,LOW PRIORITY
26,PLAYERS AND ELECTRONICS,Guayaquil,Guayas,D,10,21.57,3.08,4.31,10.48,25.88,LOW PRIORITY
26,POULTRY,Guayaquil,Guayas,D,10,988.09,141.16,197.62,479.93,1185.71,MEDIUM PRIORITY
26,PREPARED FOODS,Guayaquil,Guayas,D,10,172.91,24.7,34.58,83.98,207.49,MEDIUM PRIORITY
26,PRODUCE,Guayaquil,Guayas,D,10,3525.5,503.64,705.1,1712.39,4230.61,HIGH PRIORITY
26,SCHOOL AND OFFICE SUPPLIES,Guayaquil,Guayas,D,10,11.73,1.68,2.35,5.7,14.08,LOW PRIORITY
26,SEAFOOD,Guayaquil,Guayas,D,10,25.11,3.59,5.02,12.2,30.14,LOW PRIORITY
27,AUTOMOTIVE,Daule,Guayas,D,1,41.91,5.99,8.38,20.36,50.3,LOW PRIORITY
27,BABY CARE,Daule,Guayas,D,1,10.07,1.44,2.01,4.89,12.09,LOW PRIORITY
27,BEAUTY,Daule,Guayas,D,1,18.72,2.67,3.74,9.09,22.47,LOW PRIORITY
27,BEVERAGES,Daule,Guayas,D,1,21301.69,3043.1,4260.34,10346.53,25562.03,HIGH PRIORITY
27,BOOKS,Daule,Guayas,D,1,8.3,1.19,1.66,4.03,9.96,LOW PRIORITY
27,BREAD/BAKERY,Daule,Guayas,D,1,4347.95,621.14,869.59,2111.86,5217.54,HIGH PRIORITY
27,CELEBRATION,Daule,Guayas,D,1,126.08,18.01,25.22,61.24,151.29,MEDIUM PRIORITY
27,CLEANING,Daule,Guayas,D,1,6011.79,858.83,1202.36,2920.01,7214.15,HIGH PRIORITY
27,DAIRY,Daule,Guayas,D,1,7030.91,1004.42,1406.18,3415.01,8437.09,HIGH PRIORITY
27,DELI,Daule,Guayas,D,1,2050.8,292.97,410.16,996.1,2460.96,HIGH PRIORITY
27,EGGS,Daule,Guayas,D,1,1726.1,246.59,345.22,838.39,2071.32,MEDIUM PRIORITY
27,FROZEN FOODS,Daule,Guayas,D,1,1033.35,147.62,206.67,501.91,1240.02,MEDIUM PRIORITY
27,GROCERY I,Daule,Guayas,D,1,25938.18,3705.45,5187.64,12598.55,31125.82,HIGH PRIORITY
27,GROCERY II,Daule,Guayas,D,1,244.21,34.89,48.84,118.62,293.06,MEDIUM PRIORITY
27,HARDWARE,Daule,Guayas,D,1,27.31,3.9,5.46,13.26,32.77,LOW PRIORITY
27,HOME AND KITCHEN I,Daule,Guayas,D,1,140.79,20.11,28.16,68.38,168.95,MEDIUM PRIORITY
27,HOME AND KITCHEN II,Daule,Guayas,D,1,204.62,29.23,40.92,99.39,245.55,MEDIUM PRIORITY
27,HOME APPLIANCES,Daule,Guayas,D,1,7.84,1.12,1.57,3.81,9.41,LOW PRIORITY
27,HOME CARE,Daule,Guayas,D,1,1492.14,213.16,298.43,724.75,1790.57,MEDIUM PRIORITY
27,LADIESWEAR,Daule,Guayas,D,1,56.77,8.11,11.35,27.57,68.12,LOW PRIORITY
27,LAWN AND GARDEN,Daule,Guayas,D,1,253.09,36.16,50.62,122.93,303.71,MEDIUM PRIORITY
27,LINGERIE,Daule,Guayas,D,1,65.55,9.36,13.11,31.84,78.67,LOW PRIORITY
27,"LIQUOR,WINE,BEER",Daule,Guayas,D,1,1333.04,190.43,266.61,647.47,1599.64,MEDIUM PRIORITY
27,MAGAZINES,Daule,Guayas,D,1,32.99,4.71,6.6,16.02,39.59,LOW PRIORITY
27,MEATS,Daule,Guayas,D,1,2086.15,298.02,417.23,1013.27,2503.38,HIGH PRIORITY
27,PERSONAL CARE,Daule,Guayas,D,1,1749.85,249.98,349.97,849.93,2099.82,MEDIUM PRIORITY
27,PET SUPPLIES,Daule,Guayas,D,1,61.18,8.74,12.24,29.72,73.42,LOW PRIORITY
27,PLAYERS AND ELECTRONICS,Daule,Guayas,D,1,59.86,8.55,11.97,29.08,71.83,LOW PRIORITY
27,POULTRY,Daule,Guayas,D,1,2762.06,394.58,552.41,1341.57,3314.47,HIGH PRIORITY
27,PREPARED FOODS,Daule,Guayas,D,1,587.81,83.97,117.56,285.51,705.37,MEDIUM PRIORITY
27,PRODUCE,Daule,Guayas,D,1,19089.13,2727.02,3817.83,9271.86,22906.95,HIGH PRIORITY
27,SCHOOL AND OFFICE SUPPLIES,Daule,Guayas,D,1,12.12,1.73,2.42,5.89,14.55,LOW PRIORITY
27,SEAFOOD,Daule,Guayas,D,1,128.98,18.43,25.8,62.65,154.77,MEDIUM PRIORITY
28,AUTOMOTIVE,Guayaquil,Guayas,E,10,36.7,5.24,7.34,17.82,44.04,LOW PRIORITY
28,BABY CARE,Guayaquil,Guayas,E,10,7.83,1.12,1.57,3.8,9.39,LOW PRIORITY
28,BEAUTY,Guayaquil,Guayas,E,10,26.21,3.74,5.24,12.73,31.46,LOW PRIORITY
28,BEVERAGES,Guayaquil,Guayas,E,10,23783.87,3397.7,4756.77,11552.16,28540.64,HIGH PRIORITY
28,BOOKS,Guayaquil,Guayas,E,10,7.83,1.12,1.57,3.8,9.39,LOW PRIORITY
28,BREAD/BAKERY,Guayaquil,Guayas,E,10,4450.32,635.76,890.06,2161.59,5340.39,HIGH PRIORITY
28,CELEBRATION,Guayaquil,Guayas,E,10,81.56,11.65,16.31,39.61,97.87,LOW PRIORITY
28,CLEANING,Guayaquil,Guayas,E,10,7969.86,1138.55,1593.97,3871.07,9563.83,HIGH PRIORITY
28,DAIRY,Guayaquil,Guayas,E,10,6223.31,889.04,1244.66,3022.75,7467.97,HIGH PRIORITY
28,DELI,Guayaquil,Guayas,E,10,2427.27,346.75,485.45,1178.96,2912.73,HIGH PRIORITY
28,EGGS,Guayaquil,Guayas,E,10,1677.67,239.67,335.53,814.87,2013.21,MEDIUM PRIORITY
28,FROZEN FOODS,Guayaquil,Guayas,E,10,542.8,77.54,108.56,263.65,651.36,MEDIUM PRIORITY
28,GROCERY I,Guayaquil,Guayas,E,10,36930.63,5275.8,7386.13,17937.73,44316.75,HIGH PRIORITY
28,GROCERY II,Guayaquil,Guayas,E,10,164.16,23.45,32.83,79.74,197.0,MEDIUM PRIORITY
28,HARDWARE,Guayaquil,Guayas,E,10,9.99,1.43,2.0,4.85,11.99,LOW PRIORITY
28,HOME AND KITCHEN I,Guayaquil,Guayas,E,10,215.78,30.83,43.16,104.81,258.94,MEDIUM PRIORITY
28,HOME AND KITCHEN II,Guayaquil,Guayas,E,10,140.8,20.11,28.16,68.39,168.96,MEDIUM PRIORITY
28,HOME APPLIANCES,Guayaquil,Guayas,E,10,10.85,1.55,2.17,5.27,13.02,LOW PRIORITY
28,HOME CARE,Guayaquil,Guayas,E,10,1908.89,272.7,381.78,927.18,2290.67,HIGH PRIORITY
28,LADIESWEAR,Guayaquil,Guayas,E,10,24.7,3.53,4.94,12.0,29.64,LOW PRIORITY
28,LAWN AND GARDEN,Guayaquil,Guayas,E,10,55.49,7.93,11.1,26.95,66.59,LOW PRIORITY
28,LINGERIE,Guayaquil,Guayas,E,10,41.02,5.86,8.2,19.92,49.22,LOW PRIORITY
28,"LIQUOR,WINE,BEER",Guayaquil,Guayas,E,10,404.58,57.8,80.92,196.51,485.5,MEDIUM PRIORITY
28,MAGAZINES,Guayaquil,Guayas,E,10,15.58,2.23,3.12,7.57,18.7,LOW PRIORITY
28,MEATS,Guayaquil,Guayas,E,10,1433.84,204.83,286.77,696.44,1720.61,MEDIUM PRIORITY
28,PERSONAL CARE,Guayaquil,Guayas,E,10,2082.22,297.46,416.44,1011.36,2498.67,HIGH PRIORITY
28,PET SUPPLIES,Guayaquil,Guayas,E,10,33.04,4.72,6.61,16.05,39.65,LOW PRIORITY
28,PLAYERS AND ELECTRONICS,Guayaquil,Guayas,E,10,36.24,5.18,7.25,17.6,43.49,LOW PRIORITY
28,POULTRY,Guayaquil,Guayas,E,10,1465.36,209.34,293.07,711.75,1758.43,MEDIUM PRIORITY
28,PREPARED FOODS,Guayaquil,Guayas,E,10,590.89,84.41,118.18,287.01,709.07,MEDIUM PRIORITY
28,PRODUCE,Guayaquil,Guayas,E,10,10853.92,1550.56,2170.78,5271.9,13024.7,HIGH PRIORITY
28,SCHOOL AND OFFICE SUPPLIES,Guayaquil,Guayas,E,10,14.25,2.04,2.85,6.92,17.1,LOW PRIORITY
28,SEAFOOD,Guayaquil,Guayas,E,10,39.93,5.7,7.99,19.4,47.92,LOW PRIORITY
29,AUTOMOTIVE,Guayaquil,Guayas,E,10,35.0,5.0,7.0,17.0,42.0,LOW PRIORITY
29,BABY CARE,Guayaquil,Guayas,E,10,9.42,1.35,1.88,4.58,11.31,LOW PRIORITY
29,BEAUTY,Guayaquil,Guayas,E,10,29.58,4.23,5.92,14.37,35.49,LOW PRIORITY
29,BEVERAGES,Guayaquil,Guayas,E,10,22181.22,3168.75,4436.24,10773.74,26617.47,HIGH PRIORITY
29,BOOKS,Guayaquil,Guayas,E,10,7.83,1.12,1.57,3.8,9.39,LOW PRIORITY
29,BREAD/BAKERY,Guayaquil,Guayas,E,10,4898.53,699.79,979.71,2379.28,5878.23,HIGH PRIORITY
29,CELEBRATION,Guayaquil,Guayas,E,10,79.7,11.39,15.94,38.71,95.64,LOW PRIORITY
29,CLEANING,Guayaquil,Guayas,E,10,6406.89,915.27,1281.38,3111.92,7688.27,HIGH PRIORITY
29,DAIRY,Guayaquil,Guayas,E,10,4967.9,709.7,993.58,2412.98,5961.48,HIGH PRIORITY
29,DELI,Guayaquil,Guayas,E,10,1950.35,278.62,390.07,947.31,2340.42,HIGH PRIORITY
29,EGGS,Guayaquil,Guayas,E,10,1601.16,228.74,320.23,777.71,1921.39,MEDIUM PRIORITY
29,FROZEN FOODS,Guayaquil,Guayas,E,10,581.14,83.02,116.23,282.27,697.37,MEDIUM PRIORITY
29,GROCERY I,Guayaquil,Guayas,E,10,26922.71,3846.1,5384.54,13076.74,32307.25,HIGH PRIORITY
29,GROCERY II,Guayaquil,Guayas,E,10,137.79,19.68,27.56,66.92,165.34,MEDIUM PRIORITY
29,HARDWARE,Guayaquil,Guayas,E,10,15.72,2.25,3.14,7.64,18.87,LOW PRIORITY
29,HOME AND KITCHEN I,Guayaquil,Guayas,E,10,202.02,28.86,40.4,98.12,242.42,MEDIUM PRIORITY
29,HOME AND KITCHEN II,Guayaquil,Guayas,E,10,139.14,19.88,27.83,67.58,166.96,MEDIUM PRIORITY
29,HOME APPLIANCES,Guayaquil,Guayas,E,10,7.69,1.1,1.54,3.74,9.23,LOW PRIORITY
29,HOME CARE,Guayaquil,Guayas,E,10,1681.88,240.27,336.38,816.91,2018.25,MEDIUM PRIORITY
29,LADIESWEAR,Guayaquil,Guayas,E,10,22.57,3.22,4.51,10.96,27.08,LOW PRIORITY
29,LAWN AND GARDEN,Guayaquil,Guayas,E,10,35.35,5.05,7.07,17.17,42.43,LOW PRIORITY
29,LINGERIE,Guayaquil,Guayas,E,10,37.61,5.37,7.52,18.27,45.14,LOW PRIORITY
29,"LIQUOR,WINE,BEER",Guayaquil,Guayas,E,10,738.7,105.53,147.74,358.8,886.44,MEDIUM PRIORITY
29,MAGAZINES,Guayaquil,Guayas,E,10,19.18,2.74,3.84,9.31,23.01,LOW PRIORITY
29,MEATS,Guayaquil,Guayas,E,10,811.19,115.88,162.24,394.0,973.42,MEDIUM PRIORITY
29,PERSONAL CARE,Guayaquil,Guayas,E,10,1485.86,212.27,297.17,721.7,1783.03,MEDIUM PRIORITY
29,PET SUPPLIES,Guayaquil,Guayas,E,10,21.23,3.03,4.25,10.31,25.47,LOW PRIORITY
29,PLAYERS AND ELECTRONICS,Guayaquil,Guayas,E,10,38.91,5.56,7.78,18.9,46.69,LOW PRIORITY
29,POULTRY,Guayaquil,Guayas,E,10,1226.16,175.17,245.23,595.57,1471.4,MEDIUM PRIORITY
29,PREPARED FOODS,Guayaquil,Guayas,E,10,483.35,69.05,96.67,234.77,580.02,MEDIUM PRIORITY
29,PRODUCE,Guayaquil,Guayas,E,10,8339.1,1191.3,1667.82,4050.42,10006.92,HIGH PRIORITY
29,SCHOOL AND OFFICE SUPPLIES,Guayaquil,Guayas,E,10,11.83,1.69,2.37,5.74,14.19,LOW PRIORITY
29,SEAFOOD,Guayaquil,Guayas,E,10,42.16,6.02,8.43,20.48,50.59,LOW PRIORITY
30,AUTOMOTIVE,Guayaquil,Guayas,C,3,25.13,3.59,5.03,12.2,30.15,LOW PRIORITY
30,BABY CARE,Guayaquil,Guayas,C,3,9.69,1.38,1.94,4.71,11.62,LOW PRIORITY
30,BEAUTY,Guayaquil,Guayas,C,3,12.49,1.78,2.5,6.07,14.99,LOW PRIORITY
30,BEVERAGES,Guayaquil,Guayas,C,3,10897.0,1556.71,2179.4,5292.83,13076.4,HIGH PRIORITY
30,BOOKS,Guayaquil,Guayas,C,3,6.52,0.93,1.3,3.17,7.82,LOW PRIORITY
30,BREAD/BAKERY,Guayaquil,Guayas,C,3,1137.68,162.53,227.54,552.59,1365.22,MEDIUM PRIORITY
30,CELEBRATION,Guayaquil,Guayas,C,3,38.18,5.45,7.64,18.54,45.81,LOW PRIORITY
30,CLEANING,Guayaquil,Guayas,C,3,3605.66,515.09,721.13,1751.32,4326.8,HIGH PRIORITY
30,DAIRY,Guayaquil,Guayas,C,3,1880.13,268.59,376.03,913.21,2256.15,HIGH PRIORITY
30,DELI,Guayaquil,Guayas,C,3,812.33,116.05,162.47,394.56,974.79,MEDIUM PRIORITY
30,EGGS,Guayaquil,Guayas,C,3,915.92,130.85,183.18,444.87,1099.1,MEDIUM PRIORITY
30,FROZEN FOODS,Guayaquil,Guayas,C,3,319.85,45.69,63.97,155.36,383.82,MEDIUM PRIORITY
30,GROCERY I,Guayaquil,Guayas,C,3,14603.12,2086.16,2920.62,7092.94,17523.74,HIGH PRIORITY
30,GROCERY II,Guayaquil,Guayas,C,3,49.79,7.11,9.96,24.18,59.75,LOW PRIORITY
30,HARDWARE,Guayaquil,Guayas,C,3,9.67,1.38,1.93,4.7,11.6,LOW PRIORITY
30,HOME AND KITCHEN I,Guayaquil,Guayas,C,3,76.98,11.0,15.4,37.39,92.38,LOW PRIORITY
30,HOME AND KITCHEN II,Guayaquil,Guayas,C,3,43.05,6.15,8.61,20.91,51.66,LOW PRIORITY
30,HOME APPLIANCES,Guayaquil,Guayas,C,3,6.38,0.91,1.28,3.1,7.66,LOW PRIORITY
30,HOME CARE,Guayaquil,Guayas,C,3,1093.0,156.14,218.6,530.89,1311.6,MEDIUM PRIORITY
30,LADIESWEAR,Guayaquil,Guayas,C,3,19.44,2.78,3.89,9.44,23.33,LOW PRIORITY
30,LAWN AND GARDEN,Guayaquil,Guayas,C,3,13.41,1.92,2.68,6.51,16.09,LOW PRIORITY
30,LINGERIE,Guayaquil,Guayas,C,3,23.22,3.32,4.64,11.28,27.87,LOW PRIORITY
30,"LIQUOR,WINE,BEER",Guayaquil,Guayas,C,3,249.84,35.69,49.97,121.35,299.81,MEDIUM PRIORITY
30,MAGAZINES,Guayaquil,Guayas,C,3,15.16,2.17,3.03,7.36,18.19,LOW PRIORITY
30,MEATS,Guayaquil,Guayas,C,3,487.9,69.7,97.58,236.98,585.48,MEDIUM PRIORITY
30,PERSONAL CARE,Guayaquil,Guayas,C,3,632.63,90.38,126.53,307.28,759.16,MEDIUM PRIORITY
30,PET SUPPLIES,Guayaquil,Guayas,C,3,18.68,2.67,3.74,9.08,22.42,LOW PRIORITY
30,PLAYERS AND ELECTRONICS,Guayaquil,Guayas,C,3,32.6,4.66,6.52,15.84,39.12,LOW PRIORITY
30,POULTRY,Guayaquil,Guayas,C,3,786.14,112.31,157.23,381.84,943.37,MEDIUM PRIORITY
30,PREPARED FOODS,Guayaquil,Guayas,C,3,198.99,28.43,39.8,96.65,238.78,MEDIUM PRIORITY
30,PRODUCE,Guayaquil,Guayas,C,3,4015.55,573.65,803.11,1950.41,4818.66,HIGH PRIORITY
30,SCHOOL AND OFFICE SUPPLIES,Guayaquil,Guayas,C,3,6.29,0.9,1.26,3.06,7.55,LOW PRIORITY
30,SEAFOOD,Guayaquil,Guayas,C,3,31.58,4.51,6.32,15.34,37.89,LOW PRIORITY
31,AUTOMOTIVE,Babahoyo,Los Rios,B,10,37.25,5.32,7.45,18.09,44.7,LOW PRIORITY
31,BABY CARE,Babahoyo,Los Rios,B,10,2.6,0.37,0.52,1.26,3.12,LOW PRIORITY
31,BEAUTY,Babahoyo,Los Rios,B,10,9.96,1.42,1.99,4.84,11.95,LOW PRIORITY
31,BEVERAGES,Babahoyo,Los Rios,B,10,22351.73,3193.1,4470.35,10856.55,26822.07,HIGH PRIORITY
31,BOOKS,Babahoyo,Los Rios,B,10,2.6,0.37,0.52,1.26,3.12,LOW PRIORITY
31,BREAD/BAKERY,Babahoyo,Los Rios,B,10,3978.63,568.38,795.73,1932.48,4774.35,HIGH PRIORITY
31,CELEBRATION,Babahoyo,Los Rios,B,10,42.14,6.02,8.43,20.47,50.56,LOW PRIORITY
31,CLEANING,Babahoyo,Los Rios,B,10,7884.5,1126.36,1576.9,3829.62,9461.4,HIGH PRIORITY
31,DAIRY,Babahoyo,Los Rios,B,10,4671.25,667.32,934.25,2268.89,5605.5,HIGH PRIORITY
31,DELI,Babahoyo,Los Rios,B,10,1748.32,249.76,349.66,849.18,2097.98,MEDIUM PRIORITY
31,EGGS,Babahoyo,Los Rios,B,10,2096.9,299.56,419.38,1018.5,2516.29,HIGH PRIORITY
31,FROZEN FOODS,Babahoyo,Los Rios,B,10,671.18,95.88,134.24,326.0,805.41,MEDIUM PRIORITY
31,GROCERY I,Babahoyo,Los Rios,B,10,30891.47,4413.07,6178.29,15004.43,37069.76,HIGH PRIORITY
31,GROCERY II,Babahoyo,Los Rios,B,10,67.72,9.67,13.54,32.89,81.27,LOW PRIORITY
31,HARDWARE,Babahoyo,Los Rios,B,10,5.78,0.83,1.16,2.81,6.94,LOW PRIORITY
31,HOME AND KITCHEN I,Babahoyo,Los Rios,B,10,159.71,22.82,31.94,77.57,191.65,MEDIUM PRIORITY
31,HOME AND KITCHEN II,Babahoyo,Los Rios,B,10,123.67,17.67,24.73,60.07,148.41,MEDIUM PRIORITY
31,HOME APPLIANCES,Babahoyo,Los Rios,B,10,2.49,0.36,0.5,1.21,2.99,LOW PRIORITY
31,HOME CARE,Babahoyo,Los Rios,B,10,1891.16,270.17,378.23,918.56,2269.39,HIGH PRIORITY
31,LADIESWEAR,Babahoyo,Los Rios,B,10,18.15,2.59,3.63,8.82,21.78,LOW PRIORITY
31,LAWN AND GARDEN,Babahoyo,Los Rios,B,10,33.87,4.84,6.77,16.45,40.65,LOW PRIORITY
31,LINGERIE,Babahoyo,Los Rios,B,10,41.1,5.87,8.22,19.96,49.32,LOW PRIORITY
31,"LIQUOR,WINE,BEER",Babahoyo,Los Rios,B,10,126.65,18.09,25.33,61.51,151.98,MEDIUM PRIORITY
31,MAGAZINES,Babahoyo,Los Rios,B,10,9.49,1.36,1.9,4.61,11.39,LOW PRIORITY
31,MEATS,Babahoyo,Los Rios,B,10,2626.63,375.23,525.33,1275.79,3151.95,HIGH PRIORITY
31,PERSONAL CARE,Babahoyo,Los Rios,B,10,1694.26,242.04,338.85,822.93,2033.11,MEDIUM PRIORITY
31,PET SUPPLIES,Babahoyo,Los Rios,B,10,26.42,3.77,5.28,12.83,31.71,LOW PRIORITY
31,PLAYERS AND ELECTRONICS,Babahoyo,Los Rios,B,10,28.83,4.12,5.77,14.0,34.59,LOW PRIORITY
31,POULTRY,Babahoyo,Los Rios,B,10,855.71,122.24,171.14,415.63,1026.85,MEDIUM PRIORITY
31,PREPARED FOODS,Babahoyo,Los Rios,B,10,498.73,71.25,99.75,242.24,598.48,MEDIUM PRIORITY
31,PRODUCE,Babahoyo,Los Rios,B,10,8877.49,1268.21,1775.5,4311.93,10652.99,HIGH PRIORITY
31,SCHOOL AND OFFICE SUPPLIES,Babahoyo,Los Rios,B,10,5.62,0.8,1.12,2.73,6.75,LOW PRIORITY
31,SEAFOOD,Babahoyo,Los Rios,B,10,31.69,4.53,6.34,15.39,38.03,LOW PRIORITY
32,AUTOMOTIVE,Guayaquil,Guayas,C,3,21.29,3.04,4.26,10.34,25.55,LOW PRIORITY
32,BABY CARE,Guayaquil,Guayas,C,3,6.52,0.93,1.3,3.17,7.82,LOW PRIORITY
32,BEAUTY,Guayaquil,Guayas,C,3,16.18,2.31,3.24,7.86,19.42,LOW PRIORITY
32,BEVERAGES,Guayaquil,Guayas,C,3,7651.27,1093.04,1530.25,3716.33,9181.53,HIGH PRIORITY
32,BOOKS,Guayaquil,Guayas,C,3,6.52,0.93,1.3,3.17,7.82,LOW PRIORITY
32,BREAD/BAKERY,Guayaquil,Guayas,C,3,858.73,122.68,171.75,417.1,1030.48,MEDIUM PRIORITY
32,CELEBRATION,Guayaquil,Guayas,C,3,31.35,4.48,6.27,15.23,37.62,LOW PRIORITY
32,CLEANING,Guayaquil,Guayas,C,3,4174.72,596.39,834.94,2027.72,5009.67,HIGH PRIORITY
32,DAIRY,Guayaquil,Guayas,C,3,1107.09,158.16,221.42,537.73,1328.51,MEDIUM PRIORITY
32,DELI,Guayaquil,Guayas,C,3,655.54,93.65,131.11,318.4,786.64,MEDIUM PRIORITY
32,EGGS,Guayaquil,Guayas,C,3,1442.31,206.04,288.46,700.55,1730.77,MEDIUM PRIORITY
32,FROZEN FOODS,Guayaquil,Guayas,C,3,132.27,18.9,26.45,64.25,158.73,MEDIUM PRIORITY
32,GROCERY I,Guayaquil,Guayas,C,3,12577.66,1796.81,2515.53,6109.15,15093.2,HIGH PRIORITY
32,GROCERY II,Guayaquil,Guayas,C,3,28.09,4.01,5.62,13.64,33.71,LOW PRIORITY
32,HARDWARE,Guayaquil,Guayas,C,3,8.96,1.28,1.79,4.35,10.75,LOW PRIORITY
32,HOME AND KITCHEN I,Guayaquil,Guayas,C,3,43.93,6.28,8.79,21.34,52.72,LOW PRIORITY
32,HOME AND KITCHEN II,Guayaquil,Guayas,C,3,40.42,5.77,8.08,19.63,48.5,LOW PRIORITY
32,HOME APPLIANCES,Guayaquil,Guayas,C,3,8.67,1.24,1.73,4.21,10.4,LOW PRIORITY
32,HOME CARE,Guayaquil,Guayas,C,3,583.29,83.33,116.66,283.31,699.95,MEDIUM PRIORITY
32,LADIESWEAR,Guayaquil,Guayas,C,3,16.58,2.37,3.32,8.05,19.9,LOW PRIORITY
32,LAWN AND GARDEN,Guayaquil,Guayas,C,3,13.41,1.92,2.68,6.51,16.09,LOW PRIORITY
32,LINGERIE,Guayaquil,Guayas,C,3,19.03,2.72,3.81,9.25,22.84,LOW PRIORITY
32,"LIQUOR,WINE,BEER",Guayaquil,Guayas,C,3,239.62,34.23,47.92,116.39,287.54,MEDIUM PRIORITY
32,MAGAZINES,Guayaquil,Guayas,C,3,12.38,1.77,2.48,6.02,14.86,LOW PRIORITY
32,MEATS,Guayaquil,Guayas,C,3,478.31,68.33,95.66,232.32,573.97,MEDIUM PRIORITY
32,PERSONAL CARE,Guayaquil,Guayas,C,3,476.29,68.04,95.26,231.34,571.54,MEDIUM PRIORITY
32,PET SUPPLIES,Guayaquil,Guayas,C,3,15.46,2.21,3.09,7.51,18.55,LOW PRIORITY
32,PLAYERS AND ELECTRONICS,Guayaquil,Guayas,C,3,20.11,2.87,4.02,9.77,24.14,LOW PRIORITY
32,POULTRY,Guayaquil,Guayas,C,3,366.88,52.41,73.38,178.2,440.26,MEDIUM PRIORITY
32,PREPARED FOODS,Guayaquil,Guayas,C,3,110.14,15.73,22.03,53.5,132.17,MEDIUM PRIORITY
32,PRODUCE,Guayaquil,Guayas,C,3,1619.04,231.29,323.81,786.39,1942.85,MEDIUM PRIORITY
32,SCHOOL AND OFFICE SUPPLIES,Guayaquil,Guayas,C,3,6.29,0.9,1.26,3.06,7.55,LOW PRIORITY
32,SEAFOOD,Guayaquil,Guayas,C,3,22.13,3.16,4.43,10.75,26.55,LOW PRIORITY
33,AUTOMOTIVE,Quevedo,Los Rios,C,3,35.02,5.0,7.0,17.01,42.03,LOW PRIORITY
33,BABY CARE,Quevedo,Los Rios,C,3,2.46,0.35,0.49,1.2,2.95,LOW PRIORITY
33,BEAUTY,Quevedo,Los Rios,C,3,16.46,2.35,3.29,8.0,19.76,LOW PRIORITY
33,BEVERAGES,Quevedo,Los Rios,C,3,15359.28,2194.18,3071.86,7460.22,18431.13,HIGH PRIORITY
33,BOOKS,Quevedo,Los Rios,C,3,2.46,0.35,0.49,1.2,2.95,LOW PRIORITY
33,BREAD/BAKERY,Quevedo,Los Rios,C,3,1584.51,226.36,316.9,769.62,1901.41,MEDIUM PRIORITY
33,CELEBRATION,Quevedo,Los Rios,C,3,41.49,5.93,8.3,20.15,49.78,LOW PRIORITY
33,CLEANING,Quevedo,Los Rios,C,3,6551.11,935.87,1310.22,3181.97,7861.34,HIGH PRIORITY
33,DAIRY,Quevedo,Los Rios,C,3,2979.78,425.68,595.96,1447.32,3575.73,HIGH PRIORITY
33,DELI,Quevedo,Los Rios,C,3,1236.97,176.71,247.39,600.82,1484.37,MEDIUM PRIORITY
33,EGGS,Quevedo,Los Rios,C,3,1484.4,212.06,296.88,720.99,1781.28,MEDIUM PRIORITY
33,FROZEN FOODS,Quevedo,Los Rios,C,3,448.85,64.12,89.77,218.01,538.62,MEDIUM PRIORITY
33,GROCERY I,Quevedo,Los Rios,C,3,20219.7,2888.53,4043.94,9821.0,24263.64,HIGH PRIORITY
33,GROCERY II,Quevedo,Los Rios,C,3,27.8,3.97,5.56,13.5,33.36,LOW PRIORITY
33,HARDWARE,Quevedo,Los Rios,C,3,4.12,0.59,0.82,2.0,4.95,LOW PRIORITY
33,HOME AND KITCHEN I,Quevedo,Los Rios,C,3,216.48,30.93,43.3,105.15,259.77,MEDIUM PRIORITY
33,HOME AND KITCHEN II,Quevedo,Los Rios,C,3,126.71,18.1,25.34,61.55,152.06,MEDIUM PRIORITY
33,HOME APPLIANCES,Quevedo,Los Rios,C,3,2.36,0.34,0.47,1.14,2.83,LOW PRIORITY
33,HOME CARE,Quevedo,Los Rios,C,3,1630.71,232.96,326.14,792.06,1956.85,MEDIUM PRIORITY
33,LADIESWEAR,Quevedo,Los Rios,C,3,14.88,2.13,2.98,7.23,17.85,LOW PRIORITY
33,LAWN AND GARDEN,Quevedo,Los Rios,C,3,8.16,1.17,1.63,3.96,9.79,LOW PRIORITY
33,LINGERIE,Quevedo,Los Rios,C,3,65.68,9.38,13.14,31.9,78.81,LOW PRIORITY
33,"LIQUOR,WINE,BEER",Quevedo,Los Rios,C,3,283.91,40.56,56.78,137.9,340.7,MEDIUM PRIORITY
33,MAGAZINES,Quevedo,Los Rios,C,3,11.25,1.61,2.25,5.47,13.5,LOW PRIORITY
33,MEATS,Quevedo,Los Rios,C,3,1855.61,265.09,371.12,901.3,2226.73,HIGH PRIORITY
33,PERSONAL CARE,Quevedo,Los Rios,C,3,1403.95,200.56,280.79,681.92,1684.73,MEDIUM PRIORITY
33,PET SUPPLIES,Quevedo,Los Rios,C,3,15.43,2.2,3.09,7.49,18.52,LOW PRIORITY
33,PLAYERS AND ELECTRONICS,Quevedo,Los Rios,C,3,18.55,2.65,3.71,9.01,22.27,LOW PRIORITY
33,POULTRY,Quevedo,Los Rios,C,3,1624.15,232.02,324.83,788.87,1948.98,MEDIUM PRIORITY
33,PREPARED FOODS,Quevedo,Los Rios,C,3,208.98,29.85,41.8,101.51,250.78,MEDIUM PRIORITY
33,PRODUCE,Quevedo,Los Rios,C,3,8676.05,1239.44,1735.21,4214.08,10411.26,HIGH PRIORITY
33,SCHOOL AND OFFICE SUPPLIES,Quevedo,Los Rios,C,3,2.28,0.33,0.46,1.11,2.74,LOW PRIORITY
33,SEAFOOD,Quevedo,Los Rios,C,3,11.55,1.65,2.31,5.61,13.86,LOW PRIORITY
34,AUTOMOTIVE,Guayaquil,Guayas,B,6,33.04,4.72,6.61,16.05,39.65,LOW PRIORITY
34,BABY CARE,Guayaquil,Guayas,B,6,10.4,1.49,2.08,5.05,12.48,LOW PRIORITY
34,BEAUTY,Guayaquil,Guayas,B,6,17.54,2.51,3.51,8.52,21.05,LOW PRIORITY
34,BEVERAGES,Guayaquil,Guayas,B,6,17237.22,2462.46,3447.44,8372.36,20684.66,HIGH PRIORITY
34,BOOKS,Guayaquil,Guayas,B,6,8.07,1.15,1.61,3.92,9.68,LOW PRIORITY
34,BREAD/BAKERY,Guayaquil,Guayas,B,6,4622.99,660.43,924.6,2245.45,5547.59,HIGH PRIORITY
34,CELEBRATION,Guayaquil,Guayas,B,6,65.67,9.38,13.13,31.89,78.8,LOW PRIORITY
34,CLEANING,Guayaquil,Guayas,B,6,5886.11,840.87,1177.22,2858.97,7063.33,HIGH PRIORITY
34,DAIRY,Guayaquil,Guayas,B,6,4353.95,621.99,870.79,2114.78,5224.74,HIGH PRIORITY
34,DELI,Guayaquil,Guayas,B,6,1472.27,210.32,294.45,715.1,1766.73,MEDIUM PRIORITY
34,EGGS,Guayaquil,Guayas,B,6,833.09,119.01,166.62,404.64,999.7,MEDIUM PRIORITY
34,FROZEN FOODS,Guayaquil,Guayas,B,6,425.16,60.74,85.03,206.51,510.19,MEDIUM PRIORITY
34,GROCERY I,Guayaquil,Guayas,B,6,27739.54,3962.79,5547.91,13473.49,33287.44,HIGH PRIORITY
34,GROCERY II,Guayaquil,Guayas,B,6,67.94,9.71,13.59,33.0,81.53,LOW PRIORITY
34,HARDWARE,Guayaquil,Guayas,B,6,17.58,2.51,3.52,8.54,21.09,LOW PRIORITY
34,HOME AND KITCHEN I,Guayaquil,Guayas,B,6,166.54,23.79,33.31,80.89,199.85,MEDIUM PRIORITY
34,HOME AND KITCHEN II,Guayaquil,Guayas,B,6,246.25,35.18,49.25,119.61,295.51,MEDIUM PRIORITY
34,HOME APPLIANCES,Guayaquil,Guayas,B,6,7.93,1.13,1.59,3.85,9.52,LOW PRIORITY
34,HOME CARE,Guayaquil,Guayas,B,6,1277.67,182.52,255.53,620.58,1533.2,MEDIUM PRIORITY
34,LADIESWEAR,Guayaquil,Guayas,B,6,24.19,3.46,4.84,11.75,29.03,LOW PRIORITY
34,LAWN AND GARDEN,Guayaquil,Guayas,B,6,32.94,4.71,6.59,16.0,39.53,LOW PRIORITY
34,LINGERIE,Guayaquil,Guayas,B,6,26.39,3.77,5.28,12.82,31.66,LOW PRIORITY
34,"LIQUOR,WINE,BEER",Guayaquil,Guayas,B,6,171.01,24.43,34.2,83.06,205.21,MEDIUM PRIORITY
34,MAGAZINES,Guayaquil,Guayas,B,6,24.72,3.53,4.94,12.01,29.67,LOW PRIORITY
34,MEATS,Guayaquil,Guayas,B,6,1165.54,166.51,233.11,566.12,1398.65,MEDIUM PRIORITY
34,PERSONAL CARE,Guayaquil,Guayas,B,6,1780.48,254.35,356.1,864.81,2136.58,MEDIUM PRIORITY
34,PET SUPPLIES,Guayaquil,Guayas,B,6,31.04,4.43,6.21,15.08,37.25,LOW PRIORITY
34,PLAYERS AND ELECTRONICS,Guayaquil,Guayas,B,6,38.93,5.56,7.79,18.91,46.72,LOW PRIORITY
34,POULTRY,Guayaquil,Guayas,B,6,991.06,141.58,198.21,481.37,1189.28,MEDIUM PRIORITY
34,PREPARED FOODS,Guayaquil,Guayas,B,6,212.3,30.33,42.46,103.12,254.76,MEDIUM PRIORITY
34,PRODUCE,Guayaquil,Guayas,B,6,4384.78,626.4,876.96,2129.75,5261.73,HIGH PRIORITY
34,SCHOOL AND OFFICE SUPPLIES,Guayaquil,Guayas,B,6,25.01,3.57,5.0,12.15,30.01,LOW PRIORITY
34,SEAFOOD,Guayaquil,Guayas,B,6,22.97,3.28,4.59,11.16,27.57,LOW PRIORITY
35,AUTOMOTIVE,Playas,Guayas,C,3,18.81,2.69,3.76,9.14,22.57,LOW PRIORITY
35,BABY CARE,Playas,Guayas,C,3,1.75,0.25,0.35,0.85,2.1,LOW PRIORITY
35,BEAUTY,Playas,Guayas,C,3,8.96,1.28,1.79,4.35,10.75,LOW PRIORITY
35,BEVERAGES,Playas,Guayas,C,3,10447.15,1492.45,2089.43,5074.33,12536.57,HIGH PRIORITY
35,BOOKS,Playas,Guayas,C,3,1.75,0.25,0.35,0.85,2.1,LOW PRIORITY
35,BREAD/BAKERY,Playas,Guayas,C,3,816.46,116.64,163.29,396.56,979.75,MEDIUM PRIORITY
35,CELEBRATION,Playas,Guayas,C,3,15.29,2.18,3.06,7.43,18.35,LOW PRIORITY
35,CLEANING,Playas,Guayas,C,3,3009.26,429.89,601.85,1461.64,3611.11,HIGH PRIORITY
35,DAIRY,Playas,Guayas,C,3,1159.13,165.59,231.83,563.01,1390.95,MEDIUM PRIORITY
35,DELI,Playas,Guayas,C,3,711.19,101.6,142.24,345.44,853.43,MEDIUM PRIORITY
35,EGGS,Playas,Guayas,C,3,1041.92,148.85,208.38,506.08,1250.31,MEDIUM PRIORITY
35,FROZEN FOODS,Playas,Guayas,C,3,474.47,67.78,94.89,230.46,569.37,MEDIUM PRIORITY
35,GROCERY I,Playas,Guayas,C,3,12858.72,1836.96,2571.74,6245.67,15430.47,HIGH PRIORITY
35,GROCERY II,Playas,Guayas,C,3,31.93,4.56,6.39,15.51,38.32,LOW PRIORITY
35,HARDWARE,Playas,Guayas,C,3,3.7,0.53,0.74,1.8,4.44,LOW PRIORITY
35,HOME AND KITCHEN I,Playas,Guayas,C,3,66.33,9.48,13.27,32.22,79.59,LOW PRIORITY
35,HOME AND KITCHEN II,Playas,Guayas,C,3,22.01,3.14,4.4,10.69,26.41,LOW PRIORITY
35,HOME APPLIANCES,Playas,Guayas,C,3,3.41,0.49,0.68,1.66,4.09,LOW PRIORITY
35,HOME CARE,Playas,Guayas,C,3,684.06,97.72,136.81,332.26,820.87,MEDIUM PRIORITY
35,LADIESWEAR,Playas,Guayas,C,3,12.18,1.74,2.44,5.92,14.62,LOW PRIORITY
35,LAWN AND GARDEN,Playas,Guayas,C,3,7.47,1.07,1.49,3.63,8.96,LOW PRIORITY
35,LINGERIE,Playas,Guayas,C,3,9.94,1.42,1.99,4.83,11.93,LOW PRIORITY
35,"LIQUOR,WINE,BEER",Playas,Guayas,C,3,478.74,68.39,95.75,232.53,574.48,MEDIUM PRIORITY
35,MAGAZINES,Playas,Guayas,C,3,9.02,1.29,1.8,4.38,10.82,LOW PRIORITY
35,MEATS,Playas,Guayas,C,3,1276.65,182.38,255.33,620.09,1531.98,MEDIUM PRIORITY
35,PERSONAL CARE,Playas,Guayas,C,3,442.15,63.16,88.43,214.76,530.58,MEDIUM PRIORITY
35,PET SUPPLIES,Playas,Guayas,C,3,9.3,1.33,1.86,4.52,11.16,LOW PRIORITY
35,PLAYERS AND ELECTRONICS,Playas,Guayas,C,3,11.28,1.61,2.26,5.48,13.53,LOW PRIORITY
35,POULTRY,Playas,Guayas,C,3,371.35,53.05,74.27,180.37,445.63,MEDIUM PRIORITY
35,PREPARED FOODS,Playas,Guayas,C,3,162.11,23.16,32.42,78.74,194.53,MEDIUM PRIORITY
35,PRODUCE,Playas,Guayas,C,3,2736.23,390.89,547.25,1329.03,3283.47,HIGH PRIORITY
35,SCHOOL AND OFFICE SUPPLIES,Playas,Guayas,C,3,1.57,0.22,0.31,0.76,1.88,LOW PRIORITY
35,SEAFOOD,Playas,Guayas,C,3,15.6,2.23,3.12,7.58,18.72,LOW PRIORITY
36,AUTOMOTIVE,Libertad,Guayas,E,10,35.22,5.03,7.04,17.11,42.26,LOW PRIORITY
36,BABY CARE,Libertad,Guayas,E,10,7.39,1.06,1.48,3.59,8.87,LOW PRIORITY
36,BEAUTY,Libertad,Guayas,E,10,14.79,2.11,2.96,7.19,17.75,LOW PRIORITY
36,BEVERAGES,Libertad,Guayas,E,10,24068.92,3438.42,4813.78,11690.62,28882.71,HIGH PRIORITY
36,BOOKS,Libertad,Guayas,E,10,7.39,1.06,1.48,3.59,8.87,LOW PRIORITY
36,BREAD/BAKERY,Libertad,Guayas,E,10,3969.54,567.08,793.91,1928.06,4763.45,HIGH PRIORITY
36,CELEBRATION,Libertad,Guayas,E,10,61.08,8.73,12.22,29.67,73.29,LOW PRIORITY
36,CLEANING,Libertad,Guayas,E,10,5590.9,798.7,1118.18,2715.58,6709.08,HIGH PRIORITY
36,DAIRY,Libertad,Guayas,E,10,4157.26,593.89,831.45,2019.24,4988.71,HIGH PRIORITY
36,DELI,Libertad,Guayas,E,10,1352.85,193.26,270.57,657.1,1623.43,MEDIUM PRIORITY
36,EGGS,Libertad,Guayas,E,10,987.69,141.1,197.54,479.73,1185.22,MEDIUM PRIORITY
36,FROZEN FOODS,Libertad,Guayas,E,10,761.79,108.83,152.36,370.01,914.15,MEDIUM PRIORITY
36,GROCERY I,Libertad,Guayas,E,10,25384.36,3626.34,5076.87,12329.55,30461.23,HIGH PRIORITY
36,GROCERY II,Libertad,Guayas,E,10,61.07,8.72,12.21,29.66,73.28,LOW PRIORITY
36,HARDWARE,Libertad,Guayas,E,10,9.5,1.36,1.9,4.61,11.4,LOW PRIORITY
36,HOME AND KITCHEN I,Libertad,Guayas,E,10,233.69,33.38,46.74,113.51,280.43,MEDIUM PRIORITY
36,HOME AND KITCHEN II,Libertad,Guayas,E,10,50.53,7.22,10.11,24.54,60.64,LOW PRIORITY
36,HOME APPLIANCES,Libertad,Guayas,E,10,7.26,1.04,1.45,3.53,8.71,LOW PRIORITY
36,HOME CARE,Libertad,Guayas,E,10,1409.25,201.32,281.85,684.49,1691.1,MEDIUM PRIORITY
36,LADIESWEAR,Libertad,Guayas,E,10,17.44,2.49,3.49,8.47,20.92,LOW PRIORITY
36,LAWN AND GARDEN,Libertad,Guayas,E,10,180.53,25.79,36.11,87.69,216.64,MEDIUM PRIORITY
36,LINGERIE,Libertad,Guayas,E,10,26.0,3.71,5.2,12.63,31.2,LOW PRIORITY
36,"LIQUOR,WINE,BEER",Libertad,Guayas,E,10,608.26,86.89,121.65,295.44,729.91,MEDIUM PRIORITY
36,MAGAZINES,Libertad,Guayas,E,10,20.54,2.93,4.11,9.98,24.64,LOW PRIORITY
36,MEATS,Libertad,Guayas,E,10,1726.89,246.7,345.38,838.78,2072.27,MEDIUM PRIORITY
36,PERSONAL CARE,Libertad,Guayas,E,10,1392.1,198.87,278.42,676.16,1670.51,MEDIUM PRIORITY
36,PET SUPPLIES,Libertad,Guayas,E,10,32.79,4.68,6.56,15.93,39.35,LOW PRIORITY
36,PLAYERS AND ELECTRONICS,Libertad,Guayas,E,10,23.9,3.41,4.78,11.61,28.68,LOW PRIORITY
36,POULTRY,Libertad,Guayas,E,10,858.18,122.6,171.64,416.83,1029.81,MEDIUM PRIORITY
36,PREPARED FOODS,Libertad,Guayas,E,10,297.07,42.44,59.41,144.29,356.48,MEDIUM PRIORITY
36,PRODUCE,Libertad,Guayas,E,10,9286.51,1326.64,1857.3,4510.59,11143.81,HIGH PRIORITY
36,SCHOOL AND OFFICE SUPPLIES,Libertad,Guayas,E,10,12.86,1.84,2.57,6.25,15.44,LOW PRIORITY
36,SEAFOOD,Libertad,Guayas,E,10,19.51,2.79,3.9,9.47,23.41,LOW PRIORITY
37,AUTOMOTIVE,Cuenca,Azuay,D,2,25.73,3.68,5.15,12.5,30.88,LOW PRIORITY
37,BABY CARE,Cuenca,Azuay,D,2,12.1,1.73,2.42,5.88,14.53,LOW PRIORITY
37,BEAUTY,Cuenca,Azuay,D,2,42.45,6.06,8.49,20.62,50.94,LOW PRIORITY
37,BEVERAGES,Cuenca,Azuay,D,2,16886.18,2412.31,3377.24,8201.86,20263.41,HIGH PRIORITY
37,BOOKS,Cuenca,Azuay,D,2,12.1,1.73,2.42,5.88,14.53,LOW PRIORITY
37,BREAD/BAKERY,Cuenca,Azuay,D,2,3228.18,461.17,645.64,1567.97,3873.81,HIGH PRIORITY
37,CELEBRATION,Cuenca,Azuay,D,2,40.08,5.73,8.02,19.47,48.09,LOW PRIORITY
37,CLEANING,Cuenca,Azuay,D,2,5871.26,838.75,1174.25,2851.75,7045.51,HIGH PRIORITY
37,DAIRY,Cuenca,Azuay,D,2,5531.47,790.21,1106.29,2686.71,6637.76,HIGH PRIORITY
37,DELI,Cuenca,Azuay,D,2,932.86,133.27,186.57,453.1,1119.43,MEDIUM PRIORITY
37,EGGS,Cuenca,Azuay,D,2,795.14,113.59,159.03,386.21,954.17,MEDIUM PRIORITY
37,FROZEN FOODS,Cuenca,Azuay,D,2,769.88,109.98,153.98,373.94,923.86,MEDIUM PRIORITY
37,GROCERY I,Cuenca,Azuay,D,2,22541.44,3220.21,4508.29,10948.7,27049.73,HIGH PRIORITY
37,GROCERY II,Cuenca,Azuay,D,2,268.91,38.42,53.78,130.62,322.7,MEDIUM PRIORITY
37,HARDWARE,Cuenca,Azuay,D,2,16.53,2.36,3.31,8.03,19.84,LOW PRIORITY
37,HOME AND KITCHEN I,Cuenca,Azuay,D,2,205.9,29.41,41.18,100.01,247.08,MEDIUM PRIORITY
37,HOME AND KITCHEN II,Cuenca,Azuay,D,2,167.17,23.88,33.43,81.2,200.61,MEDIUM PRIORITY
37,HOME APPLIANCES,Cuenca,Azuay,D,2,11.92,1.7,2.38,5.79,14.3,LOW PRIORITY
37,HOME CARE,Cuenca,Azuay,D,2,1403.65,200.52,280.73,681.77,1684.38,MEDIUM PRIORITY
37,LADIESWEAR,Cuenca,Azuay,D,2,143.67,20.52,28.73,69.78,172.4,MEDIUM PRIORITY
37,LAWN AND GARDEN,Cuenca,Azuay,D,2,130.14,18.59,26.03,63.21,156.16,MEDIUM PRIORITY
37,LINGERIE,Cuenca,Azuay,D,2,21.44,3.06,4.29,10.41,25.72,LOW PRIORITY
37,"LIQUOR,WINE,BEER",Cuenca,Azuay,D,2,704.46,100.64,140.89,342.17,845.35,MEDIUM PRIORITY
37,MAGAZINES,Cuenca,Azuay,D,2,74.46,10.64,14.89,36.17,89.36,LOW PRIORITY
37,MEATS,Cuenca,Azuay,D,2,1492.37,213.2,298.47,724.86,1790.84,MEDIUM PRIORITY
37,PERSONAL CARE,Cuenca,Azuay,D,2,1728.23,246.89,345.65,839.43,2073.88,MEDIUM PRIORITY
37,PET SUPPLIES,Cuenca,Azuay,D,2,62.87,8.98,12.57,30.54,75.45,LOW PRIORITY
37,PLAYERS AND ELECTRONICS,Cuenca,Azuay,D,2,88.53,12.65,17.71,43.0,106.23,LOW PRIORITY
37,POULTRY,Cuenca,Azuay,D,2,1668.29,238.33,333.66,810.31,2001.95,MEDIUM PRIORITY
37,PREPARED FOODS,Cuenca,Azuay,D,2,464.23,66.32,92.85,225.48,557.07,MEDIUM PRIORITY
37,PRODUCE,Cuenca,Azuay,D,2,16409.16,2344.17,3281.83,7970.16,19691.0,HIGH PRIORITY
37,SCHOOL AND OFFICE SUPPLIES,Cuenca,Azuay,D,2,11.07,1.58,2.21,5.38,13.28,LOW PRIORITY
37,SEAFOOD,Cuenca,Azuay,D,2,73.22,10.46,14.64,35.56,87.86,LOW PRIORITY
38,AUTOMOTIVE,Loja,Loja,D,4,36.53,5.22,7.31,17.74,43.84,LOW PRIORITY
38,BABY CARE,Loja,Loja,D,4,7.67,1.1,1.53,3.73,9.21,LOW PRIORITY
38,BEAUTY,Loja,Loja,D,4,45.28,6.47,9.06,21.99,54.33,LOW PRIORITY
38,BEVERAGES,Loja,Loja,D,4,13759.13,1965.59,2751.83,6683.0,16510.95,HIGH PRIORITY
38,BOOKS,Loja,Loja,D,4,7.67,1.1,1.53,3.73,9.21,LOW PRIORITY
38,BREAD/BAKERY,Loja,Loja,D,4,3028.43,432.63,605.69,1470.95,3634.12,HIGH PRIORITY
38,CELEBRATION,Loja,Loja,D,4,83.41,11.92,16.68,40.51,100.1,LOW PRIORITY
38,CLEANING,Loja,Loja,D,4,6107.22,872.46,1221.44,2966.36,7328.66,HIGH PRIORITY
38,DAIRY,Loja,Loja,D,4,5217.43,745.35,1043.49,2534.18,6260.92,HIGH PRIORITY
38,DELI,Loja,Loja,D,4,934.96,133.57,186.99,454.12,1121.95,MEDIUM PRIORITY
38,EGGS,Loja,Loja,D,4,599.02,85.57,119.8,290.95,718.83,MEDIUM PRIORITY
38,FROZEN FOODS,Loja,Loja,D,4,813.03,116.15,162.61,394.9,975.63,MEDIUM PRIORITY
38,GROCERY I,Loja,Loja,D,4,22956.84,3279.55,4591.37,11150.47,27548.21,HIGH PRIORITY
38,GROCERY II,Loja,Loja,D,4,179.17,25.6,35.83,87.03,215.01,MEDIUM PRIORITY
38,HARDWARE,Loja,Loja,D,4,10.12,1.45,2.02,4.92,12.15,LOW PRIORITY
38,HOME AND KITCHEN I,Loja,Loja,D,4,273.64,39.09,54.73,132.91,328.37,MEDIUM PRIORITY
38,HOME AND KITCHEN II,Loja,Loja,D,4,232.92,33.27,46.58,113.13,279.5,MEDIUM PRIORITY
38,HOME APPLIANCES,Loja,Loja,D,4,7.25,1.04,1.45,3.52,8.7,LOW PRIORITY
38,HOME CARE,Loja,Loja,D,4,2132.54,304.65,426.51,1035.8,2559.05,HIGH PRIORITY
38,LADIESWEAR,Loja,Loja,D,4,169.16,24.17,33.83,82.17,203.0,MEDIUM PRIORITY
38,LAWN AND GARDEN,Loja,Loja,D,4,81.5,11.64,16.3,39.58,97.8,LOW PRIORITY
38,LINGERIE,Loja,Loja,D,4,55.22,7.89,11.04,26.82,66.27,LOW PRIORITY
38,"LIQUOR,WINE,BEER",Loja,Loja,D,4,832.9,118.99,166.58,404.55,999.48,MEDIUM PRIORITY
38,MAGAZINES,Loja,Loja,D,4,78.95,11.28,15.79,38.35,94.74,LOW PRIORITY
38,MEATS,Loja,Loja,D,4,1096.6,156.66,219.32,532.63,1315.92,MEDIUM PRIORITY
38,PERSONAL CARE,Loja,Loja,D,4,2416.62,345.23,483.32,1173.79,2899.95,HIGH PRIORITY
38,PET SUPPLIES,Loja,Loja,D,4,48.99,7.0,9.8,23.8,58.79,LOW PRIORITY
38,PLAYERS AND ELECTRONICS,Loja,Loja,D,4,62.46,8.92,12.49,30.34,74.96,LOW PRIORITY
38,POULTRY,Loja,Loja,D,4,874.57,124.94,174.91,424.79,1049.48,MEDIUM PRIORITY
38,PREPARED FOODS,Loja,Loja,D,4,565.98,80.85,113.2,274.91,679.18,MEDIUM PRIORITY
38,PRODUCE,Loja,Loja,D,4,13654.92,1950.7,2730.98,6632.39,16385.9,HIGH PRIORITY
38,SCHOOL AND OFFICE SUPPLIES,Loja,Loja,D,4,96.19,13.74,19.24,46.72,115.43,MEDIUM PRIORITY
38,SEAFOOD,Loja,Loja,D,4,96.83,13.83,19.37,47.03,116.2,MEDIUM PRIORITY
39,AUTOMOTIVE,Cuenca,Azuay,B,6,40.96,5.85,8.19,19.9,49.15,LOW PRIORITY
39,BABY CARE,Cuenca,Azuay,B,6,9.63,1.38,1.93,4.68,11.55,LOW PRIORITY
39,BEAUTY,Cuenca,Azuay,B,6,24.73,3.53,4.95,12.01,29.68,LOW PRIORITY
39,BEVERAGES,Cuenca,Azuay,B,6,22997.52,3285.36,4599.5,11170.23,27597.03,HIGH PRIORITY
39,BOOKS,Cuenca,Azuay,B,6,9.33,1.33,1.87,4.53,11.19,LOW PRIORITY
39,BREAD/BAKERY,Cuenca,Azuay,B,6,4572.84,653.26,914.57,2221.09,5487.4,HIGH PRIORITY
39,CELEBRATION,Cuenca,Azuay,B,6,38.5,5.5,7.7,18.7,46.2,LOW PRIORITY
39,CLEANING,Cuenca,Azuay,B,6,8539.53,1219.93,1707.91,4147.77,10247.44,HIGH PRIORITY
39,DAIRY,Cuenca,Azuay,B,6,4288.34,612.62,857.67,2082.91,5146.01,HIGH PRIORITY
39,DELI,Cuenca,Azuay,B,6,1225.91,175.13,245.18,595.44,1471.09,MEDIUM PRIORITY
39,EGGS,Cuenca,Azuay,B,6,3283.54,469.08,656.71,1594.86,3940.25,HIGH PRIORITY
39,FROZEN FOODS,Cuenca,Azuay,B,6,446.1,63.73,89.22,216.68,535.32,MEDIUM PRIORITY
39,GROCERY I,Cuenca,Azuay,B,6,32788.77,4684.11,6557.75,15925.97,39346.52,HIGH PRIORITY
39,GROCERY II,Cuenca,Azuay,B,6,205.3,29.33,41.06,99.72,246.36,MEDIUM PRIORITY
39,HARDWARE,Cuenca,Azuay,B,6,12.81,1.83,2.56,6.22,15.37,LOW PRIORITY
39,HOME AND KITCHEN I,Cuenca,Azuay,B,6,182.29,26.04,36.46,88.54,218.75,MEDIUM PRIORITY
39,HOME AND KITCHEN II,Cuenca,Azuay,B,6,100.08,14.3,20.02,48.61,120.09,MEDIUM PRIORITY
39,HOME APPLIANCES,Cuenca,Azuay,B,6,9.14,1.31,1.83,4.44,10.97,LOW PRIORITY
39,HOME CARE,Cuenca,Azuay,B,6,2322.22,331.75,464.44,1127.94,2786.67,HIGH PRIORITY
39,LADIESWEAR,Cuenca,Azuay,B,6,45.16,6.45,9.03,21.93,54.19,LOW PRIORITY
39,LAWN AND GARDEN,Cuenca,Azuay,B,6,70.29,10.04,14.06,34.14,84.35,LOW PRIORITY
39,LINGERIE,Cuenca,Azuay,B,6,43.66,6.24,8.73,21.21,52.39,LOW PRIORITY
39,"LIQUOR,WINE,BEER",Cuenca,Azuay,B,6,407.87,58.27,81.57,198.11,489.45,MEDIUM PRIORITY
39,MAGAZINES,Cuenca,Azuay,B,6,37.26,5.32,7.45,18.1,44.71,LOW PRIORITY
39,MEATS,Cuenca,Azuay,B,6,1093.92,156.27,218.78,531.33,1312.71,MEDIUM PRIORITY
39,PERSONAL CARE,Cuenca,Azuay,B,6,2041.07,291.58,408.21,991.38,2449.29,HIGH PRIORITY
39,PET SUPPLIES,Cuenca,Azuay,B,6,35.54,5.08,7.11,17.26,42.64,LOW PRIORITY
39,PLAYERS AND ELECTRONICS,Cuenca,Azuay,B,6,42.1,6.01,8.42,20.45,50.52,LOW PRIORITY
39,POULTRY,Cuenca,Azuay,B,6,1520.6,217.23,304.12,738.58,1824.72,MEDIUM PRIORITY
39,PREPARED FOODS,Cuenca,Azuay,B,6,319.19,45.6,63.84,155.04,383.03,MEDIUM PRIORITY
39,PRODUCE,Cuenca,Azuay,B,6,11023.8,1574.83,2204.76,5354.42,13228.56,HIGH PRIORITY
39,SCHOOL AND OFFICE SUPPLIES,Cuenca,Azuay,B,6,40.73,5.82,8.15,19.78,48.88,LOW PRIORITY
39,SEAFOOD,Cuenca,Azuay,B,6,84.32,12.05,16.86,40.95,101.18,LOW PRIORITY
40,AUTOMOTIVE,Machala,El Oro,C,3,23.19,3.31,4.64,11.26,27.83,LOW PRIORITY
40,BABY CARE,Machala,El Oro,C,3,6.91,0.99,1.38,3.35,8.29,LOW PRIORITY
40,BEAUTY,Machala,El Oro,C,3,19.49,2.78,3.9,9.47,23.39,LOW PRIORITY
40,BEVERAGES,Machala,El Oro,C,3,32844.63,4692.09,6568.93,15953.1,39413.55,HIGH PRIORITY
40,BOOKS,Machala,El Oro,C,3,6.91,0.99,1.38,3.35,8.29,LOW PRIORITY
40,BREAD/BAKERY,Machala,El Oro,C,3,3066.58,438.08,613.32,1489.48,3679.9,HIGH PRIORITY
40,CELEBRATION,Machala,El Oro,C,3,72.55,10.36,14.51,35.24,87.06,LOW PRIORITY
40,CLEANING,Machala,El Oro,C,3,10740.45,1534.35,2148.09,5216.79,12888.54,HIGH PRIORITY
40,DAIRY,Machala,El Oro,C,3,4477.26,639.61,895.45,2174.67,5372.71,HIGH PRIORITY
40,DELI,Machala,El Oro,C,3,1859.88,265.7,371.98,903.37,2231.85,HIGH PRIORITY
40,EGGS,Machala,El Oro,C,3,1229.1,175.59,245.82,596.99,1474.92,MEDIUM PRIORITY
40,FROZEN FOODS,Machala,El Oro,C,3,470.04,67.15,94.01,228.31,564.05,MEDIUM PRIORITY
40,GROCERY I,Machala,El Oro,C,3,39812.71,5687.53,7962.54,19337.6,47775.25,HIGH PRIORITY
40,GROCERY II,Machala,El Oro,C,3,55.28,7.9,11.06,26.85,66.34,LOW PRIORITY
40,HARDWARE,Machala,El Oro,C,3,16.81,2.4,3.36,8.16,20.17,LOW PRIORITY
40,HOME AND KITCHEN I,Machala,El Oro,C,3,196.96,28.14,39.39,95.67,236.35,MEDIUM PRIORITY
40,HOME AND KITCHEN II,Machala,El Oro,C,3,154.89,22.13,30.98,75.23,185.87,MEDIUM PRIORITY
40,HOME APPLIANCES,Machala,El Oro,C,3,6.77,0.97,1.35,3.29,8.13,LOW PRIORITY
40,HOME CARE,Machala,El Oro,C,3,2565.94,366.56,513.19,1246.31,3079.13,HIGH PRIORITY
40,LADIESWEAR,Machala,El Oro,C,3,17.87,2.55,3.57,8.68,21.45,LOW PRIORITY
40,LAWN AND GARDEN,Machala,El Oro,C,3,14.1,2.01,2.82,6.85,16.92,LOW PRIORITY
40,LINGERIE,Machala,El Oro,C,3,54.16,7.74,10.83,26.31,64.99,LOW PRIORITY
40,"LIQUOR,WINE,BEER",Machala,El Oro,C,3,201.36,28.77,40.27,97.8,241.63,MEDIUM PRIORITY
40,MAGAZINES,Machala,El Oro,C,3,22.09,3.16,4.42,10.73,26.51,LOW PRIORITY
40,MEATS,Machala,El Oro,C,3,930.89,132.98,186.18,452.15,1117.07,MEDIUM PRIORITY
40,PERSONAL CARE,Machala,El Oro,C,3,2047.47,292.5,409.49,994.49,2456.97,HIGH PRIORITY
40,PET SUPPLIES,Machala,El Oro,C,3,22.42,3.2,4.48,10.89,26.9,LOW PRIORITY
40,PLAYERS AND ELECTRONICS,Machala,El Oro,C,3,55.6,7.94,11.12,27.0,66.72,LOW PRIORITY
40,POULTRY,Machala,El Oro,C,3,1165.48,166.5,233.1,566.09,1398.57,MEDIUM PRIORITY
40,PREPARED FOODS,Machala,El Oro,C,3,360.67,51.52,72.13,175.18,432.81,MEDIUM PRIORITY
40,PRODUCE,Machala,El Oro,C,3,8214.72,1173.53,1642.94,3990.01,9857.66,HIGH PRIORITY
40,SCHOOL AND OFFICE SUPPLIES,Machala,El Oro,C,3,6.68,0.95,1.34,3.25,8.02,LOW PRIORITY
40,SEAFOOD,Machala,El Oro,C,3,37.14,5.31,7.43,18.04,44.57,LOW PRIORITY
41,AUTOMOTIVE,Machala,El Oro,D,4,47.19,6.74,9.44,22.92,56.63,LOW PRIORITY
41,BABY CARE,Machala,El Oro,D,4,12.0,1.71,2.4,5.83,14.4,LOW PRIORITY
41,BEAUTY,Machala,El Oro,D,4,64.76,9.25,12.95,31.45,77.71,LOW PRIORITY
41,BEVERAGES,Machala,El Oro,D,4,14585.95,2083.71,2917.19,7084.61,17503.14,HIGH PRIORITY
41,BOOKS,Machala,El Oro,D,4,12.0,1.71,2.4,5.83,14.4,LOW PRIORITY
41,BREAD/BAKERY,Machala,El Oro,D,4,3335.63,476.52,667.13,1620.16,4002.76,HIGH PRIORITY
41,CELEBRATION,Machala,El Oro,D,4,60.33,8.62,12.07,29.3,72.39,LOW PRIORITY
41,CLEANING,Machala,El Oro,D,4,6953.06,993.29,1390.61,3377.2,8343.67,HIGH PRIORITY
41,DAIRY,Machala,El Oro,D,4,5090.12,727.16,1018.02,2472.34,6108.14,HIGH PRIORITY
41,DELI,Machala,El Oro,D,4,1490.32,212.9,298.06,723.87,1788.39,MEDIUM PRIORITY
41,EGGS,Machala,El Oro,D,4,913.86,130.55,182.77,443.87,1096.63,MEDIUM PRIORITY
41,FROZEN FOODS,Machala,El Oro,D,4,1042.19,148.88,208.44,506.21,1250.63,MEDIUM PRIORITY
41,GROCERY I,Machala,El Oro,D,4,25151.79,3593.11,5030.36,12216.59,30182.15,HIGH PRIORITY
41,GROCERY II,Machala,El Oro,D,4,218.87,31.27,43.77,106.31,262.64,MEDIUM PRIORITY
41,HARDWARE,Machala,El Oro,D,4,19.27,2.75,3.85,9.36,23.12,LOW PRIORITY
41,HOME AND KITCHEN I,Machala,El Oro,D,4,214.02,30.57,42.8,103.95,256.82,MEDIUM PRIORITY
41,HOME AND KITCHEN II,Machala,El Oro,D,4,203.03,29.0,40.61,98.61,243.63,MEDIUM PRIORITY
41,HOME APPLIANCES,Machala,El Oro,D,4,11.71,1.67,2.34,5.69,14.06,LOW PRIORITY
41,HOME CARE,Machala,El Oro,D,4,1714.56,244.94,342.91,832.79,2057.47,MEDIUM PRIORITY
41,LADIESWEAR,Machala,El Oro,D,4,164.97,23.57,32.99,80.13,197.97,MEDIUM PRIORITY
41,LAWN AND GARDEN,Machala,El Oro,D,4,91.75,13.11,18.35,44.56,110.1,MEDIUM PRIORITY
41,LINGERIE,Machala,El Oro,D,4,54.64,7.81,10.93,26.54,65.57,LOW PRIORITY
41,"LIQUOR,WINE,BEER",Machala,El Oro,D,4,781.98,111.71,156.4,379.82,938.37,MEDIUM PRIORITY
41,MAGAZINES,Machala,El Oro,D,4,81.86,11.69,16.37,39.76,98.23,LOW PRIORITY
41,MEATS,Machala,El Oro,D,4,1717.71,245.39,343.54,834.32,2061.25,MEDIUM PRIORITY
41,PERSONAL CARE,Machala,El Oro,D,4,2255.07,322.15,451.01,1095.32,2706.08,HIGH PRIORITY
41,PET SUPPLIES,Machala,El Oro,D,4,104.45,14.92,20.89,50.73,125.34,MEDIUM PRIORITY
41,PLAYERS AND ELECTRONICS,Machala,El Oro,D,4,58.78,8.4,11.76,28.55,70.54,LOW PRIORITY
41,POULTRY,Machala,El Oro,D,4,1362.74,194.68,272.55,661.9,1635.29,MEDIUM PRIORITY
41,PREPARED FOODS,Machala,El Oro,D,4,450.28,64.33,90.06,218.71,540.34,MEDIUM PRIORITY
41,PRODUCE,Machala,El Oro,D,4,14445.24,2063.61,2889.05,7016.26,17334.28,HIGH PRIORITY
41,SCHOOL AND OFFICE SUPPLIES,Machala,El Oro,D,4,14.04,2.01,2.81,6.82,16.85,LOW PRIORITY
41,SEAFOOD,Machala,El Oro,D,4,49.53,7.08,9.91,24.06,59.43,LOW PRIORITY
42,AUTOMOTIVE,Cuenca,Azuay,D,2,36.25,5.18,7.25,17.61,43.51,LOW PRIORITY
42,BABY CARE,Cuenca,Azuay,D,2,12.1,1.73,2.42,5.88,14.53,LOW PRIORITY
42,BEAUTY,Cuenca,Azuay,D,2,38.49,5.5,7.7,18.7,46.19,LOW PRIORITY
42,BEVERAGES,Cuenca,Azuay,D,2,14848.93,2121.28,2969.79,7212.34,17818.71,HIGH PRIORITY
42,BOOKS,Cuenca,Azuay,D,2,12.1,1.73,2.42,5.88,14.53,LOW PRIORITY
42,BREAD/BAKERY,Cuenca,Azuay,D,2,2996.34,428.05,599.27,1455.36,3595.6,HIGH PRIORITY
42,CELEBRATION,Cuenca,Azuay,D,2,51.34,7.33,10.27,24.93,61.6,LOW PRIORITY
42,CLEANING,Cuenca,Azuay,D,2,4748.76,678.39,949.75,2306.54,5698.51,HIGH PRIORITY
42,DAIRY,Cuenca,Azuay,D,2,5482.74,783.25,1096.55,2663.05,6579.29,HIGH PRIORITY
42,DELI,Cuenca,Azuay,D,2,1018.16,145.45,203.63,494.53,1221.79,MEDIUM PRIORITY
42,EGGS,Cuenca,Azuay,D,2,843.52,120.5,168.7,409.71,1012.23,MEDIUM PRIORITY
42,FROZEN FOODS,Cuenca,Azuay,D,2,745.53,106.5,149.11,362.11,894.63,MEDIUM PRIORITY
42,GROCERY I,Cuenca,Azuay,D,2,19392.31,2770.33,3878.46,9419.12,23270.77,HIGH PRIORITY
42,GROCERY II,Cuenca,Azuay,D,2,200.5,28.64,40.1,97.38,240.6,MEDIUM PRIORITY
42,HARDWARE,Cuenca,Azuay,D,2,14.41,2.06,2.88,7.0,17.29,LOW PRIORITY
42,HOME AND KITCHEN I,Cuenca,Azuay,D,2,232.0,33.14,46.4,112.68,278.4,MEDIUM PRIORITY
42,HOME AND KITCHEN II,Cuenca,Azuay,D,2,235.79,33.68,47.16,114.53,282.95,MEDIUM PRIORITY
42,HOME APPLIANCES,Cuenca,Azuay,D,2,11.92,1.7,2.38,5.79,14.3,LOW PRIORITY
42,HOME CARE,Cuenca,Azuay,D,2,1218.19,174.03,243.64,591.69,1461.83,MEDIUM PRIORITY
42,LADIESWEAR,Cuenca,Azuay,D,2,83.56,11.94,16.71,40.59,100.28,LOW PRIORITY
42,LAWN AND GARDEN,Cuenca,Azuay,D,2,224.86,32.12,44.97,109.22,269.83,MEDIUM PRIORITY
42,LINGERIE,Cuenca,Azuay,D,2,32.77,4.68,6.55,15.92,39.33,LOW PRIORITY
42,"LIQUOR,WINE,BEER",Cuenca,Azuay,D,2,457.13,65.3,91.43,222.03,548.56,MEDIUM PRIORITY
42,MAGAZINES,Cuenca,Azuay,D,2,57.1,8.16,11.42,27.73,68.52,LOW PRIORITY
42,MEATS,Cuenca,Azuay,D,2,1623.2,231.89,324.64,788.41,1947.83,MEDIUM PRIORITY
42,PERSONAL CARE,Cuenca,Azuay,D,2,1558.93,222.7,311.79,757.2,1870.72,MEDIUM PRIORITY
42,PET SUPPLIES,Cuenca,Azuay,D,2,54.14,7.73,10.83,26.3,64.97,LOW PRIORITY
42,PLAYERS AND ELECTRONICS,Cuenca,Azuay,D,2,51.77,7.4,10.35,25.14,62.12,LOW PRIORITY
42,POULTRY,Cuenca,Azuay,D,2,1504.36,214.91,300.87,730.69,1805.23,MEDIUM PRIORITY
42,PREPARED FOODS,Cuenca,Azuay,D,2,296.59,42.37,59.32,144.06,355.91,MEDIUM PRIORITY
42,PRODUCE,Cuenca,Azuay,D,2,15884.36,2269.19,3176.87,7715.26,19061.23,HIGH PRIORITY
42,SCHOOL AND OFFICE SUPPLIES,Cuenca,Azuay,D,2,13.51,1.93,2.7,6.56,16.21,LOW PRIORITY
42,SEAFOOD,Cuenca,Azuay,D,2,70.72,10.1,14.14,34.35,84.87,LOW PRIORITY
43,AUTOMOTIVE,Esmeraldas,Esmeraldas,E,10,42.54,6.08,8.51,20.66,51.05,LOW PRIORITY
43,BABY CARE,Esmeraldas,Esmeraldas,E,10,8.01,1.14,1.6,3.89,9.62,LOW PRIORITY
43,BEAUTY,Esmeraldas,Esmeraldas,E,10,37.31,5.33,7.46,18.12,44.77,LOW PRIORITY
43,BEVERAGES,Esmeraldas,Esmeraldas,E,10,31775.51,4539.36,6355.1,15433.82,38130.61,HIGH PRIORITY
43,BOOKS,Esmeraldas,Esmeraldas,E,10,8.01,1.14,1.6,3.89,9.62,LOW PRIORITY
43,BREAD/BAKERY,Esmeraldas,Esmeraldas,E,10,3862.92,551.85,772.58,1876.27,4635.5,HIGH PRIORITY
43,CELEBRATION,Esmeraldas,Esmeraldas,E,10,125.0,17.86,25.0,60.72,150.0,MEDIUM PRIORITY
43,CLEANING,Esmeraldas,Esmeraldas,E,10,7973.89,1139.13,1594.78,3873.03,9568.67,HIGH PRIORITY
43,DAIRY,Esmeraldas,Esmeraldas,E,10,4748.72,678.39,949.74,2306.52,5698.46,HIGH PRIORITY
43,DELI,Esmeraldas,Esmeraldas,E,10,2010.5,287.21,402.1,976.53,2412.6,HIGH PRIORITY
43,EGGS,Esmeraldas,Esmeraldas,E,10,1585.36,226.48,317.07,770.03,1902.44,MEDIUM PRIORITY
43,FROZEN FOODS,Esmeraldas,Esmeraldas,E,10,643.16,91.88,128.63,312.39,771.79,MEDIUM PRIORITY
43,GROCERY I,Esmeraldas,Esmeraldas,E,10,30538.03,4362.58,6107.61,14832.76,36645.64,HIGH PRIORITY
43,GROCERY II,Esmeraldas,Esmeraldas,E,10,119.32,17.05,23.86,57.96,143.18,MEDIUM PRIORITY
43,HARDWARE,Esmeraldas,Esmeraldas,E,10,9.29,1.33,1.86,4.51,11.15,LOW PRIORITY
43,HOME AND KITCHEN I,Esmeraldas,Esmeraldas,E,10,132.66,18.95,26.53,64.44,159.2,MEDIUM PRIORITY
43,HOME AND KITCHEN II,Esmeraldas,Esmeraldas,E,10,158.62,22.66,31.72,77.05,190.35,MEDIUM PRIORITY
43,HOME APPLIANCES,Esmeraldas,Esmeraldas,E,10,8.4,1.2,1.68,4.08,10.08,LOW PRIORITY
43,HOME CARE,Esmeraldas,Esmeraldas,E,10,1744.62,249.23,348.92,847.39,2093.55,MEDIUM PRIORITY
43,LADIESWEAR,Esmeraldas,Esmeraldas,E,10,14.41,2.06,2.88,7.0,17.3,LOW PRIORITY
43,LAWN AND GARDEN,Esmeraldas,Esmeraldas,E,10,50.91,7.27,10.18,24.73,61.09,LOW PRIORITY
43,LINGERIE,Esmeraldas,Esmeraldas,E,10,22.47,3.21,4.49,10.92,26.97,LOW PRIORITY
43,"LIQUOR,WINE,BEER",Esmeraldas,Esmeraldas,E,10,684.46,97.78,136.89,332.45,821.35,MEDIUM PRIORITY
43,MAGAZINES,Esmeraldas,Esmeraldas,E,10,21.58,3.08,4.32,10.48,25.89,LOW PRIORITY
43,MEATS,Esmeraldas,Esmeraldas,E,10,1490.12,212.87,298.02,723.77,1788.14,MEDIUM PRIORITY
43,PERSONAL CARE,Esmeraldas,Esmeraldas,E,10,1950.64,278.66,390.13,947.45,2340.76,HIGH PRIORITY
43,PET SUPPLIES,Esmeraldas,Esmeraldas,E,10,29.96,4.28,5.99,14.55,35.96,LOW PRIORITY
43,PLAYERS AND ELECTRONICS,Esmeraldas,Esmeraldas,E,10,20.69,2.96,4.14,10.05,24.83,LOW PRIORITY
43,POULTRY,Esmeraldas,Esmeraldas,E,10,1828.83,261.26,365.77,888.29,2194.59,MEDIUM PRIORITY
43,PREPARED FOODS,Esmeraldas,Esmeraldas,E,10,883.27,126.18,176.65,429.02,1059.93,MEDIUM PRIORITY
43,PRODUCE,Esmeraldas,Esmeraldas,E,10,8871.44,1267.35,1774.29,4308.98,10645.72,HIGH PRIORITY
43,SCHOOL AND OFFICE SUPPLIES,Esmeraldas,Esmeraldas,E,10,19.43,2.78,3.89,9.44,23.31,LOW PRIORITY
43,SEAFOOD,Esmeraldas,Esmeraldas,E,10,17.56,2.51,3.51,8.53,21.07,LOW PRIORITY
44,AUTOMOTIVE,Quito,Pichincha,A,5,108.73,15.53,21.75,52.81,130.47,MEDIUM PRIORITY
44,BABY CARE,Quito,Pichincha,A,5,11.65,1.66,2.33,5.66,13.98,LOW PRIORITY
44,BEAUTY,Quito,Pichincha,A,5,81.14,11.59,16.23,39.41,97.37,LOW PRIORITY
44,BEVERAGES,Quito,Pichincha,A,5,69618.62,9945.52,13923.72,33814.76,83542.34,HIGH PRIORITY
44,BOOKS,Quito,Pichincha,A,5,11.65,1.66,2.33,5.66,13.98,LOW PRIORITY
44,BREAD/BAKERY,Quito,Pichincha,A,5,11140.7,1591.53,2228.14,5411.2,13368.84,HIGH PRIORITY
44,CELEBRATION,Quito,Pichincha,A,5,173.67,24.81,34.73,84.36,208.41,MEDIUM PRIORITY
44,CLEANING,Quito,Pichincha,A,5,15574.77,2224.97,3114.95,7564.89,18689.72,HIGH PRIORITY
44,DAIRY,Quito,Pichincha,A,5,16825.75,2403.68,3365.15,8172.51,20190.9,HIGH PRIORITY
44,DELI,Quito,Pichincha,A,5,3613.88,516.27,722.78,1755.31,4336.66,HIGH PRIORITY
44,EGGS,Quito,Pichincha,A,5,4233.91,604.84,846.78,2056.47,5080.7,HIGH PRIORITY
44,FROZEN FOODS,Quito,Pichincha,A,5,2997.75,428.25,599.55,1456.05,3597.3,HIGH PRIORITY
44,GROCERY I,Quito,Pichincha,A,5,69129.19,9875.6,13825.84,33577.04,82955.03,HIGH PRIORITY
44,GROCERY II,Quito,Pichincha,A,5,581.58,83.08,116.32,282.48,697.9,MEDIUM PRIORITY
44,HARDWARE,Quito,Pichincha,A,5,26.66,3.81,5.33,12.95,32.0,LOW PRIORITY
44,HOME AND KITCHEN I,Quito,Pichincha,A,5,822.0,117.43,164.4,399.26,986.4,MEDIUM PRIORITY
44,HOME AND KITCHEN II,Quito,Pichincha,A,5,817.73,116.82,163.55,397.19,981.28,MEDIUM PRIORITY
44,HOME APPLIANCES,Quito,Pichincha,A,5,11.49,1.64,2.3,5.58,13.78,LOW PRIORITY
44,HOME CARE,Quito,Pichincha,A,5,4556.61,650.94,911.32,2213.21,5467.93,HIGH PRIORITY
44,LADIESWEAR,Quito,Pichincha,A,5,184.07,26.3,36.81,89.41,220.89,MEDIUM PRIORITY
44,LAWN AND GARDEN,Quito,Pichincha,A,5,196.29,28.04,39.26,95.34,235.55,MEDIUM PRIORITY
44,LINGERIE,Quito,Pichincha,A,5,410.72,58.67,82.14,199.49,492.87,MEDIUM PRIORITY
44,"LIQUOR,WINE,BEER",Quito,Pichincha,A,5,2288.26,326.89,457.65,1111.44,2745.91,HIGH PRIORITY
44,MAGAZINES,Quito,Pichincha,A,5,179.74,25.68,35.95,87.3,215.69,MEDIUM PRIORITY
44,MEATS,Quito,Pichincha,A,5,6398.51,914.07,1279.7,3107.85,7678.21,HIGH PRIORITY
44,PERSONAL CARE,Quito,Pichincha,A,5,3936.27,562.32,787.25,1911.9,4723.53,HIGH PRIORITY
44,PET SUPPLIES,Quito,Pichincha,A,5,253.87,36.27,50.77,123.31,304.65,MEDIUM PRIORITY
44,PLAYERS AND ELECTRONICS,Quito,Pichincha,A,5,252.81,36.12,50.56,122.79,303.37,MEDIUM PRIORITY
44,POULTRY,Quito,Pichincha,A,5,8222.76,1174.68,1644.55,3993.91,9867.31,HIGH PRIORITY
44,PREPARED FOODS,Quito,Pichincha,A,5,2114.58,302.08,422.92,1027.08,2537.5,HIGH PRIORITY
44,PRODUCE,Quito,Pichincha,A,5,66459.98,9494.28,13292.0,32280.56,79751.97,HIGH PRIORITY
44,SCHOOL AND OFFICE SUPPLIES,Quito,Pichincha,A,5,2410.96,344.42,482.19,1171.04,2893.15,HIGH PRIORITY
44,SEAFOOD,Quito,Pichincha,A,5,663.07,94.72,132.61,322.06,795.69,MEDIUM PRIORITY
45,AUTOMOTIVE,Quito,Pichincha,A,11,127.0,18.14,25.4,61.69,152.41,MEDIUM PRIORITY
45,BABY CARE,Quito,Pichincha,A,11,10.66,1.52,2.13,5.18,12.79,LOW PRIORITY
45,BEAUTY,Quito,Pichincha,A,11,96.42,13.77,19.28,46.83,115.71,MEDIUM PRIORITY
45,BEVERAGES,Quito,Pichincha,A,11,64959.74,9279.96,12991.95,31551.87,77951.69,HIGH PRIORITY
45,BOOKS,Quito,Pichincha,A,11,10.66,1.52,2.13,5.18,12.79,LOW PRIORITY
45,BREAD/BAKERY,Quito,Pichincha,A,11,8316.98,1188.14,1663.4,4039.68,9980.38,HIGH PRIORITY
45,CELEBRATION,Quito,Pichincha,A,11,183.05,26.15,36.61,88.91,219.66,MEDIUM PRIORITY
45,CLEANING,Quito,Pichincha,A,11,17138.38,2448.34,3427.68,8324.35,20566.05,HIGH PRIORITY
45,DAIRY,Quito,Pichincha,A,11,15379.65,2197.09,3075.93,7470.11,18455.58,HIGH PRIORITY
45,DELI,Quito,Pichincha,A,11,5003.34,714.76,1000.67,2430.2,6004.01,HIGH PRIORITY
45,EGGS,Quito,Pichincha,A,11,2619.92,374.27,523.98,1272.53,3143.9,HIGH PRIORITY
45,FROZEN FOODS,Quito,Pichincha,A,11,2337.71,333.96,467.54,1135.46,2805.25,HIGH PRIORITY
45,GROCERY I,Quito,Pichincha,A,11,71076.18,10153.74,14215.24,34522.71,85291.41,HIGH PRIORITY
45,GROCERY II,Quito,Pichincha,A,11,843.84,120.55,168.77,409.87,1012.61,MEDIUM PRIORITY
45,HARDWARE,Quito,Pichincha,A,11,15.81,2.26,3.16,7.68,18.97,LOW PRIORITY
45,HOME AND KITCHEN I,Quito,Pichincha,A,11,582.39,83.2,116.48,282.88,698.87,MEDIUM PRIORITY
45,HOME AND KITCHEN II,Quito,Pichincha,A,11,591.57,84.51,118.31,287.34,709.89,MEDIUM PRIORITY
45,HOME APPLIANCES,Quito,Pichincha,A,11,11.54,1.65,2.31,5.61,13.85,LOW PRIORITY
45,HOME CARE,Quito,Pichincha,A,11,4666.0,666.57,933.2,2266.34,5599.2,HIGH PRIORITY
45,LADIESWEAR,Quito,Pichincha,A,11,159.37,22.77,31.87,77.41,191.24,MEDIUM PRIORITY
45,LAWN AND GARDEN,Quito,Pichincha,A,11,235.28,33.61,47.06,114.28,282.34,MEDIUM PRIORITY
45,LINGERIE,Quito,Pichincha,A,11,53.01,7.57,10.6,25.75,63.61,LOW PRIORITY
45,"LIQUOR,WINE,BEER",Quito,Pichincha,A,11,1682.73,240.39,336.55,817.32,2019.27,MEDIUM PRIORITY
45,MAGAZINES,Quito,Pichincha,A,11,164.7,23.53,32.94,80.0,197.64,MEDIUM PRIORITY
45,MEATS,Quito,Pichincha,A,11,9321.63,1331.66,1864.33,4527.65,11185.95,HIGH PRIORITY
45,PERSONAL CARE,Quito,Pichincha,A,11,5211.72,744.53,1042.34,2531.41,6254.07,HIGH PRIORITY
45,PET SUPPLIES,Quito,Pichincha,A,11,174.86,24.98,34.97,84.93,209.83,MEDIUM PRIORITY
45,PLAYERS AND ELECTRONICS,Quito,Pichincha,A,11,198.67,28.38,39.73,96.5,238.4,MEDIUM PRIORITY
45,POULTRY,Quito,Pichincha,A,11,9096.35,1299.48,1819.27,4418.23,10915.62,HIGH PRIORITY
45,PREPARED FOODS,Quito,Pichincha,A,11,1813.7,259.1,362.74,880.94,2176.44,MEDIUM PRIORITY
45,PRODUCE,Quito,Pichincha,A,11,44022.88,6288.98,8804.58,21382.54,52827.46,HIGH PRIORITY
45,SCHOOL AND OFFICE SUPPLIES,Quito,Pichincha,A,11,3144.51,449.22,628.9,1527.33,3773.41,HIGH PRIORITY
45,SEAFOOD,Quito,Pichincha,A,11,673.14,96.16,134.63,326.95,807.77,MEDIUM PRIORITY
46,AUTOMOTIVE,Quito,Pichincha,A,14,97.34,13.91,19.47,47.28,116.81,MEDIUM PRIORITY
46,BABY CARE,Quito,Pichincha,A,14,10.66,1.52,2.13,5.18,12.79,LOW PRIORITY
46,BEAUTY,Quito,Pichincha,A,14,191.78,27.4,38.36,93.15,230.14,MEDIUM PRIORITY
46,BEVERAGES,Quito,Pichincha,A,14,38907.15,5558.16,7781.43,18897.76,46688.58,HIGH PRIORITY
46,BOOKS,Quito,Pichincha,A,14,10.66,1.52,2.13,5.18,12.79,LOW PRIORITY
46,BREAD/BAKERY,Quito,Pichincha,A,14,6285.93,897.99,1257.19,3053.16,7543.11,HIGH PRIORITY
46,CELEBRATION,Quito,Pichincha,A,14,95.78,13.68,19.16,46.52,114.94,MEDIUM PRIORITY
46,CLEANING,Quito,Pichincha,A,14,14699.8,2099.97,2939.96,7139.9,17639.76,HIGH PRIORITY
46,DAIRY,Quito,Pichincha,A,14,10286.24,1469.46,2057.25,4996.17,12343.49,HIGH PRIORITY
46,DELI,Quito,Pichincha,A,14,5582.07,797.44,1116.41,2711.29,6698.49,HIGH PRIORITY
46,EGGS,Quito,Pichincha,A,14,1006.48,143.78,201.3,488.86,1207.78,MEDIUM PRIORITY
46,FROZEN FOODS,Quito,Pichincha,A,14,1879.45,268.49,375.89,912.88,2255.34,HIGH PRIORITY
46,GROCERY I,Quito,Pichincha,A,14,64674.83,9239.26,12934.97,31413.49,77609.79,HIGH PRIORITY
46,GROCERY II,Quito,Pichincha,A,14,288.26,41.18,57.65,140.01,345.91,MEDIUM PRIORITY
46,HARDWARE,Quito,Pichincha,A,14,30.31,4.33,6.06,14.72,36.37,LOW PRIORITY
46,HOME AND KITCHEN I,Quito,Pichincha,A,14,413.51,59.07,82.7,200.85,496.22,MEDIUM PRIORITY
46,HOME AND KITCHEN II,Quito,Pichincha,A,14,172.14,24.59,34.43,83.61,206.57,MEDIUM PRIORITY
46,HOME APPLIANCES,Quito,Pichincha,A,14,11.43,1.63,2.29,5.55,13.72,LOW PRIORITY
46,HOME CARE,Quito,Pichincha,A,14,4317.27,616.75,863.45,2096.96,5180.73,HIGH PRIORITY
46,LADIESWEAR,Quito,Pichincha,A,14,208.16,29.74,41.63,101.11,249.8,MEDIUM PRIORITY
46,LAWN AND GARDEN,Quito,Pichincha,A,14,199.38,28.48,39.88,96.84,239.25,MEDIUM PRIORITY
46,LINGERIE,Quito,Pichincha,A,14,63.01,9.0,12.6,30.6,75.61,LOW PRIORITY
46,"LIQUOR,WINE,BEER",Quito,Pichincha,A,14,891.95,127.42,178.39,433.23,1070.34,MEDIUM PRIORITY
46,MAGAZINES,Quito,Pichincha,A,14,120.06,17.15,24.01,58.32,144.08,MEDIUM PRIORITY
46,MEATS,Quito,Pichincha,A,14,7346.29,1049.47,1469.26,3568.2,8815.55,HIGH PRIORITY
46,PERSONAL CARE,Quito,Pichincha,A,14,5190.89,741.56,1038.18,2521.29,6229.07,HIGH PRIORITY
46,PET SUPPLIES,Quito,Pichincha,A,14,169.8,24.26,33.96,82.47,203.76,MEDIUM PRIORITY
46,PLAYERS AND ELECTRONICS,Quito,Pichincha,A,14,273.63,39.09,54.73,132.91,328.36,MEDIUM PRIORITY
46,POULTRY,Quito,Pichincha,A,14,5566.61,795.23,1113.32,2703.78,6679.93,HIGH PRIORITY
46,PREPARED FOODS,Quito,Pichincha,A,14,924.05,132.01,184.81,448.82,1108.86,MEDIUM PRIORITY
46,PRODUCE,Quito,Pichincha,A,14,19552.67,2793.24,3910.53,9497.01,23463.21,HIGH PRIORITY
46,SCHOOL AND OFFICE SUPPLIES,Quito,Pichincha,A,14,2009.17,287.02,401.83,975.88,2411.0,HIGH PRIORITY
46,SEAFOOD,Quito,Pichincha,A,14,322.99,46.14,64.6,156.88,387.58,MEDIUM PRIORITY
47,AUTOMOTIVE,Quito,Pichincha,A,14,110.55,15.79,22.11,53.69,132.66,MEDIUM PRIORITY
47,BABY CARE,Quito,Pichincha,A,14,10.66,1.52,2.13,5.18,12.79,LOW PRIORITY
47,BEAUTY,Quito,Pichincha,A,14,170.33,24.33,34.07,82.73,204.39,MEDIUM PRIORITY
47,BEVERAGES,Quito,Pichincha,A,14,63347.41,9049.63,12669.48,30768.74,76016.89,HIGH PRIORITY
47,BOOKS,Quito,Pichincha,A,14,10.66,1.52,2.13,5.18,12.79,LOW PRIORITY
47,BREAD/BAKERY,Quito,Pichincha,A,14,7939.53,1134.22,1587.91,3856.34,9527.44,HIGH PRIORITY
47,CELEBRATION,Quito,Pichincha,A,14,147.34,21.05,29.47,71.57,176.81,MEDIUM PRIORITY
47,CLEANING,Quito,Pichincha,A,14,15160.34,2165.76,3032.07,7363.6,18192.41,HIGH PRIORITY
47,DAIRY,Quito,Pichincha,A,14,14322.94,2046.13,2864.59,6956.85,17187.52,HIGH PRIORITY
47,DELI,Quito,Pichincha,A,14,4525.12,646.45,905.02,2197.92,5430.15,HIGH PRIORITY
47,EGGS,Quito,Pichincha,A,14,2373.57,339.08,474.71,1152.87,2848.28,HIGH PRIORITY
47,FROZEN FOODS,Quito,Pichincha,A,14,1797.83,256.83,359.57,873.23,2157.4,MEDIUM PRIORITY
47,GROCERY I,Quito,Pichincha,A,14,69172.83,9881.83,13834.57,33598.23,83007.4,HIGH PRIORITY
47,GROCERY II,Quito,Pichincha,A,14,288.09,41.16,57.62,139.93,345.71,MEDIUM PRIORITY
47,HARDWARE,Quito,Pichincha,A,14,13.79,1.97,2.76,6.7,16.55,LOW PRIORITY
47,HOME AND KITCHEN I,Quito,Pichincha,A,14,639.61,91.37,127.92,310.67,767.53,MEDIUM PRIORITY
47,HOME AND KITCHEN II,Quito,Pichincha,A,14,445.17,63.6,89.03,216.23,534.21,MEDIUM PRIORITY
47,HOME APPLIANCES,Quito,Pichincha,A,14,12.4,1.77,2.48,6.02,14.88,LOW PRIORITY
47,HOME CARE,Quito,Pichincha,A,14,4150.51,592.93,830.1,2015.96,4980.61,HIGH PRIORITY
47,LADIESWEAR,Quito,Pichincha,A,14,151.28,21.61,30.26,73.48,181.54,MEDIUM PRIORITY
47,LAWN AND GARDEN,Quito,Pichincha,A,14,223.09,31.87,44.62,108.36,267.71,MEDIUM PRIORITY
47,LINGERIE,Quito,Pichincha,A,14,161.69,23.1,32.34,78.53,194.03,MEDIUM PRIORITY
47,"LIQUOR,WINE,BEER",Quito,Pichincha,A,14,1544.42,220.63,308.88,750.14,1853.3,MEDIUM PRIORITY
47,MAGAZINES,Quito,Pichincha,A,14,131.3,18.76,26.26,63.77,157.56,MEDIUM PRIORITY
47,MEATS,Quito,Pichincha,A,14,6496.48,928.07,1299.3,3155.43,7795.78,HIGH PRIORITY
47,PERSONAL CARE,Quito,Pichincha,A,14,4989.13,712.73,997.83,2423.29,5986.96,HIGH PRIORITY
47,PET SUPPLIES,Quito,Pichincha,A,14,168.18,24.03,33.64,81.69,201.82,MEDIUM PRIORITY
47,PLAYERS AND ELECTRONICS,Quito,Pichincha,A,14,190.41,27.2,38.08,92.48,228.49,MEDIUM PRIORITY
47,POULTRY,Quito,Pichincha,A,14,7871.1,1124.44,1574.22,3823.11,9445.32,HIGH PRIORITY
47,PREPARED FOODS,Quito,Pichincha,A,14,1690.96,241.57,338.19,821.32,2029.15,MEDIUM PRIORITY
47,PRODUCE,Quito,Pichincha,A,14,39831.92,5690.27,7966.38,19346.93,47798.3,HIGH PRIORITY
47,SCHOOL AND OFFICE SUPPLIES,Quito,Pichincha,A,14,2891.88,413.13,578.38,1404.63,3470.26,HIGH PRIORITY
47,SEAFOOD,Quito,Pichincha,A,14,476.69,68.1,95.34,231.53,572.02,MEDIUM PRIORITY
48,AUTOMOTIVE,Quito,Pichincha,A,14,79.49,11.36,15.9,38.61,95.39,LOW PRIORITY
48,BABY CARE,Quito,Pichincha,A,14,10.66,1.52,2.13,5.18,12.79,LOW PRIORITY
48,BEAUTY,Quito,Pichincha,A,14,168.21,24.03,33.64,81.7,201.85,MEDIUM PRIORITY
48,BEVERAGES,Quito,Pichincha,A,14,31183.28,4454.75,6236.66,15146.16,37419.93,HIGH PRIORITY
48,BOOKS,Quito,Pichincha,A,14,10.66,1.52,2.13,5.18,12.79,LOW PRIORITY
48,BREAD/BAKERY,Quito,Pichincha,A,14,5874.81,839.26,1174.96,2853.48,7049.77,HIGH PRIORITY
48,CELEBRATION,Quito,Pichincha,A,14,129.33,18.48,25.87,62.82,155.19,MEDIUM PRIORITY
48,CLEANING,Quito,Pichincha,A,14,13556.89,1936.7,2711.38,6584.78,16268.27,HIGH PRIORITY
48,DAIRY,Quito,Pichincha,A,14,8565.52,1223.65,1713.1,4160.39,10278.62,HIGH PRIORITY
48,DELI,Quito,Pichincha,A,14,4480.1,640.01,896.02,2176.05,5376.12,HIGH PRIORITY
48,EGGS,Quito,Pichincha,A,14,809.18,115.6,161.84,393.03,971.02,MEDIUM PRIORITY
48,FROZEN FOODS,Quito,Pichincha,A,14,1459.18,208.45,291.84,708.74,1751.02,MEDIUM PRIORITY
48,GROCERY I,Quito,Pichincha,A,14,55651.68,7950.24,11130.34,27030.81,66782.01,HIGH PRIORITY
48,GROCERY II,Quito,Pichincha,A,14,278.59,39.8,55.72,135.32,334.31,MEDIUM PRIORITY
48,HARDWARE,Quito,Pichincha,A,14,11.15,1.59,2.23,5.41,13.38,LOW PRIORITY
48,HOME AND KITCHEN I,Quito,Pichincha,A,14,250.39,35.77,50.08,121.62,300.47,MEDIUM PRIORITY
48,HOME AND KITCHEN II,Quito,Pichincha,A,14,250.53,35.79,50.11,121.69,300.64,MEDIUM PRIORITY
48,HOME APPLIANCES,Quito,Pichincha,A,14,10.5,1.5,2.1,5.1,12.6,LOW PRIORITY
48,HOME CARE,Quito,Pichincha,A,14,3795.99,542.28,759.2,1843.77,4555.19,HIGH PRIORITY
48,LADIESWEAR,Quito,Pichincha,A,14,181.64,25.95,36.33,88.22,217.96,MEDIUM PRIORITY
48,LAWN AND GARDEN,Quito,Pichincha,A,14,80.27,11.47,16.05,38.99,96.33,LOW PRIORITY
48,LINGERIE,Quito,Pichincha,A,14,31.5,4.5,6.3,15.3,37.8,LOW PRIORITY
48,"LIQUOR,WINE,BEER",Quito,Pichincha,A,14,873.94,124.85,174.79,424.49,1048.73,MEDIUM PRIORITY
48,MAGAZINES,Quito,Pichincha,A,14,49.6,7.09,9.92,24.09,59.52,LOW PRIORITY
48,MEATS,Quito,Pichincha,A,14,6518.26,931.18,1303.65,3166.01,7821.91,HIGH PRIORITY
48,PERSONAL CARE,Quito,Pichincha,A,14,5480.74,782.96,1096.15,2662.08,6576.89,HIGH PRIORITY
48,PET SUPPLIES,Quito,Pichincha,A,14,155.27,22.18,31.05,75.42,186.33,MEDIUM PRIORITY
48,PLAYERS AND ELECTRONICS,Quito,Pichincha,A,14,165.57,23.65,33.11,80.42,198.68,MEDIUM PRIORITY
48,POULTRY,Quito,Pichincha,A,14,6025.6,860.8,1205.12,2926.72,7230.73,HIGH PRIORITY
48,PREPARED FOODS,Quito,Pichincha,A,14,704.85,100.69,140.97,342.36,845.82,MEDIUM PRIORITY
48,PRODUCE,Quito,Pichincha,A,14,13844.48,1977.78,2768.9,6724.46,16613.37,HIGH PRIORITY
48,SCHOOL AND OFFICE SUPPLIES,Quito,Pichincha,A,14,2452.26,350.32,490.45,1191.1,2942.71,HIGH PRIORITY
48,SEAFOOD,Quito,Pichincha,A,14,172.81,24.69,34.56,83.93,207.37,MEDIUM PRIORITY
49,AUTOMOTIVE,Quito,Pichincha,A,11,66.19,9.46,13.24,32.15,79.43,LOW PRIORITY
49,BABY CARE,Quito,Pichincha,A,11,10.66,1.52,2.13,5.18,12.79,LOW PRIORITY
49,BEAUTY,Quito,Pichincha,A,11,114.71,16.39,22.94,55.72,137.65,MEDIUM PRIORITY
49,BEVERAGES,Quito,Pichincha,A,11,47639.85,6805.69,9527.97,23139.35,57167.82,HIGH PRIORITY
49,BOOKS,Quito,Pichincha,A,11,10.66,1.52,2.13,5.18,12.79,LOW PRIORITY
49,BREAD/BAKERY,Quito,Pichincha,A,11,8189.97,1170.0,1637.99,3977.99,9827.97,HIGH PRIORITY
49,CELEBRATION,Quito,Pichincha,A,11,166.37,23.77,33.27,80.81,199.64,MEDIUM PRIORITY
49,CLEANING,Quito,Pichincha,A,11,12547.86,1792.55,2509.57,6094.68,15057.43,HIGH PRIORITY
49,DAIRY,Quito,Pichincha,A,11,14725.75,2103.68,2945.15,7152.51,17670.91,HIGH PRIORITY
49,DELI,Quito,Pichincha,A,11,2968.09,424.01,593.62,1441.65,3561.71,HIGH PRIORITY
49,EGGS,Quito,Pichincha,A,11,3142.32,448.9,628.46,1526.27,3770.79,HIGH PRIORITY
49,FROZEN FOODS,Quito,Pichincha,A,11,2241.88,320.27,448.38,1088.92,2690.26,HIGH PRIORITY
49,GROCERY I,Quito,Pichincha,A,11,57750.93,8250.13,11550.19,28050.45,69301.11,HIGH PRIORITY
49,GROCERY II,Quito,Pichincha,A,11,560.01,80.0,112.0,272.0,672.01,MEDIUM PRIORITY
49,HARDWARE,Quito,Pichincha,A,11,14.5,2.07,2.9,7.04,17.39,LOW PRIORITY
49,HOME AND KITCHEN I,Quito,Pichincha,A,11,358.54,51.22,71.71,174.15,430.25,MEDIUM PRIORITY
49,HOME AND KITCHEN II,Quito,Pichincha,A,11,377.42,53.92,75.48,183.32,452.9,MEDIUM PRIORITY
49,HOME APPLIANCES,Quito,Pichincha,A,11,10.94,1.56,2.19,5.31,13.13,LOW PRIORITY
49,HOME CARE,Quito,Pichincha,A,11,3231.42,461.63,646.28,1569.55,3877.7,HIGH PRIORITY
49,LADIESWEAR,Quito,Pichincha,A,11,79.13,11.3,15.83,38.43,94.95,LOW PRIORITY
49,LAWN AND GARDEN,Quito,Pichincha,A,11,212.5,30.36,42.5,103.21,255.0,MEDIUM PRIORITY
49,LINGERIE,Quito,Pichincha,A,11,47.76,6.82,9.55,23.2,57.32,LOW PRIORITY
49,"LIQUOR,WINE,BEER",Quito,Pichincha,A,11,1797.21,256.74,359.44,872.93,2156.65,MEDIUM PRIORITY
49,MAGAZINES,Quito,Pichincha,A,11,132.27,18.9,26.45,64.25,158.73,MEDIUM PRIORITY
49,MEATS,Quito,Pichincha,A,11,5704.45,814.92,1140.89,2770.73,6845.34,HIGH PRIORITY
49,PERSONAL CARE,Quito,Pichincha,A,11,3546.82,506.69,709.36,1722.74,4256.19,HIGH PRIORITY
49,PET SUPPLIES,Quito,Pichincha,A,11,128.48,18.35,25.7,62.4,154.17,MEDIUM PRIORITY
49,PLAYERS AND ELECTRONICS,Quito,Pichincha,A,11,203.01,29.0,40.6,98.6,243.61,MEDIUM PRIORITY
49,POULTRY,Quito,Pichincha,A,11,7029.39,1004.2,1405.88,3414.28,8435.27,HIGH PRIORITY
49,PREPARED FOODS,Quito,Pichincha,A,11,1524.42,217.77,304.88,740.43,1829.31,MEDIUM PRIORITY
49,PRODUCE,Quito,Pichincha,A,11,54558.4,7794.06,10911.68,26499.79,65470.08,HIGH PRIORITY
49,SCHOOL AND OFFICE SUPPLIES,Quito,Pichincha,A,11,1689.98,241.43,338.0,820.85,2027.97,MEDIUM PRIORITY
49,SEAFOOD,Quito,Pichincha,A,11,487.92,69.7,97.58,236.99,585.5,MEDIUM PRIORITY
50,AUTOMOTIVE,Ambato,Tungurahua,A,14,80.21,11.46,16.04,38.96,96.26,LOW PRIORITY
50,BABY CARE,Ambato,Tungurahua,A,14,13.8,1.97,2.76,6.7,16.56,LOW PRIORITY
50,BEAUTY,Ambato,Tungurahua,A,14,111.71,15.96,22.34,54.26,134.06,MEDIUM PRIORITY
50,BEVERAGES,Ambato,Tungurahua,A,14,28986.48,4140.93,5797.3,14079.15,34783.78,HIGH PRIORITY
50,BOOKS,Ambato,Tungurahua,A,14,13.8,1.97,2.76,6.7,16.56,LOW PRIORITY
50,BREAD/BAKERY,Ambato,Tungurahua,A,14,3937.52,562.5,787.5,1912.51,4725.03,HIGH PRIORITY
50,CELEBRATION,Ambato,Tungurahua,A,14,238.2,34.03,47.64,115.7,285.84,MEDIUM PRIORITY
50,CLEANING,Ambato,Tungurahua,A,14,11009.19,1572.74,2201.84,5347.32,13211.03,HIGH PRIORITY
50,DAIRY,Ambato,Tungurahua,A,14,7570.61,1081.52,1514.12,3677.15,9084.73,HIGH PRIORITY
50,DELI,Ambato,Tungurahua,A,14,3182.73,454.68,636.55,1545.9,3819.27,HIGH PRIORITY
50,EGGS,Ambato,Tungurahua,A,14,759.2,108.46,151.84,368.76,911.04,MEDIUM PRIORITY
50,FROZEN FOODS,Ambato,Tungurahua,A,14,1074.68,153.53,214.94,521.99,1289.62,MEDIUM PRIORITY
50,GROCERY I,Ambato,Tungurahua,A,14,43777.06,6253.87,8755.41,21263.14,52532.47,HIGH PRIORITY
50,GROCERY II,Ambato,Tungurahua,A,14,509.81,72.83,101.96,247.62,611.78,MEDIUM PRIORITY
50,HARDWARE,Ambato,Tungurahua,A,14,22.78,3.25,4.56,11.07,27.34,LOW PRIORITY
50,HOME AND KITCHEN I,Ambato,Tungurahua,A,14,434.77,62.11,86.95,211.17,521.72,MEDIUM PRIORITY
50,HOME AND KITCHEN II,Ambato,Tungurahua,A,14,222.87,31.84,44.57,108.25,267.45,MEDIUM PRIORITY
50,HOME APPLIANCES,Ambato,Tungurahua,A,14,13.61,1.94,2.72,6.61,16.33,LOW PRIORITY
50,HOME CARE,Ambato,Tungurahua,A,14,2786.97,398.14,557.39,1353.67,3344.37,HIGH PRIORITY
50,LADIESWEAR,Ambato,Tungurahua,A,14,72.62,10.37,14.52,35.27,87.14,LOW PRIORITY
50,LAWN AND GARDEN,Ambato,Tungurahua,A,14,58.91,8.42,11.78,28.61,70.69,LOW PRIORITY
50,LINGERIE,Ambato,Tungurahua,A,14,43.1,6.16,8.62,20.93,51.72,LOW PRIORITY
50,"LIQUOR,WINE,BEER",Ambato,Tungurahua,A,14,904.66,129.24,180.93,439.41,1085.59,MEDIUM PRIORITY
50,MAGAZINES,Ambato,Tungurahua,A,14,88.74,12.68,17.75,43.1,106.49,MEDIUM PRIORITY
50,MEATS,Ambato,Tungurahua,A,14,3958.34,565.48,791.67,1922.62,4750.01,HIGH PRIORITY
50,PERSONAL CARE,Ambato,Tungurahua,A,14,3607.26,515.32,721.45,1752.1,4328.72,HIGH PRIORITY
50,PET SUPPLIES,Ambato,Tungurahua,A,14,92.94,13.28,18.59,45.14,111.53,MEDIUM PRIORITY
50,PLAYERS AND ELECTRONICS,Ambato,Tungurahua,A,14,167.69,23.96,33.54,81.45,201.23,MEDIUM PRIORITY
50,POULTRY,Ambato,Tungurahua,A,14,2836.88,405.27,567.38,1377.91,3404.26,HIGH PRIORITY
50,PREPARED FOODS,Ambato,Tungurahua,A,14,644.99,92.14,129.0,313.28,773.99,MEDIUM PRIORITY
50,PRODUCE,Ambato,Tungurahua,A,14,14534.85,2076.41,2906.97,7059.79,17441.82,HIGH PRIORITY
50,SCHOOL AND OFFICE SUPPLIES,Ambato,Tungurahua,A,14,2286.09,326.58,457.22,1110.39,2743.31,HIGH PRIORITY
50,SEAFOOD,Ambato,Tungurahua,A,14,147.17,21.02,29.43,71.48,176.61,MEDIUM PRIORITY
51,AUTOMOTIVE,Guayaquil,Guayas,A,17,52.35,7.48,10.47,25.43,62.82,LOW PRIORITY
51,BABY CARE,Guayaquil,Guayas,A,17,14.0,2.0,2.8,6.8,16.8,LOW PRIORITY
51,BEAUTY,Guayaquil,Guayas,A,17,36.51,5.22,7.3,17.73,43.81,LOW PRIORITY
51,BEVERAGES,Guayaquil,Guayas,A,17,31450.82,4492.97,6290.16,15276.11,37740.98,HIGH PRIORITY
51,BOOKS,Guayaquil,Guayas,A,17,14.0,2.0,2.8,6.8,16.8,LOW PRIORITY
51,BREAD/BAKERY,Guayaquil,Guayas,A,17,5974.2,853.46,1194.84,2901.75,7169.04,HIGH PRIORITY
51,CELEBRATION,Guayaquil,Guayas,A,17,81.5,11.64,16.3,39.59,97.81,LOW PRIORITY
51,CLEANING,Guayaquil,Guayas,A,17,9774.63,1396.38,1954.93,4747.68,11729.55,HIGH PRIORITY
51,DAIRY,Guayaquil,Guayas,A,17,11272.12,1610.3,2254.42,5475.03,13526.54,HIGH PRIORITY
51,DELI,Guayaquil,Guayas,A,17,1805.97,258.0,361.19,877.19,2167.16,MEDIUM PRIORITY
51,EGGS,Guayaquil,Guayas,A,17,2398.49,342.64,479.7,1164.98,2878.19,HIGH PRIORITY
51,FROZEN FOODS,Guayaquil,Guayas,A,17,1891.6,270.23,378.32,918.78,2269.92,HIGH PRIORITY
51,GROCERY I,Guayaquil,Guayas,A,17,34908.29,4986.9,6981.66,16955.46,41889.95,HIGH PRIORITY
51,GROCERY II,Guayaquil,Guayas,A,17,351.82,50.26,70.36,170.88,422.18,MEDIUM PRIORITY
51,HARDWARE,Guayaquil,Guayas,A,17,25.15,3.59,5.03,12.21,30.18,LOW PRIORITY
51,HOME AND KITCHEN I,Guayaquil,Guayas,A,17,251.27,35.9,50.25,122.04,301.52,MEDIUM PRIORITY
51,HOME AND KITCHEN II,Guayaquil,Guayas,A,17,271.95,38.85,54.39,132.09,326.35,MEDIUM PRIORITY
51,HOME APPLIANCES,Guayaquil,Guayas,A,17,13.81,1.97,2.76,6.71,16.57,LOW PRIORITY
51,HOME CARE,Guayaquil,Guayas,A,17,2188.36,312.62,437.67,1062.92,2626.04,HIGH PRIORITY
51,LADIESWEAR,Guayaquil,Guayas,A,17,44.28,6.33,8.86,21.51,53.14,LOW PRIORITY
51,LAWN AND GARDEN,Guayaquil,Guayas,A,17,315.05,45.01,63.01,153.02,378.06,MEDIUM PRIORITY
51,LINGERIE,Guayaquil,Guayas,A,17,44.14,6.31,8.83,21.44,52.97,LOW PRIORITY
51,"LIQUOR,WINE,BEER",Guayaquil,Guayas,A,17,1138.98,162.71,227.8,553.22,1366.78,MEDIUM PRIORITY
51,MAGAZINES,Guayaquil,Guayas,A,17,92.31,13.19,18.46,44.83,110.77,MEDIUM PRIORITY
51,MEATS,Guayaquil,Guayas,A,17,4451.44,635.92,890.29,2162.13,5341.73,HIGH PRIORITY
51,PERSONAL CARE,Guayaquil,Guayas,A,17,2031.74,290.25,406.35,986.85,2438.09,HIGH PRIORITY
51,PET SUPPLIES,Guayaquil,Guayas,A,17,153.79,21.97,30.76,74.7,184.55,MEDIUM PRIORITY
51,PLAYERS AND ELECTRONICS,Guayaquil,Guayas,A,17,91.76,13.11,18.35,44.57,110.11,MEDIUM PRIORITY
51,POULTRY,Guayaquil,Guayas,A,17,6615.93,945.13,1323.19,3213.45,7939.12,HIGH PRIORITY
51,PREPARED FOODS,Guayaquil,Guayas,A,17,855.42,122.2,171.08,415.49,1026.51,MEDIUM PRIORITY
51,PRODUCE,Guayaquil,Guayas,A,17,36978.32,5282.62,7395.66,17960.9,44373.98,HIGH PRIORITY
51,SCHOOL AND OFFICE SUPPLIES,Guayaquil,Guayas,A,17,15.68,2.24,3.14,7.61,18.81,LOW PRIORITY
51,SEAFOOD,Guayaquil,Guayas,A,17,306.74,43.82,61.35,148.99,368.09,MEDIUM PRIORITY
52,AUTOMOTIVE,Manta,Manabi,A,11,58.58,8.37,11.72,28.45,70.29,LOW PRIORITY
52,BABY CARE,Manta,Manabi,A,11,8.36,1.19,1.67,4.06,10.03,LOW PRIORITY
52,BEAUTY,Manta,Manabi,A,11,43.0,6.14,8.6,20.89,51.6,LOW PRIORITY
52,BEVERAGES,Manta,Manabi,A,11,29589.56,4227.08,5917.91,14372.07,35507.47,HIGH PRIORITY
52,BOOKS,Manta,Manabi,A,11,8.36,1.19,1.67,4.06,10.03,LOW PRIORITY
52,BREAD/BAKERY,Manta,Manabi,A,11,6019.15,859.88,1203.83,2923.58,7222.97,HIGH PRIORITY
52,CELEBRATION,Manta,Manabi,A,11,106.87,15.27,21.37,51.91,128.25,MEDIUM PRIORITY
52,CLEANING,Manta,Manabi,A,11,10859.06,1551.29,2171.81,5274.4,13030.88,HIGH PRIORITY
52,DAIRY,Manta,Manabi,A,11,8201.66,1171.67,1640.33,3983.67,9842.0,HIGH PRIORITY
52,DELI,Manta,Manabi,A,11,2466.92,352.42,493.38,1198.22,2960.3,HIGH PRIORITY
52,EGGS,Manta,Manabi,A,11,1565.12,223.59,313.02,760.2,1878.14,MEDIUM PRIORITY
52,FROZEN FOODS,Manta,Manabi,A,11,2440.11,348.59,488.02,1185.2,2928.14,HIGH PRIORITY
52,GROCERY I,Manta,Manabi,A,11,40763.46,5823.35,8152.69,19799.4,48916.16,HIGH PRIORITY
52,GROCERY II,Manta,Manabi,A,11,264.73,37.82,52.95,128.59,317.68,MEDIUM PRIORITY
52,HARDWARE,Manta,Manabi,A,11,17.0,2.43,3.4,8.26,20.4,LOW PRIORITY
52,HOME AND KITCHEN I,Manta,Manabi,A,11,397.69,56.81,79.54,193.16,477.23,MEDIUM PRIORITY
52,HOME AND KITCHEN II,Manta,Manabi,A,11,306.59,43.8,61.32,148.92,367.91,MEDIUM PRIORITY
52,HOME APPLIANCES,Manta,Manabi,A,11,8.07,1.15,1.61,3.92,9.68,LOW PRIORITY
52,HOME CARE,Manta,Manabi,A,11,2462.16,351.74,492.43,1195.91,2954.59,HIGH PRIORITY
52,LADIESWEAR,Manta,Manabi,A,11,64.68,9.24,12.94,31.41,77.61,LOW PRIORITY
52,LAWN AND GARDEN,Manta,Manabi,A,11,364.85,52.12,72.97,177.21,437.82,MEDIUM PRIORITY
52,LINGERIE,Manta,Manabi,A,11,68.78,9.83,13.76,33.41,82.53,LOW PRIORITY
52,"LIQUOR,WINE,BEER",Manta,Manabi,A,11,1827.86,261.12,365.57,887.82,2193.43,MEDIUM PRIORITY
52,MAGAZINES,Manta,Manabi,A,11,88.47,12.64,17.69,42.97,106.16,LOW PRIORITY
52,MEATS,Manta,Manabi,A,11,3366.99,481.0,673.4,1635.4,4040.39,HIGH PRIORITY
52,PERSONAL CARE,Manta,Manabi,A,11,2434.73,347.82,486.95,1182.58,2921.68,HIGH PRIORITY
52,PET SUPPLIES,Manta,Manabi,A,11,108.06,15.44,21.61,52.49,129.67,MEDIUM PRIORITY
52,PLAYERS AND ELECTRONICS,Manta,Manabi,A,11,177.93,25.42,35.59,86.43,213.52,MEDIUM PRIORITY
52,POULTRY,Manta,Manabi,A,11,3449.14,492.73,689.83,1675.3,4138.97,HIGH PRIORITY
52,PREPARED FOODS,Manta,Manabi,A,11,882.77,126.11,176.55,428.77,1059.32,MEDIUM PRIORITY
52,PRODUCE,Manta,Manabi,A,11,32656.73,4665.25,6531.35,15861.84,39188.08,HIGH PRIORITY
52,SCHOOL AND OFFICE SUPPLIES,Manta,Manabi,A,11,42.07,6.01,8.41,20.44,50.49,LOW PRIORITY
52,SEAFOOD,Manta,Manabi,A,11,54.05,7.72,10.81,26.25,64.86,LOW PRIORITY
53,AUTOMOTIVE,Manta,Manabi,D,13,42.45,6.06,8.49,20.62,50.94,LOW PRIORITY
53,BABY CARE,Manta,Manabi,D,13,5.75,0.82,1.15,2.79,6.9,LOW PRIORITY
53,BEAUTY,Manta,Manabi,D,13,26.45,3.78,5.29,12.85,31.74,LOW PRIORITY
53,BEVERAGES,Manta,Manabi,D,13,14821.06,2117.29,2964.21,7198.8,17785.28,HIGH PRIORITY
53,BOOKS,Manta,Manabi,D,13,5.75,0.82,1.15,2.79,6.9,LOW PRIORITY
53,BREAD/BAKERY,Manta,Manabi,D,13,3221.5,460.21,644.3,1564.73,3865.8,HIGH PRIORITY
53,CELEBRATION,Manta,Manabi,D,13,33.37,4.77,6.67,16.21,40.05,LOW PRIORITY
53,CLEANING,Manta,Manabi,D,13,6455.75,922.25,1291.15,3135.65,7746.9,HIGH PRIORITY
53,DAIRY,Manta,Manabi,D,13,3538.77,505.54,707.75,1718.83,4246.52,HIGH PRIORITY
53,DELI,Manta,Manabi,D,13,1527.56,218.22,305.51,741.96,1833.07,MEDIUM PRIORITY
53,EGGS,Manta,Manabi,D,13,660.02,94.29,132.0,320.58,792.02,MEDIUM PRIORITY
53,FROZEN FOODS,Manta,Manabi,D,13,892.88,127.55,178.58,433.68,1071.45,MEDIUM PRIORITY
53,GROCERY I,Manta,Manabi,D,13,20994.88,2999.27,4198.98,10197.51,25193.86,HIGH PRIORITY
53,GROCERY II,Manta,Manabi,D,13,100.62,14.37,20.12,48.87,120.75,MEDIUM PRIORITY
53,HARDWARE,Manta,Manabi,D,13,8.5,1.21,1.7,4.13,10.19,LOW PRIORITY
53,HOME AND KITCHEN I,Manta,Manabi,D,13,221.04,31.58,44.21,107.36,265.24,MEDIUM PRIORITY
53,HOME AND KITCHEN II,Manta,Manabi,D,13,137.23,19.6,27.45,66.65,164.67,MEDIUM PRIORITY
53,HOME APPLIANCES,Manta,Manabi,D,13,5.5,0.79,1.1,2.67,6.61,LOW PRIORITY
53,HOME CARE,Manta,Manabi,D,13,1337.88,191.13,267.58,649.83,1605.46,MEDIUM PRIORITY
53,LADIESWEAR,Manta,Manabi,D,13,79.08,11.3,15.82,38.41,94.89,LOW PRIORITY
53,LAWN AND GARDEN,Manta,Manabi,D,13,83.17,11.88,16.63,40.4,99.8,LOW PRIORITY
53,LINGERIE,Manta,Manabi,D,13,38.43,5.49,7.69,18.67,46.12,LOW PRIORITY
53,"LIQUOR,WINE,BEER",Manta,Manabi,D,13,726.17,103.74,145.23,352.71,871.41,MEDIUM PRIORITY
53,MAGAZINES,Manta,Manabi,D,13,33.27,4.75,6.65,16.16,39.93,LOW PRIORITY
53,MEATS,Manta,Manabi,D,13,2060.47,294.35,412.09,1000.8,2472.56,HIGH PRIORITY
53,PERSONAL CARE,Manta,Manabi,D,13,1532.88,218.98,306.58,744.54,1839.46,MEDIUM PRIORITY
53,PET SUPPLIES,Manta,Manabi,D,13,27.16,3.88,5.43,13.19,32.6,LOW PRIORITY
53,PLAYERS AND ELECTRONICS,Manta,Manabi,D,13,33.1,4.73,6.62,16.08,39.72,LOW PRIORITY
53,POULTRY,Manta,Manabi,D,13,1312.5,187.5,262.5,637.5,1575.0,MEDIUM PRIORITY
53,PREPARED FOODS,Manta,Manabi,D,13,438.39,62.63,87.68,212.93,526.07,MEDIUM PRIORITY
53,PRODUCE,Manta,Manabi,D,13,13880.68,1982.95,2776.14,6742.04,16656.82,HIGH PRIORITY
53,SCHOOL AND OFFICE SUPPLIES,Manta,Manabi,D,13,6.15,0.88,1.23,2.99,7.38,LOW PRIORITY
53,SEAFOOD,Manta,Manabi,D,13,33.84,4.83,6.77,16.44,40.61,LOW PRIORITY
54,AUTOMOTIVE,El Carmen,Manabi,C,3,39.84,5.69,7.97,19.35,47.81,LOW PRIORITY
54,BABY CARE,El Carmen,Manabi,C,3,2.85,0.41,0.57,1.39,3.42,LOW PRIORITY
54,BEAUTY,El Carmen,Manabi,C,3,6.67,0.95,1.33,3.24,8.0,LOW PRIORITY
54,BEVERAGES,El Carmen,Manabi,C,3,24085.43,3440.78,4817.09,11698.64,28902.51,HIGH PRIORITY
54,BOOKS,El Carmen,Manabi,C,3,2.85,0.41,0.57,1.39,3.42,LOW PRIORITY
54,BREAD/BAKERY,El Carmen,Manabi,C,3,1759.61,251.37,351.92,854.67,2111.53,MEDIUM PRIORITY
54,CELEBRATION,El Carmen,Manabi,C,3,24.12,3.45,4.82,11.72,28.95,LOW PRIORITY
54,CLEANING,El Carmen,Manabi,C,3,7131.08,1018.73,1426.22,3463.67,8557.3,HIGH PRIORITY
54,DAIRY,El Carmen,Manabi,C,3,1866.77,266.68,373.35,906.72,2240.13,HIGH PRIORITY
54,DELI,El Carmen,Manabi,C,3,1544.56,220.65,308.91,750.21,1853.47,MEDIUM PRIORITY
54,EGGS,El Carmen,Manabi,C,3,498.4,71.2,99.68,242.08,598.08,MEDIUM PRIORITY
54,FROZEN FOODS,El Carmen,Manabi,C,3,218.52,31.22,43.7,106.14,262.23,MEDIUM PRIORITY
54,GROCERY I,El Carmen,Manabi,C,3,23509.56,3358.51,4701.91,11418.93,28211.48,HIGH PRIORITY
54,GROCERY II,El Carmen,Manabi,C,3,121.62,17.37,24.32,59.07,145.95,MEDIUM PRIORITY
54,HARDWARE,El Carmen,Manabi,C,3,5.54,0.79,1.11,2.69,6.65,LOW PRIORITY
54,HOME AND KITCHEN I,El Carmen,Manabi,C,3,164.76,23.54,32.95,80.03,197.71,MEDIUM PRIORITY
54,HOME AND KITCHEN II,El Carmen,Manabi,C,3,70.92,10.13,14.18,34.45,85.1,LOW PRIORITY
54,HOME APPLIANCES,El Carmen,Manabi,C,3,2.75,0.39,0.55,1.33,3.29,LOW PRIORITY
54,HOME CARE,El Carmen,Manabi,C,3,1451.66,207.38,290.33,705.09,1742.0,MEDIUM PRIORITY
54,LADIESWEAR,El Carmen,Manabi,C,3,15.9,2.27,3.18,7.72,19.08,LOW PRIORITY
54,LAWN AND GARDEN,El Carmen,Manabi,C,3,9.55,1.36,1.91,4.64,11.46,LOW PRIORITY
54,LINGERIE,El Carmen,Manabi,C,3,31.11,4.44,6.22,15.11,37.33,LOW PRIORITY
54,"LIQUOR,WINE,BEER",El Carmen,Manabi,C,3,385.12,55.02,77.02,187.06,462.15,MEDIUM PRIORITY
54,MAGAZINES,El Carmen,Manabi,C,3,10.68,1.53,2.14,5.19,12.82,LOW PRIORITY
54,MEATS,El Carmen,Manabi,C,3,330.98,47.28,66.2,160.76,397.17,MEDIUM PRIORITY
54,PERSONAL CARE,El Carmen,Manabi,C,3,1197.62,171.09,239.52,581.7,1437.14,MEDIUM PRIORITY
54,PET SUPPLIES,El Carmen,Manabi,C,3,6.66,0.95,1.33,3.23,7.99,LOW PRIORITY
54,PLAYERS AND ELECTRONICS,El Carmen,Manabi,C,3,14.65,2.09,2.93,7.11,17.58,LOW PRIORITY
54,POULTRY,El Carmen,Manabi,C,3,434.26,62.04,86.85,210.93,521.12,MEDIUM PRIORITY
54,PREPARED FOODS,El Carmen,Manabi,C,3,651.29,93.04,130.26,316.34,781.55,MEDIUM PRIORITY
54,PRODUCE,El Carmen,Manabi,C,3,4518.45,645.49,903.69,2194.68,5422.15,HIGH PRIORITY
54,SCHOOL AND OFFICE SUPPLIES,El Carmen,Manabi,C,3,2.67,0.38,0.53,1.3,3.21,LOW PRIORITY
54,SEAFOOD,El Carmen,Manabi,C,3,14.46,2.07,2.89,7.02,17.35,LOW PRIORITY
