date,store_nbr,family,city,state,type,cluster,onpromotion,predicted_sales
2017-08-16,1,AUTOMOTIVE,Quito,Pichincha,D,13,0,7.3886089624993385
2017-08-16,1,BABY CARE,Quito,Pichincha,D,13,0,2.2083528373054566
2017-08-16,1,BEAUTY,Quito,Pichincha,D,13,0,7.118222506878157
2017-08-16,1,BEVERAGES,Quito,Pichincha,D,13,0,2405.000960667032
2017-08-16,1,BOOKS,Quito,Pichincha,D,13,0,2.2083528373054566
2017-08-16,1,BREAD/BAKERY,Quito,Pichincha,D,13,0,393.06904903810397
2017-08-16,1,CELEBRATION,Quito,Pichincha,D,13,0,15.501632090535496
2017-08-16,1,CLEANING,Quito,Pichincha,D,13,0,743.2998906156313
2017-08-16,1,DAIRY,Quito,Pichincha,D,13,0,783.8198598328606
2017-08-16,1,DELI,Quito,Pichincha,D,13,0,123.26316558786183
2017-08-16,1,EGGS,Quito,Pichincha,D,13,0,134.50262446388467
2017-08-16,1,FROZEN FOODS,Quito,Pichincha,D,13,0,130.7476990853806
2017-08-16,1,GROCERY I,Quito,Pichincha,D,13,0,2869.86784831786
2017-08-16,1,GROCERY II,Quito,Pichincha,D,13,0,17.212671196586907
2017-08-16,1,HARDWARE,Quito,Pichincha,D,13,0,5.380405531299155
2017-08-16,1,HOME AND KITCHEN I,Quito,Pichincha,D,13,0,30.627575174529778
2017-08-16,1,HOME AND KITCHEN II,Quito,Pichincha,D,13,0,27.574118933523096
2017-08-16,1,HOME APPLIANCES,Quito,Pichincha,D,13,0,2.1815677291023685
2017-08-16,1,HOME CARE,Quito,Pichincha,D,13,0,164.4976891573629
2017-08-16,1,LADIESWEAR,Quito,Pichincha,D,13,0,13.804016774699802
2017-08-16,1,LAWN AND GARDEN,Quito,Pichincha,D,13,0,21.109442939812826
2017-08-16,1,LINGERIE,Quito,Pichincha,D,13,0,8.469888590918668
2017-08-16,1,"LIQUOR,WINE,BEER",Quito,Pichincha,D,13,0,94.36299182381616
2017-08-16,1,MAGAZINES,Quito,Pichincha,D,13,0,7.4773781805513835
2017-08-16,1,MEATS,Quito,Pichincha,D,13,0,301.556286021943
2017-08-16,1,PERSONAL CARE,Quito,Pichincha,D,13,0,182.4941282475711
2017-08-16,1,PET SUPPLIES,Quito,Pichincha,D,13,0,6.947599504849773
2017-08-16,1,PLAYERS AND ELECTRONICS,Quito,Pichincha,D,13,0,15.422513069296878
2017-08-16,1,POULTRY,Quito,Pichincha,D,13,0,300.4216125755503
2017-08-16,1,PREPARED FOODS,Quito,Pichincha,D,13,0,51.48497946673754
2017-08-16,1,PRODUCE,Quito,Pichincha,D,13,0,3506.602665676828
2017-08-16,1,SCHOOL AND OFFICE SUPPLIES,Quito,Pichincha,D,13,0,2.16340602655296
2017-08-16,1,SEAFOOD,Quito,Pichincha,D,13,0,23.717196667167098
2017-08-16,2,AUTOMOTIVE,Quito,Pichincha,D,13,0,5.739421054066973
2017-08-16,2,BABY CARE,Quito,Pichincha,D,13,0,1.7971956230202923
2017-08-16,2,BEAUTY,Quito,Pichincha,D,13,0,6.9588760310957944
2017-08-16,2,BEVERAGES,Quito,Pichincha,D,13,0,2600.7474556391653
2017-08-16,2,BOOKS,Quito,Pichincha,D,13,0,1.7971956230202923
2017-08-16,2,BREAD/BAKERY,Quito,Pichincha,D,13,0,607.015168012504
2017-08-16,2,CELEBRATION,Quito,Pichincha,D,13,0,8.861939159222674
2017-08-16,2,CLEANING,Quito,Pichincha,D,13,0,806.4176618968336
2017-08-16,2,DAIRY,Quito,Pichincha,D,13,0,765.9702196706316
2017-08-16,2,DELI,Quito,Pichincha,D,13,0,199.5410342664942
2017-08-16,2,EGGS,Quito,Pichincha,D,13,0,143.96748321362838
2017-08-16,2,FROZEN FOODS,Quito,Pichincha,D,13,0,97.31162396673435
2017-08-16,2,GROCERY I,Quito,Pichincha,D,13,0,3456.385956319763
2017-08-16,2,GROCERY II,Quito,Pichincha,D,13,0,25.754680399440932
2017-08-16,2,HARDWARE,Quito,Pichincha,D,13,0,2.7710999156391956
2017-08-16,2,HOME AND KITCHEN I,Quito,Pichincha,D,13,0,19.146889447724508
2017-08-16,2,HOME AND KITCHEN II,Quito,Pichincha,D,13,0,54.77753361814221
2017-08-16,2,HOME APPLIANCES,Quito,Pichincha,D,13,0,1.7704105148172038
2017-08-16,2,HOME CARE,Quito,Pichincha,D,13,0,215.38694097153498
2017-08-16,2,LADIESWEAR,Quito,Pichincha,D,13,0,17.27958212325965
2017-08-16,2,LAWN AND GARDEN,Quito,Pichincha,D,13,0,18.835545064376948
2017-08-16,2,LINGERIE,Quito,Pichincha,D,13,0,5.191140991831817
2017-08-16,2,"LIQUOR,WINE,BEER",Quito,Pichincha,D,13,0,88.27614130727687
2017-08-16,2,MAGAZINES,Quito,Pichincha,D,13,0,11.778043395789439
2017-08-16,2,MEATS,Quito,Pichincha,D,13,0,377.6290198260013
2017-08-16,2,PERSONAL CARE,Quito,Pichincha,D,13,0,239.14511484845724
2017-08-16,2,PET SUPPLIES,Quito,Pichincha,D,13,0,6.390434702671268
2017-08-16,2,PLAYERS AND ELECTRONICS,Quito,Pichincha,D,13,0,5.80776603387555
2017-08-16,2,POULTRY,Quito,Pichincha,D,13,0,418.5154010212265
2017-08-16,2,PREPARED FOODS,Quito,Pichincha,D,13,0,112.85523519597129
2017-08-16,2,PRODUCE,Quito,Pichincha,D,13,0,2858.2073246772948
2017-08-16,2,SCHOOL AND OFFICE SUPPLIES,Quito,Pichincha,D,13,0,1.7522488122677955
2017-08-16,2,SEAFOOD,Quito,Pichincha,D,13,0,34.00503565870784
2017-08-16,3,AUTOMOTIVE,Quito,Pichincha,D,8,0,8.095357705458596
2017-08-16,3,BABY CARE,Quito,Pichincha,D,8,0,1.9453119716962097
2017-08-16,3,BEAUTY,Quito,Pichincha,D,8,0,15.08501331237355
2017-08-16,3,BEVERAGES,Quito,Pichincha,D,8,0,8270.296831500864
2017-08-16,3,BOOKS,Quito,Pichincha,D,8,0,1.9453119716962097
2017-08-16,3,BREAD/BAKERY,Quito,Pichincha,D,8,0,1179.1500391224854
2017-08-16,3,CELEBRATION,Quito,Pichincha,D,8,0,29.76852451098857
2017-08-16,3,CLEANING,Quito,Pichincha,D,8,0,1881.190354523772
2017-08-16,3,DAIRY,Quito,Pichincha,D,8,0,2082.5816772487738
2017-08-16,3,DELI,Quito,Pichincha,D,8,0,305.3041749060707
2017-08-16,3,EGGS,Quito,Pichincha,D,8,0,455.6440279325618
2017-08-16,3,FROZEN FOODS,Quito,Pichincha,D,8,0,292.8267360424274
2017-08-16,3,GROCERY I,Quito,Pichincha,D,8,0,8333.71469532092
2017-08-16,3,GROCERY II,Quito,Pichincha,D,8,0,74.94447973308101
2017-08-16,3,HARDWARE,Quito,Pichincha,D,8,0,3.496426325091669
2017-08-16,3,HOME AND KITCHEN I,Quito,Pichincha,D,8,0,60.404481287925265
2017-08-16,3,HOME AND KITCHEN II,Quito,Pichincha,D,8,0,40.758285704493495
2017-08-16,3,HOME APPLIANCES,Quito,Pichincha,D,8,0,1.9185268634931212
2017-08-16,3,HOME CARE,Quito,Pichincha,D,8,0,473.6205498382839
2017-08-16,3,LADIESWEAR,Quito,Pichincha,D,8,0,32.382289152959686
2017-08-16,3,LAWN AND GARDEN,Quito,Pichincha,D,8,0,48.00396011045477
2017-08-16,3,LINGERIE,Quito,Pichincha,D,8,0,23.88276575947703
2017-08-16,3,"LIQUOR,WINE,BEER",Quito,Pichincha,D,8,0,182.60079985026042
2017-08-16,3,MAGAZINES,Quito,Pichincha,D,8,0,26.63993472779271
2017-08-16,3,MEATS,Quito,Pichincha,D,8,0,674.7551908855702
2017-08-16,3,PERSONAL CARE,Quito,Pichincha,D,8,0,484.4204175887192
2017-08-16,3,PET SUPPLIES,Quito,Pichincha,D,8,0,14.252236330305758
2017-08-16,3,PLAYERS AND ELECTRONICS,Quito,Pichincha,D,8,0,22.519969571089455
2017-08-16,3,POULTRY,Quito,Pichincha,D,8,0,1077.7768824667462
2017-08-16,3,PREPARED FOODS,Quito,Pichincha,D,8,0,225.90281021195767
2017-08-16,3,PRODUCE,Quito,Pichincha,D,8,0,8909.174830713697
2017-08-16,3,SCHOOL AND OFFICE SUPPLIES,Quito,Pichincha,D,8,0,2.645707160943682
2017-08-16,3,SEAFOOD,Quito,Pichincha,D,8,0,70.32677106965306
2017-08-16,4,AUTOMOTIVE,Quito,Pichincha,D,9,0,4.40938909984415
2017-08-16,4,BABY CARE,Quito,Pichincha,D,9,0,0.6744318169609743
2017-08-16,4,BEAUTY,Quito,Pichincha,D,9,0,3.8451738200899768
2017-08-16,4,BEVERAGES,Quito,Pichincha,D,9,0,2174.0687563615948
2017-08-16,4,BOOKS,Quito,Pichincha,D,9,0,0.6744318169609743
2017-08-16,4,BREAD/BAKERY,Quito,Pichincha,D,9,0,316.54027322023455
2017-08-16,4,CELEBRATION,Quito,Pichincha,D,9,0,5.33971060032453
2017-08-16,4,CLEANING,Quito,Pichincha,D,9,0,746.3938572560771
2017-08-16,4,DAIRY,Quito,Pichincha,D,9,0,634.3018587867721
2017-08-16,4,DELI,Quito,Pichincha,D,9,0,159.56331708565583
2017-08-16,4,EGGS,Quito,Pichincha,D,9,0,109.95589130887173
2017-08-16,4,FROZEN FOODS,Quito,Pichincha,D,9,0,80.81869570194165
2017-08-16,4,GROCERY I,Quito,Pichincha,D,9,0,2895.0722810045045
2017-08-16,4,GROCERY II,Quito,Pichincha,D,9,0,21.57921297677804
2017-08-16,4,HARDWARE,Quito,Pichincha,D,9,0,1.8289229237722173
2017-08-16,4,HOME AND KITCHEN I,Quito,Pichincha,D,9,0,19.81412358747932
2017-08-16,4,HOME AND KITCHEN II,Quito,Pichincha,D,9,0,6.902270336535077
2017-08-16,4,HOME APPLIANCES,Quito,Pichincha,D,9,0,0.8854585423687308
2017-08-16,4,HOME CARE,Quito,Pichincha,D,9,0,160.46626056000366
2017-08-16,4,LADIESWEAR,Quito,Pichincha,D,9,0,14.808726856374314
2017-08-16,4,LAWN AND GARDEN,Quito,Pichincha,D,9,0,21.142196659901426
2017-08-16,4,LINGERIE,Quito,Pichincha,D,9,0,3.030120009052198
2017-08-16,4,"LIQUOR,WINE,BEER",Quito,Pichincha,D,9,0,73.83637475795611
2017-08-16,4,MAGAZINES,Quito,Pichincha,D,9,0,6.3852653854482035
2017-08-16,4,MEATS,Quito,Pichincha,D,9,0,309.7725596987157
2017-08-16,4,PERSONAL CARE,Quito,Pichincha,D,9,0,206.61803771852178
2017-08-16,4,PET SUPPLIES,Quito,Pichincha,D,9,0,4.0773032504114415
2017-08-16,4,PLAYERS AND ELECTRONICS,Quito,Pichincha,D,9,0,5.008287619937855
2017-08-16,4,POULTRY,Quito,Pichincha,D,9,0,338.3121802418267
2017-08-16,4,PREPARED FOODS,Quito,Pichincha,D,9,0,52.146085076570145
2017-08-16,4,PRODUCE,Quito,Pichincha,D,9,0,2758.0950627997204
2017-08-16,4,SCHOOL AND OFFICE SUPPLIES,Quito,Pichincha,D,9,0,0.8672968398193225
2017-08-16,4,SEAFOOD,Quito,Pichincha,D,9,0,19.65878523081619
2017-08-16,5,AUTOMOTIVE,Santo Domingo,Santo Domingo de los Tsachilas,D,4,0,6.048807715630773
2017-08-16,5,BABY CARE,Santo Domingo,Santo Domingo de los Tsachilas,D,4,0,0.8545526855449391
2017-08-16,5,BEAUTY,Santo Domingo,Santo Domingo de los Tsachilas,D,4,0,4.743490216267561
2017-08-16,5,BEVERAGES,Santo Domingo,Santo Domingo de los Tsachilas,D,4,0,1735.648592769682
2017-08-16,5,BOOKS,Santo Domingo,Santo Domingo de los Tsachilas,D,4,0,0.616740851934093
2017-08-16,5,BREAD/BAKERY,Santo Domingo,Santo Domingo de los Tsachilas,D,4,0,324.1472766056735
2017-08-16,5,CELEBRATION,Santo Domingo,Santo Domingo de los Tsachilas,D,4,0,24.85261397947222
2017-08-16,5,CLEANING,Santo Domingo,Santo Domingo de los Tsachilas,D,4,0,775.5346714195736
2017-08-16,5,DAIRY,Santo Domingo,Santo Domingo de los Tsachilas,D,4,0,532.1704176296975
2017-08-16,5,DELI,Santo Domingo,Santo Domingo de los Tsachilas,D,4,0,201.59029587039814
2017-08-16,5,EGGS,Santo Domingo,Santo Domingo de los Tsachilas,D,4,0,72.34164236086562
2017-08-16,5,FROZEN FOODS,Santo Domingo,Santo Domingo de los Tsachilas,D,4,0,78.78976143191767
2017-08-16,5,GROCERY I,Santo Domingo,Santo Domingo de los Tsachilas,D,4,0,2811.657330210684
2017-08-16,5,GROCERY II,Santo Domingo,Santo Domingo de los Tsachilas,D,4,0,26.486170592794178
2017-08-16,5,HARDWARE,Santo Domingo,Santo Domingo de los Tsachilas,D,4,0,1.3057346150135438
2017-08-16,5,HOME AND KITCHEN I,Santo Domingo,Santo Domingo de los Tsachilas,D,4,0,27.417272861882186
2017-08-16,5,HOME AND KITCHEN II,Santo Domingo,Santo Domingo de los Tsachilas,D,4,0,16.826590995885848
2017-08-16,5,HOME APPLIANCES,Santo Domingo,Santo Domingo de los Tsachilas,D,4,0,0.5899557437310045
2017-08-16,5,HOME CARE,Santo Domingo,Santo Domingo de los Tsachilas,D,4,0,168.1957595741524
2017-08-16,5,LADIESWEAR,Santo Domingo,Santo Domingo de los Tsachilas,D,4,0,8.981597210768095
2017-08-16,5,LAWN AND GARDEN,Santo Domingo,Santo Domingo de los Tsachilas,D,4,0,5.123502500211587
2017-08-16,5,LINGERIE,Santo Domingo,Santo Domingo de los Tsachilas,D,4,0,9.139964339719763
2017-08-16,5,"LIQUOR,WINE,BEER",Santo Domingo,Santo Domingo de los Tsachilas,D,4,0,60.05431144324367
2017-08-16,5,MAGAZINES,Santo Domingo,Santo Domingo de los Tsachilas,D,4,0,9.633795394980881
2017-08-16,5,MEATS,Santo Domingo,Santo Domingo de los Tsachilas,D,4,0,222.77498920016478
2017-08-16,5,PERSONAL CARE,Santo Domingo,Santo Domingo de los Tsachilas,D,4,0,213.2070949930729
2017-08-16,5,PET SUPPLIES,Santo Domingo,Santo Domingo de los Tsachilas,D,4,0,3.05053815288525
2017-08-16,5,PLAYERS AND ELECTRONICS,Santo Domingo,Santo Domingo de los Tsachilas,D,4,0,5.422587795137553
2017-08-16,5,POULTRY,Santo Domingo,Santo Domingo de los Tsachilas,D,4,0,224.35243514287205
2017-08-16,5,PREPARED FOODS,Santo Domingo,Santo Domingo de los Tsachilas,D,4,0,52.38648045854976
2017-08-16,5,PRODUCE,Santo Domingo,Santo Domingo de los Tsachilas,D,4,0,1741.8091295930417
2017-08-16,5,SCHOOL AND OFFICE SUPPLIES,Santo Domingo,Santo Domingo de los Tsachilas,D,4,0,1.0322255116421153
2017-08-16,5,SEAFOOD,Santo Domingo,Santo Domingo de los Tsachilas,D,4,0,6.734495722392885
2017-08-16,6,AUTOMOTIVE,Quito,Pichincha,D,13,0,5.271906210555606
2017-08-16,6,BABY CARE,Quito,Pichincha,D,13,0,0.6744318169609743
2017-08-16,6,BEAUTY,Quito,Pichincha,D,13,0,4.429320499756605
2017-08-16,6,BEVERAGES,Quito,Pichincha,D,13,0,2957.7268571831532
2017-08-16,6,BOOKS,Quito,Pichincha,D,13,0,0.6744318169609743
2017-08-16,6,BREAD/BAKERY,Quito,Pichincha,D,13,0,510.16490870565275
2017-08-16,6,CELEBRATION,Quito,Pichincha,D,13,0,6.8566009810968325
2017-08-16,6,CLEANING,Quito,Pichincha,D,13,0,1092.651720205299
2017-08-16,6,DAIRY,Quito,Pichincha,D,13,0,867.1152980621151
2017-08-16,6,DELI,Quito,Pichincha,D,13,0,304.9601567177913
2017-08-16,6,EGGS,Quito,Pichincha,D,13,0,154.54172050988205
2017-08-16,6,FROZEN FOODS,Quito,Pichincha,D,13,0,120.22255538666536
2017-08-16,6,GROCERY I,Quito,Pichincha,D,13,0,4605.344131072834
2017-08-16,6,GROCERY II,Quito,Pichincha,D,13,0,30.253236669308166
2017-08-16,6,HARDWARE,Quito,Pichincha,D,13,0,1.305052443629863
2017-08-16,6,HOME AND KITCHEN I,Quito,Pichincha,D,13,0,20.03396685734697
2017-08-16,6,HOME AND KITCHEN II,Quito,Pichincha,D,13,0,38.196344532802826
2017-08-16,6,HOME APPLIANCES,Quito,Pichincha,D,13,0,0.647646708757886
2017-08-16,6,HOME CARE,Quito,Pichincha,D,13,0,268.46461456433883
2017-08-16,6,LADIESWEAR,Quito,Pichincha,D,13,0,15.683472559711333
2017-08-16,6,LAWN AND GARDEN,Quito,Pichincha,D,13,0,15.702940042635905
2017-08-16,6,LINGERIE,Quito,Pichincha,D,13,0,6.87948452713805
2017-08-16,6,"LIQUOR,WINE,BEER",Quito,Pichincha,D,13,0,72.22727138140468
2017-08-16,6,MAGAZINES,Quito,Pichincha,D,13,0,4.328711495068218
2017-08-16,6,MEATS,Quito,Pichincha,D,13,0,421.76390641047595
2017-08-16,6,PERSONAL CARE,Quito,Pichincha,D,13,0,306.7065988404135
2017-08-16,6,PET SUPPLIES,Quito,Pichincha,D,13,0,7.211917494991159
2017-08-16,6,PLAYERS AND ELECTRONICS,Quito,Pichincha,D,13,0,14.934641401268635
2017-08-16,6,POULTRY,Quito,Pichincha,D,13,0,438.6498686391235
2017-08-16,6,PREPARED FOODS,Quito,Pichincha,D,13,0,94.06801869238562
2017-08-16,6,PRODUCE,Quito,Pichincha,D,13,0,3033.2694982265266
2017-08-16,6,SCHOOL AND OFFICE SUPPLIES,Quito,Pichincha,D,13,0,0.6294850062084775
2017-08-16,6,SEAFOOD,Quito,Pichincha,D,13,0,33.53980084682835
2017-08-16,7,AUTOMOTIVE,Quito,Pichincha,D,8,0,4.558817292454772
2017-08-16,7,BABY CARE,Quito,Pichincha,D,8,0,1.1176888337045983
2017-08-16,7,BEAUTY,Quito,Pichincha,D,8,0,6.9614222701838075
2017-08-16,7,BEVERAGES,Quito,Pichincha,D,8,0,4110.982344746924
2017-08-16,7,BOOKS,Quito,Pichincha,D,8,0,1.1176888337045983
2017-08-16,7,BREAD/BAKERY,Quito,Pichincha,D,8,0,627.2914188787922
2017-08-16,7,CELEBRATION,Quito,Pichincha,D,8,0,12.284679410326248
2017-08-16,7,CLEANING,Quito,Pichincha,D,8,0,1141.7082365992499
2017-08-16,7,DAIRY,Quito,Pichincha,D,8,0,1326.542892623352
2017-08-16,7,DELI,Quito,Pichincha,D,8,0,167.85624626481524
2017-08-16,7,EGGS,Quito,Pichincha,D,8,0,274.67129847182747
2017-08-16,7,FROZEN FOODS,Quito,Pichincha,D,8,0,199.6602128541911
2017-08-16,7,GROCERY I,Quito,Pichincha,D,8,0,4078.812987945594
2017-08-16,7,GROCERY II,Quito,Pichincha,D,8,0,39.32489061124886
2017-08-16,7,HARDWARE,Quito,Pichincha,D,8,0,2.4286423180009677
2017-08-16,7,HOME AND KITCHEN I,Quito,Pichincha,D,8,0,30.499339027446773
2017-08-16,7,HOME AND KITCHEN II,Quito,Pichincha,D,8,0,35.57103638255359
2017-08-16,7,HOME APPLIANCES,Quito,Pichincha,D,8,0,1.8362457255014824
2017-08-16,7,HOME CARE,Quito,Pichincha,D,8,0,249.6525266503165
2017-08-16,7,LADIESWEAR,Quito,Pichincha,D,8,0,15.376084782288729
2017-08-16,7,LAWN AND GARDEN,Quito,Pichincha,D,8,0,32.36774406617197
2017-08-16,7,LINGERIE,Quito,Pichincha,D,8,0,6.549755697401278
2017-08-16,7,"LIQUOR,WINE,BEER",Quito,Pichincha,D,8,0,135.97546290549795
2017-08-16,7,MAGAZINES,Quito,Pichincha,D,8,0,17.906194604282973
2017-08-16,7,MEATS,Quito,Pichincha,D,8,0,446.6930355601659
2017-08-16,7,PERSONAL CARE,Quito,Pichincha,D,8,0,241.68005666003828
2017-08-16,7,PET SUPPLIES,Quito,Pichincha,D,8,0,4.556486108817048
2017-08-16,7,PLAYERS AND ELECTRONICS,Quito,Pichincha,D,8,0,13.492158111501269
2017-08-16,7,POULTRY,Quito,Pichincha,D,8,0,631.129458093226
2017-08-16,7,PREPARED FOODS,Quito,Pichincha,D,8,0,128.1281935820326
2017-08-16,7,PRODUCE,Quito,Pichincha,D,8,0,6214.522152288637
2017-08-16,7,SCHOOL AND OFFICE SUPPLIES,Quito,Pichincha,D,8,0,1.8715510968634839
2017-08-16,7,SEAFOOD,Quito,Pichincha,D,8,0,38.75255432611305
2017-08-16,8,AUTOMOTIVE,Quito,Pichincha,D,8,0,3.559580970686577
2017-08-16,8,BABY CARE,Quito,Pichincha,D,8,0,1.5369517655790794
2017-08-16,8,BEAUTY,Quito,Pichincha,D,8,0,7.521552552483203
2017-08-16,8,BEVERAGES,Quito,Pichincha,D,8,0,4510.359022971606
2017-08-16,8,BOOKS,Quito,Pichincha,D,8,0,0.7916097655791071
2017-08-16,8,BREAD/BAKERY,Quito,Pichincha,D,8,0,788.143783022977
2017-08-16,8,CELEBRATION,Quito,Pichincha,D,8,0,14.266111855554692
2017-08-16,8,CLEANING,Quito,Pichincha,D,8,0,1242.4596718721955
2017-08-16,8,DAIRY,Quito,Pichincha,D,8,0,1377.0615133937438
2017-08-16,8,DELI,Quito,Pichincha,D,8,0,256.27810557625855
2017-08-16,8,EGGS,Quito,Pichincha,D,8,0,293.03793362697445
2017-08-16,8,FROZEN FOODS,Quito,Pichincha,D,8,0,153.63734007145933
2017-08-16,8,GROCERY I,Quito,Pichincha,D,8,0,4869.6140122163015
2017-08-16,8,GROCERY II,Quito,Pichincha,D,8,0,29.79971280029316
2017-08-16,8,HARDWARE,Quito,Pichincha,D,8,0,1.8176527203360267
2017-08-16,8,HOME AND KITCHEN I,Quito,Pichincha,D,8,0,40.01194415560808
2017-08-16,8,HOME AND KITCHEN II,Quito,Pichincha,D,8,0,48.10042837002132
2017-08-16,8,HOME APPLIANCES,Quito,Pichincha,D,8,0,0.7648246573760188
2017-08-16,8,HOME CARE,Quito,Pichincha,D,8,0,334.35066611260015
2017-08-16,8,LADIESWEAR,Quito,Pichincha,D,8,0,27.06470017035536
2017-08-16,8,LAWN AND GARDEN,Quito,Pichincha,D,8,0,38.08228704277436
2017-08-16,8,LINGERIE,Quito,Pichincha,D,8,0,16.632606715753962
2017-08-16,8,"LIQUOR,WINE,BEER",Quito,Pichincha,D,8,0,129.20203690634233
2017-08-16,8,MAGAZINES,Quito,Pichincha,D,8,0,16.261611255444375
2017-08-16,8,MEATS,Quito,Pichincha,D,8,0,391.7207487936494
2017-08-16,8,PERSONAL CARE,Quito,Pichincha,D,8,0,298.83806766369617
2017-08-16,8,PET SUPPLIES,Quito,Pichincha,D,8,0,13.098534124188655
2017-08-16,8,PLAYERS AND ELECTRONICS,Quito,Pichincha,D,8,0,17.936406268905518
2017-08-16,8,POULTRY,Quito,Pichincha,D,8,0,525.1404217473518
2017-08-16,8,PREPARED FOODS,Quito,Pichincha,D,8,0,138.15096458109545
2017-08-16,8,PRODUCE,Quito,Pichincha,D,8,0,5639.012211541182
2017-08-16,8,SCHOOL AND OFFICE SUPPLIES,Quito,Pichincha,D,8,0,1.0949862056107942
2017-08-16,8,SEAFOOD,Quito,Pichincha,D,8,0,29.33338492989151
2017-08-16,9,AUTOMOTIVE,Quito,Pichincha,B,6,0,11.218000628379023
2017-08-16,9,BABY CARE,Quito,Pichincha,B,6,0,0.0
2017-08-16,9,BEAUTY,Quito,Pichincha,B,6,0,5.550940741195436
2017-08-16,9,BEVERAGES,Quito,Pichincha,B,6,0,2949.3479204262917
2017-08-16,9,BOOKS,Quito,Pichincha,B,6,0,0.0
2017-08-16,9,BREAD/BAKERY,Quito,Pichincha,B,6,0,442.5485755650134
2017-08-16,9,CELEBRATION,Quito,Pichincha,B,6,0,12.157160625393114
2017-08-16,9,CLEANING,Quito,Pichincha,B,6,0,1304.9137681487155
2017-08-16,9,DAIRY,Quito,Pichincha,B,6,0,739.388856092895
2017-08-16,9,DELI,Quito,Pichincha,B,6,0,437.4671852388747
2017-08-16,9,EGGS,Quito,Pichincha,B,6,0,175.41345576429364
2017-08-16,9,FROZEN FOODS,Quito,Pichincha,B,6,0,111.81469353348803
2017-08-16,9,GROCERY I,Quito,Pichincha,B,6,0,5888.618990060805
2017-08-16,9,GROCERY II,Quito,Pichincha,B,6,0,6.357737640290409
2017-08-16,9,HARDWARE,Quito,Pichincha,B,6,0,0.5819767224079878
2017-08-16,9,HOME AND KITCHEN I,Quito,Pichincha,B,6,0,47.162252122075294
2017-08-16,9,HOME AND KITCHEN II,Quito,Pichincha,B,6,0,38.16435963026649
2017-08-16,9,HOME APPLIANCES,Quito,Pichincha,B,6,0,0.0
2017-08-16,9,HOME CARE,Quito,Pichincha,B,6,0,349.62593769587704
2017-08-16,9,LADIESWEAR,Quito,Pichincha,B,6,0,4.347578883004969
2017-08-16,9,LAWN AND GARDEN,Quito,Pichincha,B,6,0,5.013602048062019
2017-08-16,9,LINGERIE,Quito,Pichincha,B,6,0,4.990124822806424
2017-08-16,9,"LIQUOR,WINE,BEER",Quito,Pichincha,B,6,0,47.029612478231954
2017-08-16,9,MAGAZINES,Quito,Pichincha,B,6,0,4.727832535621756
2017-08-16,9,MEATS,Quito,Pichincha,B,6,0,326.71137279627936
2017-08-16,9,PERSONAL CARE,Quito,Pichincha,B,6,0,398.783843480073
2017-08-16,9,PET SUPPLIES,Quito,Pichincha,B,6,0,3.430599402280332
2017-08-16,9,PLAYERS AND ELECTRONICS,Quito,Pichincha,B,6,0,3.7141427372131024
2017-08-16,9,POULTRY,Quito,Pichincha,B,6,0,358.2235778517604
2017-08-16,9,PREPARED FOODS,Quito,Pichincha,B,6,0,112.56943499996572
2017-08-16,9,PRODUCE,Quito,Pichincha,B,6,0,1236.5196865972061
2017-08-16,9,SCHOOL AND OFFICE SUPPLIES,Quito,Pichincha,B,6,0,108.26162410109814
2017-08-16,9,SEAFOOD,Quito,Pichincha,B,6,0,14.853232341564055
2017-08-16,10,AUTOMOTIVE,Quito,Pichincha,C,15,0,1.8783192706833811
2017-08-16,10,BABY CARE,Quito,Pichincha,C,15,0,0.0
2017-08-16,10,BEAUTY,Quito,Pichincha,C,15,0,1.9090561650776758
2017-08-16,10,BEVERAGES,Quito,Pichincha,C,15,0,1202.8812500963231
2017-08-16,10,BOOKS,Quito,Pichincha,C,15,0,0.0
2017-08-16,10,BREAD/BAKERY,Quito,Pichincha,C,15,0,89.45076441199802
2017-08-16,10,CELEBRATION,Quito,Pichincha,C,15,0,2.0521375571005467
2017-08-16,10,CLEANING,Quito,Pichincha,C,15,0,709.5162713549521
2017-08-16,10,DAIRY,Quito,Pichincha,C,15,0,363.9467954292298
2017-08-16,10,DELI,Quito,Pichincha,C,15,0,216.1389417986151
2017-08-16,10,EGGS,Quito,Pichincha,C,15,0,36.36296363411736
2017-08-16,10,FROZEN FOODS,Quito,Pichincha,C,15,0,32.29743519790914
2017-08-16,10,GROCERY I,Quito,Pichincha,C,15,0,2522.8844083448107
2017-08-16,10,GROCERY II,Quito,Pichincha,C,15,0,3.2606535888985446
2017-08-16,10,HARDWARE,Quito,Pichincha,C,15,0,0.07556518717745786
2017-08-16,10,HOME AND KITCHEN I,Quito,Pichincha,C,15,0,4.964886141513216
2017-08-16,10,HOME AND KITCHEN II,Quito,Pichincha,C,15,0,6.501273367321722
2017-08-16,10,HOME APPLIANCES,Quito,Pichincha,C,15,0,0.0
2017-08-16,10,HOME CARE,Quito,Pichincha,C,15,0,150.8056168535577
2017-08-16,10,LADIESWEAR,Quito,Pichincha,C,15,0,5.426439900732819
2017-08-16,10,LAWN AND GARDEN,Quito,Pichincha,C,15,0,0.09822822462559495
2017-08-16,10,LINGERIE,Quito,Pichincha,C,15,0,1.1958974604305432
2017-08-16,10,"LIQUOR,WINE,BEER",Quito,Pichincha,C,15,0,14.386677079186885
2017-08-16,10,MAGAZINES,Quito,Pichincha,C,15,0,0.3711069169976243
2017-08-16,10,MEATS,Quito,Pichincha,C,15,0,184.45357672152073
2017-08-16,10,PERSONAL CARE,Quito,Pichincha,C,15,0,144.19141523819843
2017-08-16,10,PET SUPPLIES,Quito,Pichincha,C,15,0,0.9425606624236275
2017-08-16,10,PLAYERS AND ELECTRONICS,Quito,Pichincha,C,15,0,1.7584027936455535
2017-08-16,10,POULTRY,Quito,Pichincha,C,15,0,123.25887788245008
2017-08-16,10,PREPARED FOODS,Quito,Pichincha,C,15,0,20.46023713749898
2017-08-16,10,PRODUCE,Quito,Pichincha,C,15,0,216.87800468407298
2017-08-16,10,SCHOOL AND OFFICE SUPPLIES,Quito,Pichincha,C,15,0,6.597760544868916
2017-08-16,10,SEAFOOD,Quito,Pichincha,C,15,0,3.855390768152327
2017-08-16,11,AUTOMOTIVE,Cayambe,Pichincha,B,6,0,3.9994453944647055
2017-08-16,11,BABY CARE,Cayambe,Pichincha,B,6,0,0.0
2017-08-16,11,BEAUTY,Cayambe,Pichincha,B,6,0,3.4387410833098992
2017-08-16,11,BEVERAGES,Cayambe,Pichincha,B,6,0,3734.6809230300382
2017-08-16,11,BOOKS,Cayambe,Pichincha,B,6,0,0.0
2017-08-16,11,BREAD/BAKERY,Cayambe,Pichincha,B,6,0,938.8009543576725
2017-08-16,11,CELEBRATION,Cayambe,Pichincha,B,6,0,11.9257781007631
2017-08-16,11,CLEANING,Cayambe,Pichincha,B,6,0,1660.3909251290106
2017-08-16,11,DAIRY,Cayambe,Pichincha,B,6,0,626.3042360016335
2017-08-16,11,DELI,Cayambe,Pichincha,B,6,0,434.8059624125667
2017-08-16,11,EGGS,Cayambe,Pichincha,B,6,0,224.02907113218333
2017-08-16,11,FROZEN FOODS,Cayambe,Pichincha,B,6,0,78.16456813874335
2017-08-16,11,GROCERY I,Cayambe,Pichincha,B,6,0,7119.7112096525
2017-08-16,11,GROCERY II,Cayambe,Pichincha,B,6,0,20.30801884007092
2017-08-16,11,HARDWARE,Cayambe,Pichincha,B,6,0,0.43714445133935487
2017-08-16,11,HOME AND KITCHEN I,Cayambe,Pichincha,B,6,0,27.46226184019933
2017-08-16,11,HOME AND KITCHEN II,Cayambe,Pichincha,B,6,0,12.946773668010465
2017-08-16,11,HOME APPLIANCES,Cayambe,Pichincha,B,6,0,0.0
2017-08-16,11,HOME CARE,Cayambe,Pichincha,B,6,0,477.2103002119114
2017-08-16,11,LADIESWEAR,Cayambe,Pichincha,B,6,0,7.916569118525095
2017-08-16,11,LAWN AND GARDEN,Cayambe,Pichincha,B,6,0,2.4770051095335393
2017-08-16,11,LINGERIE,Cayambe,Pichincha,B,6,0,6.124215989810274
2017-08-16,11,"LIQUOR,WINE,BEER",Cayambe,Pichincha,B,6,0,21.582449149770543
2017-08-16,11,MAGAZINES,Cayambe,Pichincha,B,6,0,1.9339779516073712
2017-08-16,11,MEATS,Cayambe,Pichincha,B,6,0,661.1565554525124
2017-08-16,11,PERSONAL CARE,Cayambe,Pichincha,B,6,0,377.94816125320017
2017-08-16,11,PET SUPPLIES,Cayambe,Pichincha,B,6,0,0.7991636310887048
2017-08-16,11,PLAYERS AND ELECTRONICS,Cayambe,Pichincha,B,6,0,14.297866340501947
2017-08-16,11,POULTRY,Cayambe,Pichincha,B,6,0,420.6096013838728
2017-08-16,11,PREPARED FOODS,Cayambe,Pichincha,B,6,0,108.54280547322352
2017-08-16,11,PRODUCE,Cayambe,Pichincha,B,6,0,1176.5296616483179
2017-08-16,11,SCHOOL AND OFFICE SUPPLIES,Cayambe,Pichincha,B,6,0,23.725137684795065
2017-08-16,11,SEAFOOD,Cayambe,Pichincha,B,6,0,4.1799693914310705
2017-08-16,12,AUTOMOTIVE,Latacunga,Cotopaxi,C,15,0,3.5573602877258095
2017-08-16,12,BABY CARE,Latacunga,Cotopaxi,C,15,0,0.0
2017-08-16,12,BEAUTY,Latacunga,Cotopaxi,C,15,0,1.8807316503669014
2017-08-16,12,BEVERAGES,Latacunga,Cotopaxi,C,15,0,1474.7007234989962
2017-08-16,12,BOOKS,Latacunga,Cotopaxi,C,15,0,0.0
2017-08-16,12,BREAD/BAKERY,Latacunga,Cotopaxi,C,15,0,172.22937611925713
2017-08-16,12,CELEBRATION,Latacunga,Cotopaxi,C,15,0,12.178257894325988
2017-08-16,12,CLEANING,Latacunga,Cotopaxi,C,15,0,854.0737324524889
2017-08-16,12,DAIRY,Latacunga,Cotopaxi,C,15,0,405.30496818790374
2017-08-16,12,DELI,Latacunga,Cotopaxi,C,15,0,163.99751502924585
2017-08-16,12,EGGS,Latacunga,Cotopaxi,C,15,0,45.43448308148165
2017-08-16,12,FROZEN FOODS,Latacunga,Cotopaxi,C,15,0,28.770608226428962
2017-08-16,12,GROCERY I,Latacunga,Cotopaxi,C,15,0,2502.684160499235
2017-08-16,12,GROCERY II,Latacunga,Cotopaxi,C,15,0,5.6195380055115765
2017-08-16,12,HARDWARE,Latacunga,Cotopaxi,C,15,0,0.018047077985831488
2017-08-16,12,HOME AND KITCHEN I,Latacunga,Cotopaxi,C,15,0,10.446518087397413
2017-08-16,12,HOME AND KITCHEN II,Latacunga,Cotopaxi,C,15,0,19.101243842713668
2017-08-16,12,HOME APPLIANCES,Latacunga,Cotopaxi,C,15,0,0.0
2017-08-16,12,HOME CARE,Latacunga,Cotopaxi,C,15,0,144.86556940432115
2017-08-16,12,LADIESWEAR,Latacunga,Cotopaxi,C,15,0,5.518097640851594
2017-08-16,12,LAWN AND GARDEN,Latacunga,Cotopaxi,C,15,0,0.32562064497342236
2017-08-16,12,LINGERIE,Latacunga,Cotopaxi,C,15,0,1.8576907165101832
2017-08-16,12,"LIQUOR,WINE,BEER",Latacunga,Cotopaxi,C,15,0,28.498984592726796
2017-08-16,12,MAGAZINES,Latacunga,Cotopaxi,C,15,0,2.1864577451702676
2017-08-16,12,MEATS,Latacunga,Cotopaxi,C,15,0,137.90364706607525
2017-08-16,12,PERSONAL CARE,Latacunga,Cotopaxi,C,15,0,167.27622814126357
2017-08-16,12,PET SUPPLIES,Latacunga,Cotopaxi,C,15,0,1.5817838526800219
2017-08-16,12,PLAYERS AND ELECTRONICS,Latacunga,Cotopaxi,C,15,0,4.812809811735723
2017-08-16,12,POULTRY,Latacunga,Cotopaxi,C,15,0,143.13726287513074
2017-08-16,12,PREPARED FOODS,Latacunga,Cotopaxi,C,15,0,33.23065469302266
2017-08-16,12,PRODUCE,Latacunga,Cotopaxi,C,15,0,307.63868072248005
2017-08-16,12,SCHOOL AND OFFICE SUPPLIES,Latacunga,Cotopaxi,C,15,0,7.200161473312302
2017-08-16,12,SEAFOOD,Latacunga,Cotopaxi,C,15,0,1.8750313952270001
2017-08-16,13,AUTOMOTIVE,Latacunga,Cotopaxi,C,15,0,3.0652524348441057
2017-08-16,13,BABY CARE,Latacunga,Cotopaxi,C,15,0,0.0
2017-08-16,13,BEAUTY,Latacunga,Cotopaxi,C,15,0,2.616176078668545
2017-08-16,13,BEVERAGES,Latacunga,Cotopaxi,C,15,0,1351.4527123785037
2017-08-16,13,BOOKS,Latacunga,Cotopaxi,C,15,0,0.0
2017-08-16,13,BREAD/BAKERY,Latacunga,Cotopaxi,C,15,0,108.68217697540003
2017-08-16,13,CELEBRATION,Latacunga,Cotopaxi,C,15,0,4.4609376370090414
2017-08-16,13,CLEANING,Latacunga,Cotopaxi,C,15,0,606.8586025842038
2017-08-16,13,DAIRY,Latacunga,Cotopaxi,C,15,0,276.96472702081525
2017-08-16,13,DELI,Latacunga,Cotopaxi,C,15,0,134.35507071311284
2017-08-16,13,EGGS,Latacunga,Cotopaxi,C,15,0,44.59339101668411
2017-08-16,13,FROZEN FOODS,Latacunga,Cotopaxi,C,15,0,27.682437110319324
2017-08-16,13,GROCERY I,Latacunga,Cotopaxi,C,15,0,2666.4741926756033
2017-08-16,13,GROCERY II,Latacunga,Cotopaxi,C,15,0,6.997180663583124
2017-08-16,13,HARDWARE,Latacunga,Cotopaxi,C,15,0,0.018047077985831488
2017-08-16,13,HOME AND KITCHEN I,Latacunga,Cotopaxi,C,15,0,10.446518087397413
2017-08-16,13,HOME AND KITCHEN II,Latacunga,Cotopaxi,C,15,0,6.454488569184886
2017-08-16,13,HOME APPLIANCES,Latacunga,Cotopaxi,C,15,0,0.0
2017-08-16,13,HOME CARE,Latacunga,Cotopaxi,C,15,0,116.9460069901094
2017-08-16,13,LADIESWEAR,Latacunga,Cotopaxi,C,15,0,1.4633259319573855
2017-08-16,13,LAWN AND GARDEN,Latacunga,Cotopaxi,C,15,0,0.32562064497342236
2017-08-16,13,LINGERIE,Latacunga,Cotopaxi,C,15,0,1.9755318117430818
2017-08-16,13,"LIQUOR,WINE,BEER",Latacunga,Cotopaxi,C,15,0,34.005001372997064
2017-08-16,13,MAGAZINES,Latacunga,Cotopaxi,C,15,0,1.0972741943987518
2017-08-16,13,MEATS,Latacunga,Cotopaxi,C,15,0,119.16644467552996
2017-08-16,13,PERSONAL CARE,Latacunga,Cotopaxi,C,15,0,173.32858395703082
2017-08-16,13,PET SUPPLIES,Latacunga,Cotopaxi,C,15,0,0.49684762279458755
2017-08-16,13,PLAYERS AND ELECTRONICS,Latacunga,Cotopaxi,C,15,0,3.3807324897920785
2017-08-16,13,POULTRY,Latacunga,Cotopaxi,C,15,0,72.14371345796889
2017-08-16,13,PREPARED FOODS,Latacunga,Cotopaxi,C,15,0,19.306579026460604
2017-08-16,13,PRODUCE,Latacunga,Cotopaxi,C,15,0,188.78971541994963
2017-08-16,13,SCHOOL AND OFFICE SUPPLIES,Latacunga,Cotopaxi,C,15,0,5.376530954009724
2017-08-16,13,SEAFOOD,Latacunga,Cotopaxi,C,15,0,1.4682696547083174
2017-08-16,14,AUTOMOTIVE,Riobamba,Chimborazo,C,7,0,3.621446797936618
2017-08-16,14,BABY CARE,Riobamba,Chimborazo,C,7,0,0.05081296031219498
2017-08-16,14,BEAUTY,Riobamba,Chimborazo,C,7,0,1.913535863497611
2017-08-16,14,BEVERAGES,Riobamba,Chimborazo,C,7,0,1745.8606548218697
2017-08-16,14,BOOKS,Riobamba,Chimborazo,C,7,0,0.05081296031219498
2017-08-16,14,BREAD/BAKERY,Riobamba,Chimborazo,C,7,0,163.19323412928964
2017-08-16,14,CELEBRATION,Riobamba,Chimborazo,C,7,0,8.42354287678497
2017-08-16,14,CLEANING,Riobamba,Chimborazo,C,7,0,879.2108480029407
2017-08-16,14,DAIRY,Riobamba,Chimborazo,C,7,0,403.5721104445513
2017-08-16,14,DELI,Riobamba,Chimborazo,C,7,0,244.32939391535797
2017-08-16,14,EGGS,Riobamba,Chimborazo,C,7,0,26.937048074182062
2017-08-16,14,FROZEN FOODS,Riobamba,Chimborazo,C,7,0,32.15516173097266
2017-08-16,14,GROCERY I,Riobamba,Chimborazo,C,7,0,2892.1176322196893
2017-08-16,14,GROCERY II,Riobamba,Chimborazo,C,7,0,3.499218182770606
2017-08-16,14,HARDWARE,Riobamba,Chimborazo,C,7,0,0.04819980665744586
2017-08-16,14,HOME AND KITCHEN I,Riobamba,Chimborazo,C,7,0,4.200506476539041
2017-08-16,14,HOME AND KITCHEN II,Riobamba,Chimborazo,C,7,0,15.754358276214779
2017-08-16,14,HOME APPLIANCES,Riobamba,Chimborazo,C,7,0,0.024027852109106608
2017-08-16,14,HOME CARE,Riobamba,Chimborazo,C,7,0,169.3359282494049
2017-08-16,14,LADIESWEAR,Riobamba,Chimborazo,C,7,0,1.1702247444967677
2017-08-16,14,LAWN AND GARDEN,Riobamba,Chimborazo,C,7,0,0.5935852072558819
2017-08-16,14,LINGERIE,Riobamba,Chimborazo,C,7,0,4.01495615256006
2017-08-16,14,"LIQUOR,WINE,BEER",Riobamba,Chimborazo,C,7,0,17.308887759418695
2017-08-16,14,MAGAZINES,Riobamba,Chimborazo,C,7,0,2.7476057946006254
2017-08-16,14,MEATS,Riobamba,Chimborazo,C,7,0,156.3776279576479
2017-08-16,14,PERSONAL CARE,Riobamba,Chimborazo,C,7,0,263.2718313989634
2017-08-16,14,PET SUPPLIES,Riobamba,Chimborazo,C,7,0,1.437986154496461
2017-08-16,14,PLAYERS AND ELECTRONICS,Riobamba,Chimborazo,C,7,0,6.787429958695065
2017-08-16,14,POULTRY,Riobamba,Chimborazo,C,7,0,69.72852825923279
2017-08-16,14,PREPARED FOODS,Riobamba,Chimborazo,C,7,0,88.80091937229366
2017-08-16,14,PRODUCE,Riobamba,Chimborazo,C,7,0,337.1211616120236
2017-08-16,14,SCHOOL AND OFFICE SUPPLIES,Riobamba,Chimborazo,C,7,0,3.486863260610543
2017-08-16,14,SEAFOOD,Riobamba,Chimborazo,C,7,0,4.223972871453461
2017-08-16,15,AUTOMOTIVE,Ibarra,Imbabura,C,15,0,3.336598194142927
2017-08-16,15,BABY CARE,Ibarra,Imbabura,C,15,0,0.9241938318398765
2017-08-16,15,BEAUTY,Ibarra,Imbabura,C,15,0,3.2388698353015126
2017-08-16,15,BEVERAGES,Ibarra,Imbabura,C,15,0,1636.4879462377007
2017-08-16,15,BOOKS,Ibarra,Imbabura,C,15,0,0.0
2017-08-16,15,BREAD/BAKERY,Ibarra,Imbabura,C,15,0,139.3744943756774
2017-08-16,15,CELEBRATION,Ibarra,Imbabura,C,15,0,3.5983479237522076
2017-08-16,15,CLEANING,Ibarra,Imbabura,C,15,0,779.9401388401143
2017-08-16,15,DAIRY,Ibarra,Imbabura,C,15,0,326.05978650883316
2017-08-16,15,DELI,Ibarra,Imbabura,C,15,0,213.23058617542583
2017-08-16,15,EGGS,Ibarra,Imbabura,C,15,0,102.13999017123805
2017-08-16,15,FROZEN FOODS,Ibarra,Imbabura,C,15,0,51.28866364849895
2017-08-16,15,GROCERY I,Ibarra,Imbabura,C,15,0,2527.317902820144
2017-08-16,15,GROCERY II,Ibarra,Imbabura,C,15,0,5.315970368307758
2017-08-16,15,HARDWARE,Ibarra,Imbabura,C,15,0,1.0572562278900657
2017-08-16,15,HOME AND KITCHEN I,Ibarra,Imbabura,C,15,0,10.109729893104452
2017-08-16,15,HOME AND KITCHEN II,Ibarra,Imbabura,C,15,0,13.866669708631154
2017-08-16,15,HOME APPLIANCES,Ibarra,Imbabura,C,15,0,0.0
2017-08-16,15,HOME CARE,Ibarra,Imbabura,C,15,0,194.0462160950919
2017-08-16,15,LADIESWEAR,Ibarra,Imbabura,C,15,0,4.803353384356086
2017-08-16,15,LAWN AND GARDEN,Ibarra,Imbabura,C,15,0,0.4454688585799645
2017-08-16,15,LINGERIE,Ibarra,Imbabura,C,15,0,4.1620499598210365
2017-08-16,15,"LIQUOR,WINE,BEER",Ibarra,Imbabura,C,15,0,18.110877890372997
2017-08-16,15,MAGAZINES,Ibarra,Imbabura,C,15,0,1.6238841485239743
2017-08-16,15,MEATS,Ibarra,Imbabura,C,15,0,127.86378281797026
2017-08-16,15,PERSONAL CARE,Ibarra,Imbabura,C,15,0,165.17986224643127
2017-08-16,15,PET SUPPLIES,Ibarra,Imbabura,C,15,0,1.2898698058205436
2017-08-16,15,PLAYERS AND ELECTRONICS,Ibarra,Imbabura,C,15,0,3.772921994405964
2017-08-16,15,POULTRY,Ibarra,Imbabura,C,15,0,101.20106307501624
2017-08-16,15,PREPARED FOODS,Ibarra,Imbabura,C,15,0,42.60571096891592
2017-08-16,15,PRODUCE,Ibarra,Imbabura,C,15,0,557.9010778861619
2017-08-16,15,SCHOOL AND OFFICE SUPPLIES,Ibarra,Imbabura,C,15,0,4.493188716473146
2017-08-16,15,SEAFOOD,Ibarra,Imbabura,C,15,0,3.185100648450648
2017-08-16,16,AUTOMOTIVE,Santo Domingo,Santo Domingo de los Tsachilas,C,3,0,2.3363673978883486
2017-08-16,16,BABY CARE,Santo Domingo,Santo Domingo de los Tsachilas,C,3,0,0.0
2017-08-16,16,BEAUTY,Santo Domingo,Santo Domingo de los Tsachilas,C,3,0,0.275551685955009
2017-08-16,16,BEVERAGES,Santo Domingo,Santo Domingo de los Tsachilas,C,3,0,1294.9126305951897
2017-08-16,16,BOOKS,Santo Domingo,Santo Domingo de los Tsachilas,C,3,0,0.0
2017-08-16,16,BREAD/BAKERY,Santo Domingo,Santo Domingo de los Tsachilas,C,3,0,143.2271914186995
2017-08-16,16,CELEBRATION,Santo Domingo,Santo Domingo de los Tsachilas,C,3,0,2.8246205282650405
2017-08-16,16,CLEANING,Santo Domingo,Santo Domingo de los Tsachilas,C,3,0,811.9275333772879
2017-08-16,16,DAIRY,Santo Domingo,Santo Domingo de los Tsachilas,C,3,0,238.59713829788845
2017-08-16,16,DELI,Santo Domingo,Santo Domingo de los Tsachilas,C,3,0,140.1722876573587
2017-08-16,16,EGGS,Santo Domingo,Santo Domingo de los Tsachilas,C,3,0,114.31631992453212
2017-08-16,16,FROZEN FOODS,Santo Domingo,Santo Domingo de los Tsachilas,C,3,0,24.991343744489082
2017-08-16,16,GROCERY I,Santo Domingo,Santo Domingo de los Tsachilas,C,3,0,1972.887232031209
2017-08-16,16,GROCERY II,Santo Domingo,Santo Domingo de los Tsachilas,C,3,0,3.5026429471973524
2017-08-16,16,HARDWARE,Santo Domingo,Santo Domingo de los Tsachilas,C,3,0,0.0
2017-08-16,16,HOME AND KITCHEN I,Santo Domingo,Santo Domingo de los Tsachilas,C,3,0,9.71763305044166
2017-08-16,16,HOME AND KITCHEN II,Santo Domingo,Santo Domingo de los Tsachilas,C,3,0,13.254912538817283
2017-08-16,16,HOME APPLIANCES,Santo Domingo,Santo Domingo de los Tsachilas,C,3,0,0.0
2017-08-16,16,HOME CARE,Santo Domingo,Santo Domingo de los Tsachilas,C,3,0,131.68468899819266
2017-08-16,16,LADIESWEAR,Santo Domingo,Santo Domingo de los Tsachilas,C,3,0,0.02106977667414222
2017-08-16,16,LAWN AND GARDEN,Santo Domingo,Santo Domingo de los Tsachilas,C,3,0,0.0405372595987149
2017-08-16,16,LINGERIE,Santo Domingo,Santo Domingo de los Tsachilas,C,3,0,2.409981456482026
2017-08-16,16,"LIQUOR,WINE,BEER",Santo Domingo,Santo Domingo de los Tsachilas,C,3,0,15.654507399349509
2017-08-16,16,MAGAZINES,Santo Domingo,Santo Domingo de los Tsachilas,C,3,0,0.6717111385253568
2017-08-16,16,MEATS,Santo Domingo,Santo Domingo de los Tsachilas,C,3,0,52.51518620694363
2017-08-16,16,PERSONAL CARE,Santo Domingo,Santo Domingo de los Tsachilas,C,3,0,113.02813545654908
2017-08-16,16,PET SUPPLIES,Santo Domingo,Santo Domingo de los Tsachilas,C,3,0,0.32387245709621393
2017-08-16,16,PLAYERS AND ELECTRONICS,Santo Domingo,Santo Domingo de los Tsachilas,C,3,0,1.7007118286186729
2017-08-16,16,POULTRY,Santo Domingo,Santo Domingo de los Tsachilas,C,3,0,57.84190500961258
2017-08-16,16,PREPARED FOODS,Santo Domingo,Santo Domingo de los Tsachilas,C,3,0,29.427714993227195
2017-08-16,16,PRODUCE,Santo Domingo,Santo Domingo de los Tsachilas,C,3,0,453.79566482110124
2017-08-16,16,SCHOOL AND OFFICE SUPPLIES,Santo Domingo,Santo Domingo de los Tsachilas,C,3,0,0.0
2017-08-16,16,SEAFOOD,Santo Domingo,Santo Domingo de los Tsachilas,C,3,0,1.3187933095960036
2017-08-16,17,AUTOMOTIVE,Quito,Pichincha,C,12,0,4.376007648446916
2017-08-16,17,BABY CARE,Quito,Pichincha,C,12,0,0.0
2017-08-16,17,BEAUTY,Quito,Pichincha,C,12,0,1.5027210655859198
2017-08-16,17,BEVERAGES,Quito,Pichincha,C,12,0,2497.3844256583466
2017-08-16,17,BOOKS,Quito,Pichincha,C,12,0,0.0
2017-08-16,17,BREAD/BAKERY,Quito,Pichincha,C,12,0,288.1500291400251
2017-08-16,17,CELEBRATION,Quito,Pichincha,C,12,0,3.53779638018058
2017-08-16,17,CLEANING,Quito,Pichincha,C,12,0,1072.1620483543886
2017-08-16,17,DAIRY,Quito,Pichincha,C,12,0,973.1468253122251
2017-08-16,17,DELI,Quito,Pichincha,C,12,0,413.63661558626865
2017-08-16,17,EGGS,Quito,Pichincha,C,12,0,161.96991567083134
2017-08-16,17,FROZEN FOODS,Quito,Pichincha,C,12,0,90.73592403279923
2017-08-16,17,GROCERY I,Quito,Pichincha,C,12,0,3899.796219091411
2017-08-16,17,GROCERY II,Quito,Pichincha,C,12,0,9.254499804007853
2017-08-16,17,HARDWARE,Quito,Pichincha,C,12,0,0.9735207888296514
2017-08-16,17,HOME AND KITCHEN I,Quito,Pichincha,C,12,0,20.587667448522353
2017-08-16,17,HOME AND KITCHEN II,Quito,Pichincha,C,12,0,18.649893040652447
2017-08-16,17,HOME APPLIANCES,Quito,Pichincha,C,12,0,0.0
2017-08-16,17,HOME CARE,Quito,Pichincha,C,12,0,242.81894094854613
2017-08-16,17,LADIESWEAR,Quito,Pichincha,C,12,0,0.0787607417010223
2017-08-16,17,LAWN AND GARDEN,Quito,Pichincha,C,12,0,0.09822822462559495
2017-08-16,17,LINGERIE,Quito,Pichincha,C,12,0,3.149739920133434
2017-08-16,17,"LIQUOR,WINE,BEER",Quito,Pichincha,C,12,0,30.869526134575633
2017-08-16,17,MAGAZINES,Quito,Pichincha,C,12,0,2.7782309837218997
2017-08-16,17,MEATS,Quito,Pichincha,C,12,0,245.34181863805034
2017-08-16,17,PERSONAL CARE,Quito,Pichincha,C,12,0,232.85406581829164
2017-08-16,17,PET SUPPLIES,Quito,Pichincha,C,12,0,1.4748594587127841
2017-08-16,17,PLAYERS AND ELECTRONICS,Quito,Pichincha,C,12,0,4.8632295882309515
2017-08-16,17,POULTRY,Quito,Pichincha,C,12,0,292.8979426966337
2017-08-16,17,PREPARED FOODS,Quito,Pichincha,C,12,0,52.56831116361564
2017-08-16,17,PRODUCE,Quito,Pichincha,C,12,0,1110.240139029576
2017-08-16,17,SCHOOL AND OFFICE SUPPLIES,Quito,Pichincha,C,12,0,21.541851319888323
2017-08-16,17,SEAFOOD,Quito,Pichincha,C,12,0,8.94350598103827
2017-08-16,18,AUTOMOTIVE,Quito,Pichincha,B,16,0,1.7475623943243892
2017-08-16,18,BABY CARE,Quito,Pichincha,B,16,0,0.8711115682583753
2017-08-16,18,BEAUTY,Quito,Pichincha,B,16,0,2.9841009632819238
2017-08-16,18,BEVERAGES,Quito,Pichincha,B,16,0,1856.3240482564947
2017-08-16,18,BOOKS,Quito,Pichincha,B,16,0,0.0
2017-08-16,18,BREAD/BAKERY,Quito,Pichincha,B,16,0,471.41713596889605
2017-08-16,18,CELEBRATION,Quito,Pichincha,B,16,0,7.260519387078134
2017-08-16,18,CLEANING,Quito,Pichincha,B,16,0,500.76191522911853
2017-08-16,18,DAIRY,Quito,Pichincha,B,16,0,565.0459104676504
2017-08-16,18,DELI,Quito,Pichincha,B,16,0,172.6849144931806
2017-08-16,18,EGGS,Quito,Pichincha,B,16,0,143.29299227473948
2017-08-16,18,FROZEN FOODS,Quito,Pichincha,B,16,0,42.24051698339219
2017-08-16,18,GROCERY I,Quito,Pichincha,B,16,0,2470.0957442723034
2017-08-16,18,GROCERY II,Quito,Pichincha,B,16,0,8.091914735065359
2017-08-16,18,HARDWARE,Quito,Pichincha,B,16,0,0.29818482402712965
2017-08-16,18,HOME AND KITCHEN I,Quito,Pichincha,B,16,0,14.360662208283802
2017-08-16,18,HOME AND KITCHEN II,Quito,Pichincha,B,16,0,21.602993414578062
2017-08-16,18,HOME APPLIANCES,Quito,Pichincha,B,16,0,0.0
2017-08-16,18,HOME CARE,Quito,Pichincha,B,16,0,148.61327400844354
2017-08-16,18,LADIESWEAR,Quito,Pichincha,B,16,0,3.1518820428328103
2017-08-16,18,LAWN AND GARDEN,Quito,Pichincha,B,16,0,0.5945855367481075
2017-08-16,18,LINGERIE,Quito,Pichincha,B,16,0,2.251296967759983
2017-08-16,18,"LIQUOR,WINE,BEER",Quito,Pichincha,B,16,0,50.50136766323446
2017-08-16,18,MAGAZINES,Quito,Pichincha,B,16,0,1.419632487131894
2017-08-16,18,MEATS,Quito,Pichincha,B,16,0,80.66610816468963
2017-08-16,18,PERSONAL CARE,Quito,Pichincha,B,16,0,128.57482755826334
2017-08-16,18,PET SUPPLIES,Quito,Pichincha,B,16,0,1.4133884901680762
2017-08-16,18,PLAYERS AND ELECTRONICS,Quito,Pichincha,B,16,0,4.325377079223375
2017-08-16,18,POULTRY,Quito,Pichincha,B,16,0,139.63654886635902
2017-08-16,18,PREPARED FOODS,Quito,Pichincha,B,16,0,50.35960311926192
2017-08-16,18,PRODUCE,Quito,Pichincha,B,16,0,1235.9772254732459
2017-08-16,18,SCHOOL AND OFFICE SUPPLIES,Quito,Pichincha,B,16,0,31.548745047339338
2017-08-16,18,SEAFOOD,Quito,Pichincha,B,16,0,12.791886129779408
2017-08-16,19,AUTOMOTIVE,Guaranda,Bolivar,C,15,0,4.615899252806065
2017-08-16,19,BABY CARE,Guaranda,Bolivar,C,15,0,0.4254189747865763
2017-08-16,19,BEAUTY,Guaranda,Bolivar,C,15,0,2.256296799032044
2017-08-16,19,BEVERAGES,Guaranda,Bolivar,C,15,0,2239.300204643549
2017-08-16,19,BOOKS,Guaranda,Bolivar,C,15,0,0.0
2017-08-16,19,BREAD/BAKERY,Guaranda,Bolivar,C,15,0,153.15992476697528
2017-08-16,19,CELEBRATION,Guaranda,Bolivar,C,15,0,5.363251927348031
2017-08-16,19,CLEANING,Guaranda,Bolivar,C,15,0,726.3282441370949
2017-08-16,19,DAIRY,Guaranda,Bolivar,C,15,0,312.0823358592945
2017-08-16,19,DELI,Guaranda,Bolivar,C,15,0,257.42377756615366
2017-08-16,19,EGGS,Guaranda,Bolivar,C,15,0,43.232904185718475
2017-08-16,19,FROZEN FOODS,Guaranda,Bolivar,C,15,0,32.810914052311894
2017-08-16,19,GROCERY I,Guaranda,Bolivar,C,15,0,2854.44756335804
2017-08-16,19,GROCERY II,Guaranda,Bolivar,C,15,0,7.643878836671497
2017-08-16,19,HARDWARE,Guaranda,Bolivar,C,15,0,1.0571877184475214
2017-08-16,19,HOME AND KITCHEN I,Guaranda,Bolivar,C,15,0,10.12256464942291
2017-08-16,19,HOME AND KITCHEN II,Guaranda,Bolivar,C,15,0,9.13948780194174
2017-08-16,19,HOME APPLIANCES,Guaranda,Bolivar,C,15,0,0.1137233370440342
2017-08-16,19,HOME CARE,Guaranda,Bolivar,C,15,0,150.8917158008127
2017-08-16,19,LADIESWEAR,Guaranda,Bolivar,C,15,0,4.935141084044718
2017-08-16,19,LAWN AND GARDEN,Guaranda,Bolivar,C,15,0,0.4454688585799645
2017-08-16,19,LINGERIE,Guaranda,Bolivar,C,15,0,3.860731171689844
2017-08-16,19,"LIQUOR,WINE,BEER",Guaranda,Bolivar,C,15,0,24.969073261147443
2017-08-16,19,MAGAZINES,Guaranda,Bolivar,C,15,0,3.453809869718283
2017-08-16,19,MEATS,Guaranda,Bolivar,C,15,0,125.79616647130278
2017-08-16,19,PERSONAL CARE,Guaranda,Bolivar,C,15,0,149.52398892039372
2017-08-16,19,PET SUPPLIES,Guaranda,Bolivar,C,15,0,1.4254768460829377
2017-08-16,19,PLAYERS AND ELECTRONICS,Guaranda,Bolivar,C,15,0,3.5891113800195114
2017-08-16,19,POULTRY,Guaranda,Bolivar,C,15,0,92.64726852688858
2017-08-16,19,PREPARED FOODS,Guaranda,Bolivar,C,15,0,23.206224927867968
2017-08-16,19,PRODUCE,Guaranda,Bolivar,C,15,0,352.7873478538697
2017-08-16,19,SCHOOL AND OFFICE SUPPLIES,Guaranda,Bolivar,C,15,0,6.977687547274526
2017-08-16,19,SEAFOOD,Guaranda,Bolivar,C,15,0,5.297952281209776
2017-08-16,20,AUTOMOTIVE,Quito,Pichincha,B,6,0,6.539306066882329
2017-08-16,20,BABY CARE,Quito,Pichincha,B,6,0,0.0
2017-08-16,20,BEAUTY,Quito,Pichincha,B,6,0,2.2717882559699665
2017-08-16,20,BEVERAGES,Quito,Pichincha,B,6,0,3407.3056181552333
2017-08-16,20,BOOKS,Quito,Pichincha,B,6,0,0.0
2017-08-16,20,BREAD/BAKERY,Quito,Pichincha,B,6,0,399.8247626869046
2017-08-16,20,CELEBRATION,Quito,Pichincha,B,6,0,3.5050319576416693
2017-08-16,20,CLEANING,Quito,Pichincha,B,6,0,1076.1553354095329
2017-08-16,20,DAIRY,Quito,Pichincha,B,6,0,714.4502283708921
2017-08-16,20,DELI,Quito,Pichincha,B,6,0,510.663197371249
2017-08-16,20,EGGS,Quito,Pichincha,B,6,0,64.29939720105254
2017-08-16,20,FROZEN FOODS,Quito,Pichincha,B,6,0,72.03607590666974
2017-08-16,20,GROCERY I,Quito,Pichincha,B,6,0,4636.4168753586055
2017-08-16,20,GROCERY II,Quito,Pichincha,B,6,0,9.402616152683768
2017-08-16,20,HARDWARE,Quito,Pichincha,B,6,0,0.1613906431635948
2017-08-16,20,HOME AND KITCHEN I,Quito,Pichincha,B,6,0,12.851072126598522
2017-08-16,20,HOME AND KITCHEN II,Quito,Pichincha,B,6,0,12.166904139169363
2017-08-16,20,HOME APPLIANCES,Quito,Pichincha,B,6,0,0.0
2017-08-16,20,HOME CARE,Quito,Pichincha,B,6,0,277.3904653594249
2017-08-16,20,LADIESWEAR,Quito,Pichincha,B,6,0,0.6873085608374591
2017-08-16,20,LAWN AND GARDEN,Quito,Pichincha,B,6,0,3.3194658744333014
2017-08-16,20,LINGERIE,Quito,Pichincha,B,6,0,3.240279090324616
2017-08-16,20,"LIQUOR,WINE,BEER",Quito,Pichincha,B,6,0,41.588067257222576
2017-08-16,20,MAGAZINES,Quito,Pichincha,B,6,0,1.411277133894191
2017-08-16,20,MEATS,Quito,Pichincha,B,6,0,291.34011056433536
2017-08-16,20,PERSONAL CARE,Quito,Pichincha,B,6,0,311.39136564463496
2017-08-16,20,PET SUPPLIES,Quito,Pichincha,B,6,0,1.2765943093045409
2017-08-16,20,PLAYERS AND ELECTRONICS,Quito,Pichincha,B,6,0,5.085008620830962
2017-08-16,20,POULTRY,Quito,Pichincha,B,6,0,231.5695672824286
2017-08-16,20,PREPARED FOODS,Quito,Pichincha,B,6,0,59.14219419036597
2017-08-16,20,PRODUCE,Quito,Pichincha,B,6,0,827.9474981600505
2017-08-16,20,SCHOOL AND OFFICE SUPPLIES,Quito,Pichincha,B,6,0,72.74816477129565
2017-08-16,20,SEAFOOD,Quito,Pichincha,B,6,0,7.7467735343897015
2017-08-16,21,AUTOMOTIVE,Santo Domingo,Santo Domingo de los Tsachilas,B,6,0,7.216073125246023
2017-08-16,21,BABY CARE,Santo Domingo,Santo Domingo de los Tsachilas,B,6,0,0.0
2017-08-16,21,BEAUTY,Santo Domingo,Santo Domingo de los Tsachilas,B,6,0,1.9539047836229473
2017-08-16,21,BEVERAGES,Santo Domingo,Santo Domingo de los Tsachilas,B,6,0,2667.1695897163204
2017-08-16,21,BOOKS,Santo Domingo,Santo Domingo de los Tsachilas,B,6,0,0.0
2017-08-16,21,BREAD/BAKERY,Santo Domingo,Santo Domingo de los Tsachilas,B,6,0,370.92199410072294
2017-08-16,21,CELEBRATION,Santo Domingo,Santo Domingo de los Tsachilas,B,6,0,5.644008335128893
2017-08-16,21,CLEANING,Santo Domingo,Santo Domingo de los Tsachilas,B,6,0,985.4478341037654
2017-08-16,21,DAIRY,Santo Domingo,Santo Domingo de los Tsachilas,B,6,0,613.664397449652
2017-08-16,21,DELI,Santo Domingo,Santo Domingo de los Tsachilas,B,6,0,266.48718879312594
2017-08-16,21,EGGS,Santo Domingo,Santo Domingo de los Tsachilas,B,6,0,265.1279726538263
2017-08-16,21,FROZEN FOODS,Santo Domingo,Santo Domingo de los Tsachilas,B,6,0,84.76344068328093
2017-08-16,21,GROCERY I,Santo Domingo,Santo Domingo de los Tsachilas,B,6,0,3199.835140972313
2017-08-16,21,GROCERY II,Santo Domingo,Santo Domingo de los Tsachilas,B,6,0,10.522548425636318
2017-08-16,21,HARDWARE,Santo Domingo,Santo Domingo de los Tsachilas,B,6,0,0.0
2017-08-16,21,HOME AND KITCHEN I,Santo Domingo,Santo Domingo de los Tsachilas,B,6,0,32.343931448118376
2017-08-16,21,HOME AND KITCHEN II,Santo Domingo,Santo Domingo de los Tsachilas,B,6,0,23.522390043357877
2017-08-16,21,HOME APPLIANCES,Santo Domingo,Santo Domingo de los Tsachilas,B,6,0,0.0
2017-08-16,21,HOME CARE,Santo Domingo,Santo Domingo de los Tsachilas,B,6,0,265.04705435647065
2017-08-16,21,LADIESWEAR,Santo Domingo,Santo Domingo de los Tsachilas,B,6,0,2.195748125432478
2017-08-16,21,LAWN AND GARDEN,Santo Domingo,Santo Domingo de los Tsachilas,B,6,0,1.8937643126474206
2017-08-16,21,LINGERIE,Santo Domingo,Santo Domingo de los Tsachilas,B,6,0,4.706754599181332
2017-08-16,21,"LIQUOR,WINE,BEER",Santo Domingo,Santo Domingo de los Tsachilas,B,6,0,91.17487780268334
2017-08-16,21,MAGAZINES,Santo Domingo,Santo Domingo de los Tsachilas,B,6,0,1.7507561953624031
2017-08-16,21,MEATS,Santo Domingo,Santo Domingo de los Tsachilas,B,6,0,111.90866865345028
2017-08-16,21,PERSONAL CARE,Santo Domingo,Santo Domingo de los Tsachilas,B,6,0,218.95296059809763
2017-08-16,21,PET SUPPLIES,Santo Domingo,Santo Domingo de los Tsachilas,B,6,0,1.8953579402387803
2017-08-16,21,PLAYERS AND ELECTRONICS,Santo Domingo,Santo Domingo de los Tsachilas,B,6,0,4.879201307128165
2017-08-16,21,POULTRY,Santo Domingo,Santo Domingo de los Tsachilas,B,6,0,141.3980370454328
2017-08-16,21,PREPARED FOODS,Santo Domingo,Santo Domingo de los Tsachilas,B,6,0,134.03421293428408
2017-08-16,21,PRODUCE,Santo Domingo,Santo Domingo de los Tsachilas,B,6,0,1075.7957072197885
2017-08-16,21,SCHOOL AND OFFICE SUPPLIES,Santo Domingo,Santo Domingo de los Tsachilas,B,6,0,0.0
2017-08-16,21,SEAFOOD,Santo Domingo,Santo Domingo de los Tsachilas,B,6,0,2.4878649435806275
2017-08-16,22,AUTOMOTIVE,Puyo,Pastaza,C,7,0,1.689871429297506
2017-08-16,22,BABY CARE,Puyo,Pastaza,C,7,0,0.0
2017-08-16,22,BEAUTY,Puyo,Pastaza,C,7,0,2.35421074307722
2017-08-16,22,BEVERAGES,Puyo,Pastaza,C,7,0,1758.944033145336
2017-08-16,22,BOOKS,Puyo,Pastaza,C,7,0,0.0
2017-08-16,22,BREAD/BAKERY,Puyo,Pastaza,C,7,0,119.86232816160721
2017-08-16,22,CELEBRATION,Puyo,Pastaza,C,7,0,2.5808769920240464
2017-08-16,22,CLEANING,Puyo,Pastaza,C,7,0,774.7463406232336
2017-08-16,22,DAIRY,Puyo,Pastaza,C,7,0,289.72334758235473
2017-08-16,22,DELI,Puyo,Pastaza,C,7,0,133.31878903814084
2017-08-16,22,EGGS,Puyo,Pastaza,C,7,0,42.0511925089868
2017-08-16,22,FROZEN FOODS,Puyo,Pastaza,C,7,0,54.03980777647544
2017-08-16,22,GROCERY I,Puyo,Pastaza,C,7,0,2339.2280858552585
2017-08-16,22,GROCERY II,Puyo,Pastaza,C,7,0,4.221507169724228
2017-08-16,22,HARDWARE,Puyo,Pastaza,C,7,0,0.2404938590002496
2017-08-16,22,HOME AND KITCHEN I,Puyo,Pastaza,C,7,0,22.6041386702817
2017-08-16,22,HOME AND KITCHEN II,Puyo,Pastaza,C,7,0,17.83003118153989
2017-08-16,22,HOME APPLIANCES,Puyo,Pastaza,C,7,0,0.0
2017-08-16,22,HOME CARE,Puyo,Pastaza,C,7,0,159.59830385270755
2017-08-16,22,LADIESWEAR,Puyo,Pastaza,C,7,0,0.5437921398244411
2017-08-16,22,LAWN AND GARDEN,Puyo,Pastaza,C,7,0,0.0405372595987149
2017-08-16,22,LINGERIE,Puyo,Pastaza,C,7,0,3.1988845085998068
2017-08-16,22,"LIQUOR,WINE,BEER",Puyo,Pastaza,C,7,0,88.98007503056468
2017-08-16,22,MAGAZINES,Puyo,Pastaza,C,7,0,1.8588149157909313
2017-08-16,22,MEATS,Puyo,Pastaza,C,7,0,116.37149743163853
2017-08-16,22,PERSONAL CARE,Puyo,Pastaza,C,7,0,133.49145637191464
2017-08-16,22,PET SUPPLIES,Puyo,Pastaza,C,7,0,0.32387245709621393
2017-08-16,22,PLAYERS AND ELECTRONICS,Puyo,Pastaza,C,7,0,3.220105622700254
2017-08-16,22,POULTRY,Puyo,Pastaza,C,7,0,142.32417718564338
2017-08-16,22,PREPARED FOODS,Puyo,Pastaza,C,7,0,26.186235177187985
2017-08-16,22,PRODUCE,Puyo,Pastaza,C,7,0,405.123875390237
2017-08-16,22,SCHOOL AND OFFICE SUPPLIES,Puyo,Pastaza,C,7,0,4.185035187462232
2017-08-16,22,SEAFOOD,Puyo,Pastaza,C,7,0,1.1382064954036626
2017-08-16,23,AUTOMOTIVE,Ambato,Tungurahua,D,9,0,3.0907964110045842
2017-08-16,23,BABY CARE,Ambato,Tungurahua,D,9,0,0.9626875721453237
2017-08-16,23,BEAUTY,Ambato,Tungurahua,D,9,0,3.6173280159668915
2017-08-16,23,BEVERAGES,Ambato,Tungurahua,D,9,0,1369.3132444514863
2017-08-16,23,BOOKS,Ambato,Tungurahua,D,9,0,1.2004994057561693
2017-08-16,23,BREAD/BAKERY,Ambato,Tungurahua,D,9,0,269.8153638210797
2017-08-16,23,CELEBRATION,Ambato,Tungurahua,D,9,0,7.620949251165824
2017-08-16,23,CLEANING,Ambato,Tungurahua,D,9,0,547.400208243435
2017-08-16,23,DAIRY,Ambato,Tungurahua,D,9,0,460.9244188346131
2017-08-16,23,DELI,Ambato,Tungurahua,D,9,0,112.52623207132113
2017-08-16,23,EGGS,Ambato,Tungurahua,D,9,0,41.660065309711605
2017-08-16,23,FROZEN FOODS,Ambato,Tungurahua,D,9,0,64.50859969955651
2017-08-16,23,GROCERY I,Ambato,Tungurahua,D,9,0,2116.3354320315475
2017-08-16,23,GROCERY II,Ambato,Tungurahua,D,9,0,22.433885669995416
2017-08-16,23,HARDWARE,Ambato,Tungurahua,D,9,0,1.1978862521014206
2017-08-16,23,HOME AND KITCHEN I,Ambato,Tungurahua,D,9,0,10.463772192570516
2017-08-16,23,HOME AND KITCHEN II,Ambato,Tungurahua,D,9,0,13.434498744226056
2017-08-16,23,HOME APPLIANCES,Ambato,Tungurahua,D,9,0,1.1737142975530808
2017-08-16,23,HOME CARE,Ambato,Tungurahua,D,9,0,121.58756233206631
2017-08-16,23,LADIESWEAR,Ambato,Tungurahua,D,9,0,13.655043956628715
2017-08-16,23,LAWN AND GARDEN,Ambato,Tungurahua,D,9,0,2.665836517216107
2017-08-16,23,LINGERIE,Ambato,Tungurahua,D,9,0,4.030475866743325
2017-08-16,23,"LIQUOR,WINE,BEER",Ambato,Tungurahua,D,9,0,49.561110109185215
2017-08-16,23,MAGAZINES,Ambato,Tungurahua,D,9,0,4.536274685721585
2017-08-16,23,MEATS,Ambato,Tungurahua,D,9,0,816.3974078975411
2017-08-16,23,PERSONAL CARE,Ambato,Tungurahua,D,9,0,133.54800180769965
2017-08-16,23,PET SUPPLIES,Ambato,Tungurahua,D,9,0,4.241102487312899
2017-08-16,23,PLAYERS AND ELECTRONICS,Ambato,Tungurahua,D,9,0,4.928491260131597
2017-08-16,23,POULTRY,Ambato,Tungurahua,D,9,0,316.5130700863383
2017-08-16,23,PREPARED FOODS,Ambato,Tungurahua,D,9,0,25.893366890449695
2017-08-16,23,PRODUCE,Ambato,Tungurahua,D,9,0,1383.0678789557062
2017-08-16,23,SCHOOL AND OFFICE SUPPLIES,Ambato,Tungurahua,D,9,0,0.9177407613928269
2017-08-16,23,SEAFOOD,Ambato,Tungurahua,D,9,0,4.737199461841385
2017-08-16,24,AUTOMOTIVE,Guayaquil,Guayas,D,1,0,3.265417394592837
2017-08-16,24,BABY CARE,Guayaquil,Guayas,D,1,0,1.0190021859269347
2017-08-16,24,BEAUTY,Guayaquil,Guayas,D,1,0,3.445994767073992
2017-08-16,24,BEVERAGES,Guayaquil,Guayas,D,1,0,3486.1974835106794
2017-08-16,24,BOOKS,Guayaquil,Guayas,D,1,0,1.0190021859269347
2017-08-16,24,BREAD/BAKERY,Guayaquil,Guayas,D,1,0,723.540336620687
2017-08-16,24,CELEBRATION,Guayaquil,Guayas,D,1,0,13.041646433206239
2017-08-16,24,CLEANING,Guayaquil,Guayas,D,1,0,1144.3019750675073
2017-08-16,24,DAIRY,Guayaquil,Guayas,D,1,0,1223.153541419353
2017-08-16,24,DELI,Guayaquil,Guayas,D,1,0,266.26290051972506
2017-08-16,24,EGGS,Guayaquil,Guayas,D,1,0,220.49483745877285
2017-08-16,24,FROZEN FOODS,Guayaquil,Guayas,D,1,0,149.25821879460736
2017-08-16,24,GROCERY I,Guayaquil,Guayas,D,1,0,4180.227691629255
2017-08-16,24,GROCERY II,Guayaquil,Guayas,D,1,0,31.14202982908512
2017-08-16,24,HARDWARE,Guayaquil,Guayas,D,1,0,2.313972963236865
2017-08-16,24,HOME AND KITCHEN I,Guayaquil,Guayas,D,1,0,16.98764547924497
2017-08-16,24,HOME AND KITCHEN II,Guayaquil,Guayas,D,1,0,26.89984130014135
2017-08-16,24,HOME APPLIANCES,Guayaquil,Guayas,D,1,0,0.9922170777238466
2017-08-16,24,HOME CARE,Guayaquil,Guayas,D,1,0,270.8977370686526
2017-08-16,24,LADIESWEAR,Guayaquil,Guayas,D,1,0,5.950098002860904
2017-08-16,24,LAWN AND GARDEN,Guayaquil,Guayas,D,1,0,32.31346246825316
2017-08-16,24,LINGERIE,Guayaquil,Guayas,D,1,0,7.580558707966774
2017-08-16,24,"LIQUOR,WINE,BEER",Guayaquil,Guayas,D,1,0,80.43577912116916
2017-08-16,24,MAGAZINES,Guayaquil,Guayas,D,1,0,12.318397313614128
2017-08-16,24,MEATS,Guayaquil,Guayas,D,1,0,406.83784181039476
2017-08-16,24,PERSONAL CARE,Guayaquil,Guayas,D,1,0,265.79222449152496
2017-08-16,24,PET SUPPLIES,Guayaquil,Guayas,D,1,0,15.56357099605366
2017-08-16,24,PLAYERS AND ELECTRONICS,Guayaquil,Guayas,D,1,0,7.565853980405225
2017-08-16,24,POULTRY,Guayaquil,Guayas,D,1,0,532.3074035244307
2017-08-16,24,PREPARED FOODS,Guayaquil,Guayas,D,1,0,108.83361933940382
2017-08-16,24,PRODUCE,Guayaquil,Guayas,D,1,0,5343.716585370876
2017-08-16,24,SCHOOL AND OFFICE SUPPLIES,Guayaquil,Guayas,D,1,0,0.974055375174438
2017-08-16,24,SEAFOOD,Guayaquil,Guayas,D,1,0,24.19399586860387
2017-08-16,25,AUTOMOTIVE,Salinas,Santa Elena,D,1,0,5.015645254688249
2017-08-16,25,BABY CARE,Salinas,Santa Elena,D,1,0,1.0699074778680309
2017-08-16,25,BEAUTY,Salinas,Santa Elena,D,1,0,3.9750895055679663
2017-08-16,25,BEVERAGES,Salinas,Santa Elena,D,1,0,1743.6256448483396
2017-08-16,25,BOOKS,Salinas,Santa Elena,D,1,0,1.0699074778680309
2017-08-16,25,BREAD/BAKERY,Salinas,Santa Elena,D,1,0,392.8645273894569
2017-08-16,25,CELEBRATION,Salinas,Santa Elena,D,1,0,7.494946332493174
2017-08-16,25,CLEANING,Salinas,Santa Elena,D,1,0,411.6893585475209
2017-08-16,25,DAIRY,Salinas,Santa Elena,D,1,0,546.1277747979599
2017-08-16,25,DELI,Salinas,Santa Elena,D,1,0,144.6172271160344
2017-08-16,25,EGGS,Salinas,Santa Elena,D,1,0,129.18409236807742
2017-08-16,25,FROZEN FOODS,Salinas,Santa Elena,D,1,0,106.97170431102694
2017-08-16,25,GROCERY I,Salinas,Santa Elena,D,1,0,1805.883694795472
2017-08-16,25,GROCERY II,Salinas,Santa Elena,D,1,0,19.480608794726457
2017-08-16,25,HARDWARE,Salinas,Santa Elena,D,1,0,1.9344875351924844
2017-08-16,25,HOME AND KITCHEN I,Salinas,Santa Elena,D,1,0,18.65334154536114
2017-08-16,25,HOME AND KITCHEN II,Salinas,Santa Elena,D,1,0,10.527423042584163
2017-08-16,25,HOME APPLIANCES,Salinas,Santa Elena,D,1,0,1.0431223696649425
2017-08-16,25,HOME CARE,Salinas,Santa Elena,D,1,0,96.4567358952785
2017-08-16,25,LADIESWEAR,Salinas,Santa Elena,D,1,0,1.5932122418871475
2017-08-16,25,LAWN AND GARDEN,Salinas,Santa Elena,D,1,0,25.299229948580354
2017-08-16,25,LINGERIE,Salinas,Santa Elena,D,1,0,5.395709396608672
2017-08-16,25,"LIQUOR,WINE,BEER",Salinas,Santa Elena,D,1,0,181.7271465394123
2017-08-16,25,MAGAZINES,Salinas,Santa Elena,D,1,0,13.029907220177646
2017-08-16,25,MEATS,Salinas,Santa Elena,D,1,0,210.06085918608417
2017-08-16,25,PERSONAL CARE,Salinas,Santa Elena,D,1,0,105.06587775123815
2017-08-16,25,PET SUPPLIES,Salinas,Santa Elena,D,1,0,4.773819167744278
2017-08-16,25,PLAYERS AND ELECTRONICS,Salinas,Santa Elena,D,1,0,5.093288344339041
2017-08-16,25,POULTRY,Salinas,Santa Elena,D,1,0,193.4794930830226
2017-08-16,25,PREPARED FOODS,Salinas,Santa Elena,D,1,0,43.800729294340606
2017-08-16,25,PRODUCE,Salinas,Santa Elena,D,1,0,2234.3598889428363
2017-08-16,25,SCHOOL AND OFFICE SUPPLIES,Salinas,Santa Elena,D,1,0,2.0464578873191352
2017-08-16,25,SEAFOOD,Salinas,Santa Elena,D,1,0,5.86226965998751
2017-08-16,26,AUTOMOTIVE,Guayaquil,Guayas,D,10,0,3.8318385783557596
2017-08-16,26,BABY CARE,Guayaquil,Guayas,D,10,0,0.8708858372510172
2017-08-16,26,BEAUTY,Guayaquil,Guayas,D,10,0,1.5022352517156679
2017-08-16,26,BEVERAGES,Guayaquil,Guayas,D,10,0,841.6858782544854
2017-08-16,26,BOOKS,Guayaquil,Guayas,D,10,0,0.8708858372510172
2017-08-16,26,BREAD/BAKERY,Guayaquil,Guayas,D,10,0,207.21490367401807
2017-08-16,26,CELEBRATION,Guayaquil,Guayas,D,10,0,4.547888950251961
2017-08-16,26,CLEANING,Guayaquil,Guayas,D,10,0,296.1762394466359
2017-08-16,26,DAIRY,Guayaquil,Guayas,D,10,0,238.55665351392574
2017-08-16,26,DELI,Guayaquil,Guayas,D,10,0,70.54826923812678
2017-08-16,26,EGGS,Guayaquil,Guayas,D,10,0,29.14933021143208
2017-08-16,26,FROZEN FOODS,Guayaquil,Guayas,D,10,0,24.095491384041175
2017-08-16,26,GROCERY I,Guayaquil,Guayas,D,10,0,1262.6902201815558
2017-08-16,26,GROCERY II,Guayaquil,Guayas,D,10,0,8.263075326147352
2017-08-16,26,HARDWARE,Guayaquil,Guayas,D,10,0,1.2165959343804529
2017-08-16,26,HOME AND KITCHEN I,Guayaquil,Guayas,D,10,0,7.839914849125218
2017-08-16,26,HOME AND KITCHEN II,Guayaquil,Guayas,D,10,0,5.4500462763641835
2017-08-16,26,HOME APPLIANCES,Guayaquil,Guayas,D,10,0,1.0819125626587738
2017-08-16,26,HOME CARE,Guayaquil,Guayas,D,10,0,62.567087112954646
2017-08-16,26,LADIESWEAR,Guayaquil,Guayas,D,10,0,1.3941906012701324
2017-08-16,26,LAWN AND GARDEN,Guayaquil,Guayas,D,10,0,3.486754903271646
2017-08-16,26,LINGERIE,Guayaquil,Guayas,D,10,0,1.7726217073368489
2017-08-16,26,"LIQUOR,WINE,BEER",Guayaquil,Guayas,D,10,0,16.247445958371383
2017-08-16,26,MAGAZINES,Guayaquil,Guayas,D,10,0,1.4016262470272807
2017-08-16,26,MEATS,Guayaquil,Guayas,D,10,0,226.14938243993367
2017-08-16,26,PERSONAL CARE,Guayaquil,Guayas,D,10,0,91.68476103630017
2017-08-16,26,PET SUPPLIES,Guayaquil,Guayas,D,10,0,3.0951396941836844
2017-08-16,26,PLAYERS AND ELECTRONICS,Guayaquil,Guayas,D,10,0,2.1162121663299094
2017-08-16,26,POULTRY,Guayaquil,Guayas,D,10,0,118.32366579900906
2017-08-16,26,PREPARED FOODS,Guayaquil,Guayas,D,10,0,20.20962743296734
2017-08-16,26,PRODUCE,Guayaquil,Guayas,D,10,0,769.1776469398893
2017-08-16,26,SCHOOL AND OFFICE SUPPLIES,Guayaquil,Guayas,D,10,0,1.2863704969590393
2017-08-16,26,SEAFOOD,Guayaquil,Guayas,D,10,0,3.2750813868713613
2017-08-16,27,AUTOMOTIVE,Daule,Guayas,D,1,0,4.4552666626785635
2017-08-16,27,BABY CARE,Daule,Guayas,D,1,0,1.3514551053954427
2017-08-16,27,BEAUTY,Daule,Guayas,D,1,0,2.9290601173123214
2017-08-16,27,BEVERAGES,Daule,Guayas,D,1,0,2742.012503619567
2017-08-16,27,BOOKS,Daule,Guayas,D,1,0,0.9560331586826497
2017-08-16,27,BREAD/BAKERY,Daule,Guayas,D,1,0,615.1682517114373
2017-08-16,27,CELEBRATION,Daule,Guayas,D,1,0,15.932295633955098
2017-08-16,27,CLEANING,Daule,Guayas,D,1,0,914.7463770333867
2017-08-16,27,DAIRY,Daule,Guayas,D,1,0,894.9736474290657
2017-08-16,27,DELI,Daule,Guayas,D,1,0,276.82535166574127
2017-08-16,27,EGGS,Daule,Guayas,D,1,0,231.92354654888965
2017-08-16,27,FROZEN FOODS,Daule,Guayas,D,1,0,115.00151964052415
2017-08-16,27,GROCERY I,Daule,Guayas,D,1,0,3534.810703194081
2017-08-16,27,GROCERY II,Daule,Guayas,D,1,0,31.645117638245033
2017-08-16,27,HARDWARE,Daule,Guayas,D,1,0,3.7507155761632673
2017-08-16,27,HOME AND KITCHEN I,Daule,Guayas,D,1,0,18.067915149776027
2017-08-16,27,HOME AND KITCHEN II,Daule,Guayas,D,1,0,22.14708457335251
2017-08-16,27,HOME APPLIANCES,Daule,Guayas,D,1,0,0.6914362168687164
2017-08-16,27,HOME CARE,Daule,Guayas,D,1,0,194.02221837706944
2017-08-16,27,LADIESWEAR,Daule,Guayas,D,1,0,5.750665797480246
2017-08-16,27,LAWN AND GARDEN,Daule,Guayas,D,1,0,27.785165963522665
2017-08-16,27,LINGERIE,Daule,Guayas,D,1,0,7.8511414233092465
2017-08-16,27,"LIQUOR,WINE,BEER",Daule,Guayas,D,1,0,125.9887976451444
2017-08-16,27,MAGAZINES,Daule,Guayas,D,1,0,3.788354323512422
2017-08-16,27,MEATS,Daule,Guayas,D,1,0,265.9774090449183
2017-08-16,27,PERSONAL CARE,Daule,Guayas,D,1,0,226.27329491799006
2017-08-16,27,PET SUPPLIES,Daule,Guayas,D,1,0,9.808023265933842
2017-08-16,27,PLAYERS AND ELECTRONICS,Daule,Guayas,D,1,0,8.42182471010128
2017-08-16,27,POULTRY,Daule,Guayas,D,1,0,368.32552665070807
2017-08-16,27,PREPARED FOODS,Daule,Guayas,D,1,0,72.7859223200025
2017-08-16,27,PRODUCE,Daule,Guayas,D,1,0,3593.8717826624425
2017-08-16,27,SCHOOL AND OFFICE SUPPLIES,Daule,Guayas,D,1,0,1.3648814310535073
2017-08-16,27,SEAFOOD,Daule,Guayas,D,1,0,16.559218275246657
2017-08-16,28,AUTOMOTIVE,Guayaquil,Guayas,E,10,0,3.683667018163678
2017-08-16,28,BABY CARE,Guayaquil,Guayas,E,10,0,0.0
2017-08-16,28,BEAUTY,Guayaquil,Guayas,E,10,0,2.580250237006551
2017-08-16,28,BEVERAGES,Guayaquil,Guayas,E,10,0,2809.6037126646956
2017-08-16,28,BOOKS,Guayaquil,Guayas,E,10,0,0.0
2017-08-16,28,BREAD/BAKERY,Guayaquil,Guayas,E,10,0,549.0578818387065
2017-08-16,28,CELEBRATION,Guayaquil,Guayas,E,10,0,8.557301977001666
2017-08-16,28,CLEANING,Guayaquil,Guayas,E,10,0,897.3462796454078
2017-08-16,28,DAIRY,Guayaquil,Guayas,E,10,0,812.3882636366885
2017-08-16,28,DELI,Guayaquil,Guayas,E,10,0,293.6146565913389
2017-08-16,28,EGGS,Guayaquil,Guayas,E,10,0,213.52811466766576
2017-08-16,28,FROZEN FOODS,Guayaquil,Guayas,E,10,0,63.190287938130105
2017-08-16,28,GROCERY I,Guayaquil,Guayas,E,10,0,4100.777581342913
2017-08-16,28,GROCERY II,Guayaquil,Guayas,E,10,0,17.958487565634545
2017-08-16,28,HARDWARE,Guayaquil,Guayas,E,10,0,0.018047077985831488
2017-08-16,28,HOME AND KITCHEN I,Guayaquil,Guayas,E,10,0,27.015541353373692
2017-08-16,28,HOME AND KITCHEN II,Guayaquil,Guayas,E,10,0,13.746821495024609
2017-08-16,28,HOME APPLIANCES,Guayaquil,Guayas,E,10,0,0.6654522903539114
2017-08-16,28,HOME CARE,Guayaquil,Guayas,E,10,0,238.51161283453132
2017-08-16,28,LADIESWEAR,Guayaquil,Guayas,E,10,0,0.3061531620488497
2017-08-16,28,LAWN AND GARDEN,Guayaquil,Guayas,E,10,0,5.537565123776166
2017-08-16,28,LINGERIE,Guayaquil,Guayas,E,10,0,4.623785869565432
2017-08-16,28,"LIQUOR,WINE,BEER",Guayaquil,Guayas,E,10,0,43.68261877575471
2017-08-16,28,MAGAZINES,Guayaquil,Guayas,E,10,0,1.0972741943987518
2017-08-16,28,MEATS,Guayaquil,Guayas,E,10,0,195.02096602687632
2017-08-16,28,PERSONAL CARE,Guayaquil,Guayas,E,10,0,307.54100845728584
2017-08-16,28,PET SUPPLIES,Guayaquil,Guayas,E,10,0,3.1908432090494117
2017-08-16,28,PLAYERS AND ELECTRONICS,Guayaquil,Guayas,E,10,0,3.21081283964568
2017-08-16,28,POULTRY,Guayaquil,Guayas,E,10,0,176.5166082318188
2017-08-16,28,PREPARED FOODS,Guayaquil,Guayas,E,10,0,71.57346185654569
2017-08-16,28,PRODUCE,Guayaquil,Guayas,E,10,0,1195.3587545447865
2017-08-16,28,SCHOOL AND OFFICE SUPPLIES,Guayaquil,Guayas,E,10,0,1.166160547999518
2017-08-16,28,SEAFOOD,Guayaquil,Guayas,E,10,0,4.866737638068046
2017-08-16,29,AUTOMOTIVE,Guayaquil,Guayas,E,10,0,3.6318526666989754
2017-08-16,29,BABY CARE,Guayaquil,Guayas,E,10,0,0.02066023164058032
2017-08-16,29,BEAUTY,Guayaquil,Guayas,E,10,0,2.68830895743508
2017-08-16,29,BEVERAGES,Guayaquil,Guayas,E,10,0,2864.417217840649
2017-08-16,29,BOOKS,Guayaquil,Guayas,E,10,0,0.0
2017-08-16,29,BREAD/BAKERY,Guayaquil,Guayas,E,10,0,664.9836283873043
2017-08-16,29,CELEBRATION,Guayaquil,Guayas,E,10,0,10.940666129738368
2017-08-16,29,CLEANING,Guayaquil,Guayas,E,10,0,788.548451562617
2017-08-16,29,DAIRY,Guayaquil,Guayas,E,10,0,671.7821713798717
2017-08-16,29,DELI,Guayaquil,Guayas,E,10,0,245.22255509262354
2017-08-16,29,EGGS,Guayaquil,Guayas,E,10,0,175.8679126001521
2017-08-16,29,FROZEN FOODS,Guayaquil,Guayas,E,10,0,64.9207930082633
2017-08-16,29,GROCERY I,Guayaquil,Guayas,E,10,0,3349.8046342140397
2017-08-16,29,GROCERY II,Guayaquil,Guayas,E,10,0,17.958487565634545
2017-08-16,29,HARDWARE,Guayaquil,Guayas,E,10,0,1.4845809158583472
2017-08-16,29,HOME AND KITCHEN I,Guayaquil,Guayas,E,10,0,25.667449892547637
2017-08-16,29,HOME AND KITCHEN II,Guayaquil,Guayas,E,10,0,15.48639371393232
2017-08-16,29,HOME APPLIANCES,Guayaquil,Guayas,E,10,0,0.0
2017-08-16,29,HOME CARE,Guayaquil,Guayas,E,10,0,198.60027743262816
2017-08-16,29,LADIESWEAR,Guayaquil,Guayas,E,10,0,0.3061531620488497
2017-08-16,29,LAWN AND GARDEN,Guayaquil,Guayas,E,10,0,4.130773398496292
2017-08-16,29,LINGERIE,Guayaquil,Guayas,E,10,0,3.8209339920623107
2017-08-16,29,"LIQUOR,WINE,BEER",Guayaquil,Guayas,E,10,0,81.6846475791231
2017-08-16,29,MAGAZINES,Guayaquil,Guayas,E,10,0,2.0108714509252645
2017-08-16,29,MEATS,Guayaquil,Guayas,E,10,0,113.9504860849439
2017-08-16,29,PERSONAL CARE,Guayaquil,Guayas,E,10,0,182.17166213534566
2017-08-16,29,PET SUPPLIES,Guayaquil,Guayas,E,10,0,1.3264214963718608
2017-08-16,29,PLAYERS AND ELECTRONICS,Guayaquil,Guayas,E,10,0,3.60589069086078
2017-08-16,29,POULTRY,Guayaquil,Guayas,E,10,0,146.1118044597503
2017-08-16,29,PREPARED FOODS,Guayaquil,Guayas,E,10,0,64.37762374732989
2017-08-16,29,PRODUCE,Guayaquil,Guayas,E,10,0,907.037218631003
2017-08-16,29,SCHOOL AND OFFICE SUPPLIES,Guayaquil,Guayas,E,10,0,0.42950850401143686
2017-08-16,29,SEAFOOD,Guayaquil,Guayas,E,10,0,3.963695387217558
2017-08-16,30,AUTOMOTIVE,Guayaquil,Guayas,C,3,0,3.213368783520024
2017-08-16,30,BABY CARE,Guayaquil,Guayas,C,3,0,0.16877658031649806
2017-08-16,30,BEAUTY,Guayaquil,Guayas,C,3,0,0.5623141611703025
2017-08-16,30,BEVERAGES,Guayaquil,Guayas,C,3,0,1995.8945982770374
2017-08-16,30,BOOKS,Guayaquil,Guayas,C,3,0,0.0
2017-08-16,30,BREAD/BAKERY,Guayaquil,Guayas,C,3,0,149.28376656356232
2017-08-16,30,CELEBRATION,Guayaquil,Guayas,C,3,0,4.176226029570545
2017-08-16,30,CLEANING,Guayaquil,Guayas,C,3,0,592.9483262293093
2017-08-16,30,DAIRY,Guayaquil,Guayas,C,3,0,299.3083967824329
2017-08-16,30,DELI,Guayaquil,Guayas,C,3,0,117.89991882164325
2017-08-16,30,EGGS,Guayaquil,Guayas,C,3,0,98.99887903114056
2017-08-16,30,FROZEN FOODS,Guayaquil,Guayas,C,3,0,43.44910205012727
2017-08-16,30,GROCERY I,Guayaquil,Guayas,C,3,0,2213.4395036921023
2017-08-16,30,GROCERY II,Guayaquil,Guayas,C,3,0,4.6841480210292445
2017-08-16,30,HARDWARE,Guayaquil,Guayas,C,3,0,0.16616342666174916
2017-08-16,30,HOME AND KITCHEN I,Guayaquil,Guayas,C,3,0,8.714070497065123
2017-08-16,30,HOME AND KITCHEN II,Guayaquil,Guayas,C,3,0,5.916916911098692
2017-08-16,30,HOME APPLIANCES,Guayaquil,Guayas,C,3,0,0.0
2017-08-16,30,HOME CARE,Guayaquil,Guayas,C,3,0,151.05117288015077
2017-08-16,30,LADIESWEAR,Guayaquil,Guayas,C,3,0,0.9147009811852868
2017-08-16,30,LAWN AND GARDEN,Guayaquil,Guayas,C,3,0,0.47373699364934
2017-08-16,30,LINGERIE,Guayaquil,Guayas,C,3,0,2.453466666132639
2017-08-16,30,"LIQUOR,WINE,BEER",Guayaquil,Guayas,C,3,0,25.970834499328248
2017-08-16,30,MAGAZINES,Guayaquil,Guayas,C,3,0,1.2453905430746697
2017-08-16,30,MEATS,Guayaquil,Guayas,C,3,0,63.34734492644088
2017-08-16,30,PERSONAL CARE,Guayaquil,Guayas,C,3,0,86.96920533267742
2017-08-16,30,PET SUPPLIES,Guayaquil,Guayas,C,3,0,2.000986392169683
2017-08-16,30,PLAYERS AND ELECTRONICS,Guayaquil,Guayas,C,3,0,3.4868938567685284
2017-08-16,30,POULTRY,Guayaquil,Guayas,C,3,0,102.84045218375414
2017-08-16,30,PREPARED FOODS,Guayaquil,Guayas,C,3,0,27.730305642672736
2017-08-16,30,PRODUCE,Guayaquil,Guayas,C,3,0,501.7776410453289
2017-08-16,30,SCHOOL AND OFFICE SUPPLIES,Guayaquil,Guayas,C,3,0,0.0
2017-08-16,30,SEAFOOD,Guayaquil,Guayas,C,3,0,3.213368783520024
2017-08-16,31,AUTOMOTIVE,Babahoyo,Los Rios,B,10,0,5.244326257267528
2017-08-16,31,BABY CARE,Babahoyo,Los Rios,B,10,0,0.0
2017-08-16,31,BEAUTY,Babahoyo,Los Rios,B,10,0,0.4347931615671139
2017-08-16,31,BEVERAGES,Babahoyo,Los Rios,B,10,0,2923.5582116936775
2017-08-16,31,BOOKS,Babahoyo,Los Rios,B,10,0,0.0
2017-08-16,31,BREAD/BAKERY,Babahoyo,Los Rios,B,10,0,491.4263916370169
2017-08-16,31,CELEBRATION,Babahoyo,Los Rios,B,10,0,5.53181782811497
2017-08-16,31,CLEANING,Babahoyo,Los Rios,B,10,0,988.3343220115155
2017-08-16,31,DAIRY,Babahoyo,Los Rios,B,10,0,681.3505165918124
2017-08-16,31,DELI,Babahoyo,Los Rios,B,10,0,198.6730008548443
2017-08-16,31,EGGS,Babahoyo,Los Rios,B,10,0,241.2003848841474
2017-08-16,31,FROZEN FOODS,Babahoyo,Los Rios,B,10,0,90.59815391349657
2017-08-16,31,GROCERY I,Babahoyo,Los Rios,B,10,0,4245.087095316095
2017-08-16,31,GROCERY II,Babahoyo,Los Rios,B,10,0,9.569516701765746
2017-08-16,31,HARDWARE,Babahoyo,Los Rios,B,10,0,0.2563560014090795
2017-08-16,31,HOME AND KITCHEN I,Babahoyo,Los Rios,B,10,0,16.69934248868333
2017-08-16,31,HOME AND KITCHEN II,Babahoyo,Los Rios,B,10,0,13.734646624963636
2017-08-16,31,HOME APPLIANCES,Babahoyo,Los Rios,B,10,0,0.0
2017-08-16,31,HOME CARE,Babahoyo,Los Rios,B,10,0,228.26460952842928
2017-08-16,31,LADIESWEAR,Babahoyo,Los Rios,B,10,0,0.3333848984587433
2017-08-16,31,LAWN AND GARDEN,Babahoyo,Los Rios,B,10,0,3.8652872057963035
2017-08-16,31,LINGERIE,Babahoyo,Los Rios,B,10,0,6.304609772936149
2017-08-16,31,"LIQUOR,WINE,BEER",Babahoyo,Los Rios,B,10,0,18.000372148427918
2017-08-16,31,MAGAZINES,Babahoyo,Los Rios,B,10,0,0.3341841568787268
2017-08-16,31,MEATS,Babahoyo,Los Rios,B,10,0,306.86159052581496
2017-08-16,31,PERSONAL CARE,Babahoyo,Los Rios,B,10,0,196.11582371697241
2017-08-16,31,PET SUPPLIES,Babahoyo,Los Rios,B,10,0,2.3497676650797295
2017-08-16,31,PLAYERS AND ELECTRONICS,Babahoyo,Los Rios,B,10,0,2.776072395167746
2017-08-16,31,POULTRY,Babahoyo,Los Rios,B,10,0,99.49499726551728
2017-08-16,31,PREPARED FOODS,Babahoyo,Los Rios,B,10,0,63.517199350145574
2017-08-16,31,PRODUCE,Babahoyo,Los Rios,B,10,0,917.1138387018794
2017-08-16,31,SCHOOL AND OFFICE SUPPLIES,Babahoyo,Los Rios,B,10,0,0.05004385322658453
2017-08-16,31,SEAFOOD,Babahoyo,Los Rios,B,10,0,2.7435940327906514
2017-08-16,32,AUTOMOTIVE,Guayaquil,Guayas,C,3,0,1.6163142056284736
2017-08-16,32,BABY CARE,Guayaquil,Guayas,C,3,0,0.0
2017-08-16,32,BEAUTY,Guayaquil,Guayas,C,3,0,1.3459995477630546
2017-08-16,32,BEVERAGES,Guayaquil,Guayas,C,3,0,1023.8304837602699
2017-08-16,32,BOOKS,Guayaquil,Guayas,C,3,0,0.0
2017-08-16,32,BREAD/BAKERY,Guayaquil,Guayas,C,3,0,118.17803167893196
2017-08-16,32,CELEBRATION,Guayaquil,Guayas,C,3,0,2.889620207791788
2017-08-16,32,CLEANING,Guayaquil,Guayas,C,3,0,729.0194521643718
2017-08-16,32,DAIRY,Guayaquil,Guayas,C,3,0,162.70182330230196
2017-08-16,32,DELI,Guayaquil,Guayas,C,3,0,82.06960580277958
2017-08-16,32,EGGS,Guayaquil,Guayas,C,3,0,159.48522038405073
2017-08-16,32,FROZEN FOODS,Guayaquil,Guayas,C,3,0,15.567274824301178
2017-08-16,32,GROCERY I,Guayaquil,Guayas,C,3,0,1877.8304815849015
2017-08-16,32,GROCERY II,Guayaquil,Guayas,C,3,0,2.8715707397997954
2017-08-16,32,HARDWARE,Guayaquil,Guayas,C,3,0,0.16616342666174916
2017-08-16,32,HOME AND KITCHEN I,Guayaquil,Guayas,C,3,0,5.386738356165946
2017-08-16,32,HOME AND KITCHEN II,Guayaquil,Guayas,C,3,0,4.114546355413568
2017-08-16,32,HOME APPLIANCES,Guayaquil,Guayas,C,3,0,0.14199147211340973
2017-08-16,32,HOME CARE,Guayaquil,Guayas,C,3,0,80.10770679477956
2017-08-16,32,LADIESWEAR,Guayaquil,Guayas,C,3,0,0.45426951072476734
2017-08-16,32,LAWN AND GARDEN,Guayaquil,Guayas,C,3,0,0.47373699364934
2017-08-16,32,LINGERIE,Guayaquil,Guayas,C,3,0,1.6163860033842348
2017-08-16,32,"LIQUOR,WINE,BEER",Guayaquil,Guayas,C,3,0,19.766088313548185
2017-08-16,32,MAGAZINES,Guayaquil,Guayas,C,3,0,0.4617051564819168
2017-08-16,32,MEATS,Guayaquil,Guayas,C,3,0,62.97915715084949
2017-08-16,32,PERSONAL CARE,Guayaquil,Guayas,C,3,0,69.6649277496961
2017-08-16,32,PET SUPPLIES,Guayaquil,Guayas,C,3,0,1.2060297212135862
2017-08-16,32,PLAYERS AND ELECTRONICS,Guayaquil,Guayas,C,3,0,2.0134435362887095
2017-08-16,32,POULTRY,Guayaquil,Guayas,C,3,0,50.09591150874078
2017-08-16,32,PREPARED FOODS,Guayaquil,Guayas,C,3,0,13.336276688780703
2017-08-16,32,PRODUCE,Guayaquil,Guayas,C,3,0,216.35063488991204
2017-08-16,32,SCHOOL AND OFFICE SUPPLIES,Guayaquil,Guayas,C,3,0,0.0
2017-08-16,32,SEAFOOD,Guayaquil,Guayas,C,3,0,2.2992344546640044
2017-08-16,33,AUTOMOTIVE,Quevedo,Los Rios,C,3,0,4.318316683420038
2017-08-16,33,BABY CARE,Quevedo,Los Rios,C,3,0,0.0
2017-08-16,33,BEAUTY,Quevedo,Los Rios,C,3,0,1.726124231129903
2017-08-16,33,BEVERAGES,Quevedo,Los Rios,C,3,0,2036.0548747018015
2017-08-16,33,BOOKS,Quevedo,Los Rios,C,3,0,0.0
2017-08-16,33,BREAD/BAKERY,Quevedo,Los Rios,C,3,0,196.63650979887277
2017-08-16,33,CELEBRATION,Quevedo,Los Rios,C,3,0,5.712225040094479
2017-08-16,33,CLEANING,Quevedo,Los Rios,C,3,0,905.6044486201649
2017-08-16,33,DAIRY,Quevedo,Los Rios,C,3,0,472.86857231957384
2017-08-16,33,DELI,Quevedo,Los Rios,C,3,0,176.20336224746953
2017-08-16,33,EGGS,Quevedo,Los Rios,C,3,0,139.70044608391154
2017-08-16,33,FROZEN FOODS,Quevedo,Los Rios,C,3,0,54.46876903968886
2017-08-16,33,GROCERY I,Quevedo,Los Rios,C,3,0,2686.527336195189
2017-08-16,33,GROCERY II,Quevedo,Los Rios,C,3,0,2.3411397665893627
2017-08-16,33,HARDWARE,Quevedo,Los Rios,C,3,0,0.0
2017-08-16,33,HOME AND KITCHEN I,Quevedo,Los Rios,C,3,0,23.91449344767335
2017-08-16,33,HOME AND KITCHEN II,Quevedo,Los Rios,C,3,0,14.75750867697657
2017-08-16,33,HOME APPLIANCES,Quevedo,Los Rios,C,3,0,0.0
2017-08-16,33,HOME CARE,Quevedo,Los Rios,C,3,0,193.01906241611255
2017-08-16,33,LADIESWEAR,Quevedo,Los Rios,C,3,0,0.02106977667414222
2017-08-16,33,LAWN AND GARDEN,Quevedo,Los Rios,C,3,0,0.0405372595987149
2017-08-16,33,LINGERIE,Quevedo,Los Rios,C,3,0,9.342451423910894
2017-08-16,33,"LIQUOR,WINE,BEER",Quevedo,Los Rios,C,3,0,50.199619081193354
2017-08-16,33,MAGAZINES,Quevedo,Los Rios,C,3,0,1.2188840401001801
2017-08-16,33,MEATS,Quevedo,Los Rios,C,3,0,271.8902355850247
2017-08-16,33,PERSONAL CARE,Quevedo,Los Rios,C,3,0,175.68266146381606
2017-08-16,33,PET SUPPLIES,Quevedo,Los Rios,C,3,0,1.8235035931776538
2017-08-16,33,PLAYERS AND ELECTRONICS,Quevedo,Los Rios,C,3,0,1.9818059591895416
2017-08-16,33,POULTRY,Quevedo,Los Rios,C,3,0,225.42824345523454
2017-08-16,33,PREPARED FOODS,Quevedo,Los Rios,C,3,0,27.004933747711355
2017-08-16,33,PRODUCE,Quevedo,Los Rios,C,3,0,1050.7128223119628
2017-08-16,33,SCHOOL AND OFFICE SUPPLIES,Quevedo,Los Rios,C,3,0,0.0
2017-08-16,33,SEAFOOD,Quevedo,Los Rios,C,3,0,0.7949228294536496
2017-08-16,34,AUTOMOTIVE,Guayaquil,Guayas,B,6,0,3.2869828421137015
2017-08-16,34,BABY CARE,Guayaquil,Guayas,B,6,0,0.16877658031649806
2017-08-16,34,BEAUTY,Guayaquil,Guayas,B,6,0,1.1916955385386603
2017-08-16,34,BEVERAGES,Guayaquil,Guayas,B,6,0,2110.9997083814746
2017-08-16,34,BOOKS,Guayaquil,Guayas,B,6,0,0.0
2017-08-16,34,BREAD/BAKERY,Guayaquil,Guayas,B,6,0,606.6611152193499
2017-08-16,34,CELEBRATION,Guayaquil,Guayas,B,6,0,9.926197409471792
2017-08-16,34,CLEANING,Guayaquil,Guayas,B,6,0,782.3120648414332
2017-08-16,34,DAIRY,Guayaquil,Guayas,B,6,0,655.4025300402943
2017-08-16,34,DELI,Guayaquil,Guayas,B,6,0,201.76220541027817
2017-08-16,34,EGGS,Guayaquil,Guayas,B,6,0,102.50788448859089
2017-08-16,34,FROZEN FOODS,Guayaquil,Guayas,B,6,0,56.11221989560358
2017-08-16,34,GROCERY I,Guayaquil,Guayas,B,6,0,3589.4014789539397
2017-08-16,34,GROCERY II,Guayaquil,Guayas,B,6,0,9.452578314712358
2017-08-16,34,HARDWARE,Guayaquil,Guayas,B,6,0,1.7578527613496058
2017-08-16,34,HOME AND KITCHEN I,Guayaquil,Guayas,B,6,0,23.816238327010435
2017-08-16,34,HOME AND KITCHEN II,Guayaquil,Guayas,B,6,0,30.839410075439453
2017-08-16,34,HOME APPLIANCES,Guayaquil,Guayas,B,6,0,0.0
2017-08-16,34,HOME CARE,Guayaquil,Guayas,B,6,0,173.87656741441384
2017-08-16,34,LADIESWEAR,Guayaquil,Guayas,B,6,0,1.8825284714470467
2017-08-16,34,LAWN AND GARDEN,Guayaquil,Guayas,B,6,0,2.9801408353445034
2017-08-16,34,LINGERIE,Guayaquil,Guayas,B,6,0,2.566872814929185
2017-08-16,34,"LIQUOR,WINE,BEER",Guayaquil,Guayas,B,6,0,20.856416016777978
2017-08-16,34,MAGAZINES,Guayaquil,Guayas,B,6,0,2.627757580994083
2017-08-16,34,MEATS,Guayaquil,Guayas,B,6,0,158.4115708648044
2017-08-16,34,PERSONAL CARE,Guayaquil,Guayas,B,6,0,242.88873386510113
2017-08-16,34,PET SUPPLIES,Guayaquil,Guayas,B,6,0,3.024660621281379
2017-08-16,34,PLAYERS AND ELECTRONICS,Guayaquil,Guayas,B,6,0,4.0971070083319265
2017-08-16,34,POULTRY,Guayaquil,Guayas,B,6,0,135.91176702691956
2017-08-16,34,PREPARED FOODS,Guayaquil,Guayas,B,6,0,26.01272089982857
2017-08-16,34,PRODUCE,Guayaquil,Guayas,B,6,0,585.6883508858889
2017-08-16,34,SCHOOL AND OFFICE SUPPLIES,Guayaquil,Guayas,B,6,0,2.361736541137292
2017-08-16,34,SEAFOOD,Guayaquil,Guayas,B,6,0,2.7529662121311365
2017-08-16,35,AUTOMOTIVE,Playas,Guayas,C,3,0,2.2298103761005037
2017-08-16,35,BABY CARE,Playas,Guayas,C,3,0,0.0
2017-08-16,35,BEAUTY,Playas,Guayas,C,3,0,0.6366445935088042
2017-08-16,35,BEVERAGES,Playas,Guayas,C,3,0,1238.3529927754767
2017-08-16,35,BOOKS,Playas,Guayas,C,3,0,0.0
2017-08-16,35,BREAD/BAKERY,Playas,Guayas,C,3,0,102.14586321287449
2017-08-16,35,CELEBRATION,Playas,Guayas,C,3,0,1.378207083325734
2017-08-16,35,CLEANING,Playas,Guayas,C,3,0,387.9275022014302
2017-08-16,35,DAIRY,Playas,Guayas,C,3,0,161.0305379253825
2017-08-16,35,DELI,Playas,Guayas,C,3,0,87.42982841292857
2017-08-16,35,EGGS,Playas,Guayas,C,3,0,135.7314521561125
2017-08-16,35,FROZEN FOODS,Playas,Guayas,C,3,0,55.98844685791332
2017-08-16,35,GROCERY I,Playas,Guayas,C,3,0,1613.5664870198839
2017-08-16,35,GROCERY II,Playas,Guayas,C,3,0,3.830981199239365
2017-08-16,35,HARDWARE,Playas,Guayas,C,3,0,0.0
2017-08-16,35,HOME AND KITCHEN I,Playas,Guayas,C,3,0,10.135742345879168
2017-08-16,35,HOME AND KITCHEN II,Playas,Guayas,C,3,0,2.4823768886656548
2017-08-16,35,HOME APPLIANCES,Playas,Guayas,C,3,0,0.0
2017-08-16,35,HOME CARE,Playas,Guayas,C,3,0,75.93829184507652
2017-08-16,35,LADIESWEAR,Playas,Guayas,C,3,0,0.02106977667414222
2017-08-16,35,LAWN AND GARDEN,Playas,Guayas,C,3,0,0.0405372595987149
2017-08-16,35,LINGERIE,Playas,Guayas,C,3,0,0.3995008827408575
2017-08-16,35,"LIQUOR,WINE,BEER",Playas,Guayas,C,3,0,59.05455983179808
2017-08-16,35,MAGAZINES,Playas,Guayas,C,3,0,0.6717111385253568
2017-08-16,35,MEATS,Playas,Guayas,C,3,0,167.19682174524542
2017-08-16,35,PERSONAL CARE,Playas,Guayas,C,3,0,61.45356837341859
2017-08-16,35,PET SUPPLIES,Playas,Guayas,C,3,0,0.8848696973967499
2017-08-16,35,PLAYERS AND ELECTRONICS,Playas,Guayas,C,3,0,0.8923263215684384
2017-08-16,35,POULTRY,Playas,Guayas,C,3,0,40.75772203150019
2017-08-16,35,PREPARED FOODS,Playas,Guayas,C,3,0,20.462308966140604
2017-08-16,35,PRODUCE,Playas,Guayas,C,3,0,340.31452435025795
2017-08-16,35,SCHOOL AND OFFICE SUPPLIES,Playas,Guayas,C,3,0,0.0
2017-08-16,35,SEAFOOD,Playas,Guayas,C,3,0,1.7137927521632415
2017-08-16,36,AUTOMOTIVE,Libertad,Guayas,E,10,0,3.4685016264242363
2017-08-16,36,BABY CARE,Libertad,Guayas,E,10,0,0.0
2017-08-16,36,BEAUTY,Libertad,Guayas,E,10,0,0.8269092090046389
2017-08-16,36,BEVERAGES,Libertad,Guayas,E,10,0,3575.448758623565
2017-08-16,36,BOOKS,Libertad,Guayas,E,10,0,0.0
2017-08-16,36,BREAD/BAKERY,Libertad,Guayas,E,10,0,619.6106975519724
2017-08-16,36,CELEBRATION,Libertad,Guayas,E,10,0,7.2260966923328755
2017-08-16,36,CLEANING,Libertad,Guayas,E,10,0,753.6549594390845
2017-08-16,36,DAIRY,Libertad,Guayas,E,10,0,585.3306596391374
2017-08-16,36,DELI,Libertad,Guayas,E,10,0,187.74578747689554
2017-08-16,36,EGGS,Libertad,Guayas,E,10,0,117.90220650773334
2017-08-16,36,FROZEN FOODS,Libertad,Guayas,E,10,0,71.92246443909856
2017-08-16,36,GROCERY I,Libertad,Guayas,E,10,0,3569.8820426597895
2017-08-16,36,GROCERY II,Libertad,Guayas,E,10,0,7.853731787227488
2017-08-16,36,HARDWARE,Libertad,Guayas,E,10,0,0.07246328794147242
2017-08-16,36,HOME AND KITCHEN I,Libertad,Guayas,E,10,0,27.06995756332933
2017-08-16,36,HOME AND KITCHEN II,Libertad,Guayas,E,10,0,5.823216772378416
2017-08-16,36,HOME APPLIANCES,Libertad,Guayas,E,10,0,0.0
2017-08-16,36,HOME CARE,Libertad,Guayas,E,10,0,184.24852598576513
2017-08-16,36,LADIESWEAR,Libertad,Guayas,E,10,0,0.36056937200449063
2017-08-16,36,LAWN AND GARDEN,Libertad,Guayas,E,10,0,22.82678553002655
2017-08-16,36,LINGERIE,Libertad,Guayas,E,10,0,3.4498534273092663
2017-08-16,36,"LIQUOR,WINE,BEER",Libertad,Guayas,E,10,0,66.02559681019821
2017-08-16,36,MAGAZINES,Libertad,Guayas,E,10,0,2.2408739551259083
2017-08-16,36,MEATS,Libertad,Guayas,E,10,0,230.88067478162026
2017-08-16,36,PERSONAL CARE,Libertad,Guayas,E,10,0,209.2209462924344
2017-08-16,36,PET SUPPLIES,Libertad,Guayas,E,10,0,3.9761085791408326
2017-08-16,36,PLAYERS AND ELECTRONICS,Libertad,Guayas,E,10,0,2.8903481750218263
2017-08-16,36,POULTRY,Libertad,Guayas,E,10,0,117.71624908675075
2017-08-16,36,PREPARED FOODS,Libertad,Guayas,E,10,0,46.97965266947798
2017-08-16,36,PRODUCE,Libertad,Guayas,E,10,0,1039.7187754012195
2017-08-16,36,SCHOOL AND OFFICE SUPPLIES,Libertad,Guayas,E,10,0,1.4891509822389983
2017-08-16,36,SEAFOOD,Libertad,Guayas,E,10,0,1.3683818554395624
2017-08-16,37,AUTOMOTIVE,Cuenca,Azuay,D,2,0,3.738832626095014
2017-08-16,37,BABY CARE,Cuenca,Azuay,D,2,0,1.1388503995334758
2017-08-16,37,BEAUTY,Cuenca,Azuay,D,2,0,5.949055926841824
2017-08-16,37,BEVERAGES,Cuenca,Azuay,D,2,0,2799.808193187081
2017-08-16,37,BOOKS,Cuenca,Azuay,D,2,0,1.1388503995334758
2017-08-16,37,BREAD/BAKERY,Cuenca,Azuay,D,2,0,486.3943492934689
2017-08-16,37,CELEBRATION,Cuenca,Azuay,D,2,0,5.27676265280313
2017-08-16,37,CLEANING,Cuenca,Azuay,D,2,0,979.6420371799917
2017-08-16,37,DAIRY,Cuenca,Azuay,D,2,0,863.3720646500914
2017-08-16,37,DELI,Cuenca,Azuay,D,2,0,137.8521166698035
2017-08-16,37,EGGS,Cuenca,Azuay,D,2,0,116.64610169744269
2017-08-16,37,FROZEN FOODS,Cuenca,Azuay,D,2,0,115.17464001433424
2017-08-16,37,GROCERY I,Cuenca,Azuay,D,2,0,3771.7178163392596
2017-08-16,37,GROCERY II,Cuenca,Azuay,D,2,0,39.72075796983796
2017-08-16,37,HARDWARE,Cuenca,Azuay,D,2,0,2.388909912356006
2017-08-16,37,HOME AND KITCHEN I,Cuenca,Azuay,D,2,0,24.747320024088708
2017-08-16,37,HOME AND KITCHEN II,Cuenca,Azuay,D,2,0,22.025180574911108
2017-08-16,37,HOME APPLIANCES,Cuenca,Azuay,D,2,0,1.1120652913303881
2017-08-16,37,HOME CARE,Cuenca,Azuay,D,2,0,222.26209932396515
2017-08-16,37,LADIESWEAR,Cuenca,Azuay,D,2,0,19.949625470372666
2017-08-16,37,LAWN AND GARDEN,Cuenca,Azuay,D,2,0,21.21676327489336
2017-08-16,37,LINGERIE,Cuenca,Azuay,D,2,0,2.8242716562120598
2017-08-16,37,"LIQUOR,WINE,BEER",Cuenca,Azuay,D,2,0,94.982235247365
2017-08-16,37,MAGAZINES,Cuenca,Azuay,D,2,0,11.438526455836326
2017-08-16,37,MEATS,Cuenca,Azuay,D,2,0,221.92821765013213
2017-08-16,37,PERSONAL CARE,Cuenca,Azuay,D,2,0,251.83506931349652
2017-08-16,37,PET SUPPLIES,Cuenca,Azuay,D,2,0,9.632824691971546
2017-08-16,37,PLAYERS AND ELECTRONICS,Cuenca,Azuay,D,2,0,13.957121328911189
2017-08-16,37,POULTRY,Cuenca,Azuay,D,2,0,247.05033765677695
2017-08-16,37,PREPARED FOODS,Cuenca,Azuay,D,2,0,71.07185315459147
2017-08-16,37,PRODUCE,Cuenca,Azuay,D,2,0,3184.5290050232684
2017-08-16,37,SCHOOL AND OFFICE SUPPLIES,Cuenca,Azuay,D,2,0,1.09390358878098
2017-08-16,37,SEAFOOD,Cuenca,Azuay,D,2,0,11.934495284193233
2017-08-16,38,AUTOMOTIVE,Loja,Loja,D,4,0,5.281735129578517
2017-08-16,38,BABY CARE,Loja,Loja,D,4,0,0.7916097655791071
2017-08-16,38,BEAUTY,Loja,Loja,D,4,0,5.953290173654605
2017-08-16,38,BEVERAGES,Loja,Loja,D,4,0,1681.967380907931
2017-08-16,38,BOOKS,Loja,Loja,D,4,0,0.7916097655791071
2017-08-16,38,BREAD/BAKERY,Loja,Loja,D,4,0,455.8572245558634
2017-08-16,38,CELEBRATION,Loja,Loja,D,4,0,10.700710470512037
2017-08-16,38,CLEANING,Loja,Loja,D,4,0,920.7637706585167
2017-08-16,38,DAIRY,Loja,Loja,D,4,0,767.7160531479793
2017-08-16,38,DELI,Loja,Loja,D,4,0,120.35856844383967
2017-08-16,38,EGGS,Loja,Loja,D,4,0,78.9537955307867
2017-08-16,38,FROZEN FOODS,Loja,Loja,D,4,0,131.39381660419917
2017-08-16,38,GROCERY I,Loja,Loja,D,4,0,3332.870316301292
2017-08-16,38,GROCERY II,Loja,Loja,D,4,0,25.988896090670906
2017-08-16,38,HARDWARE,Loja,Loja,D,4,0,1.2494280823848762
2017-08-16,38,HOME AND KITCHEN I,Loja,Loja,D,4,0,42.52275315743786
2017-08-16,38,HOME AND KITCHEN II,Loja,Loja,D,4,0,25.093474397478378
2017-08-16,38,HOME APPLIANCES,Loja,Loja,D,4,0,0.7648246573760188
2017-08-16,38,HOME CARE,Loja,Loja,D,4,0,286.02472488577524
2017-08-16,38,LADIESWEAR,Loja,Loja,D,4,0,23.382182524219125
2017-08-16,38,LAWN AND GARDEN,Loja,Loja,D,4,0,11.863235848129724
2017-08-16,38,LINGERIE,Loja,Loja,D,4,0,7.791939008104383
2017-08-16,38,"LIQUOR,WINE,BEER",Loja,Loja,D,4,0,85.85838715041653
2017-08-16,38,MAGAZINES,Loja,Loja,D,4,0,9.54732184645969
2017-08-16,38,MEATS,Loja,Loja,D,4,0,150.43163838049006
2017-08-16,38,PERSONAL CARE,Loja,Loja,D,4,0,344.0341092988149
2017-08-16,38,PET SUPPLIES,Loja,Loja,D,4,0,7.329095443609291
2017-08-16,38,PLAYERS AND ELECTRONICS,Loja,Loja,D,4,0,9.30012852580323
2017-08-16,38,POULTRY,Loja,Loja,D,4,0,116.67321294514663
2017-08-16,38,PREPARED FOODS,Loja,Loja,D,4,0,68.55605787718393
2017-08-16,38,PRODUCE,Loja,Loja,D,4,0,2586.425795834538
2017-08-16,38,SCHOOL AND OFFICE SUPPLIES,Loja,Loja,D,4,0,13.924458912164326
2017-08-16,38,SEAFOOD,Loja,Loja,D,4,0,13.396782186682971
2017-08-16,39,AUTOMOTIVE,Cuenca,Azuay,B,6,0,4.700413747276426
2017-08-16,39,BABY CARE,Cuenca,Azuay,B,6,0,0.28862479392304036
2017-08-16,39,BEAUTY,Cuenca,Azuay,B,6,0,2.8482147992890114
2017-08-16,39,BEVERAGES,Cuenca,Azuay,B,6,0,2774.796795942118
2017-08-16,39,BOOKS,Cuenca,Azuay,B,6,0,0.05081296031219498
2017-08-16,39,BREAD/BAKERY,Cuenca,Azuay,B,6,0,619.6378103405744
2017-08-16,39,CELEBRATION,Cuenca,Azuay,B,6,0,4.095735669537102
2017-08-16,39,CLEANING,Cuenca,Azuay,B,6,0,1013.9018651794962
2017-08-16,39,DAIRY,Cuenca,Azuay,B,6,0,583.6259304716386
2017-08-16,39,DELI,Cuenca,Azuay,B,6,0,168.01427906896035
2017-08-16,39,EGGS,Cuenca,Azuay,B,6,0,248.78165632301568
2017-08-16,39,FROZEN FOODS,Cuenca,Azuay,B,6,0,60.07015703428793
2017-08-16,39,GROCERY I,Cuenca,Azuay,B,6,0,4677.467697788031
2017-08-16,39,GROCERY II,Cuenca,Azuay,B,6,0,27.48066057426116
2017-08-16,39,HARDWARE,Cuenca,Azuay,B,6,0,1.069697026861045
2017-08-16,39,HOME AND KITCHEN I,Cuenca,Azuay,B,6,0,29.076473131639368
2017-08-16,39,HOME AND KITCHEN II,Cuenca,Azuay,B,6,0,14.241542587962892
2017-08-16,39,HOME APPLIANCES,Cuenca,Azuay,B,6,0,0.024027852109106608
2017-08-16,39,HOME CARE,Cuenca,Azuay,B,6,0,292.97984169802885
2017-08-16,39,LADIESWEAR,Cuenca,Azuay,B,6,0,4.143006062552218
2017-08-16,39,LAWN AND GARDEN,Cuenca,Azuay,B,6,0,11.887891124383136
2017-08-16,39,LINGERIE,Cuenca,Azuay,B,6,0,5.3151662826582475
2017-08-16,39,"LIQUOR,WINE,BEER",Cuenca,Azuay,B,6,0,53.286204856617985
2017-08-16,39,MAGAZINES,Cuenca,Azuay,B,6,0,4.908244980686688
2017-08-16,39,MEATS,Cuenca,Azuay,B,6,0,145.19886188068796
2017-08-16,39,PERSONAL CARE,Cuenca,Azuay,B,6,0,270.1753771159139
2017-08-16,39,PET SUPPLIES,Cuenca,Azuay,B,6,0,4.185715846153758
2017-08-16,39,PLAYERS AND ELECTRONICS,Cuenca,Azuay,B,6,0,5.514158421632232
2017-08-16,39,POULTRY,Cuenca,Azuay,B,6,0,180.37829067510862
2017-08-16,39,PREPARED FOODS,Cuenca,Azuay,B,6,0,43.141190093650444
2017-08-16,39,PRODUCE,Cuenca,Azuay,B,6,0,1372.664443348103
2017-08-16,39,SCHOOL AND OFFICE SUPPLIES,Cuenca,Azuay,B,6,0,5.072296261114357
2017-08-16,39,SEAFOOD,Cuenca,Azuay,B,6,0,12.009042913914437
2017-08-16,40,AUTOMOTIVE,Machala,El Oro,C,3,0,2.7319392853991604
2017-08-16,40,BABY CARE,Machala,El Oro,C,3,0,0.0
2017-08-16,40,BEAUTY,Machala,El Oro,C,3,0,1.9405939169576085
2017-08-16,40,BEVERAGES,Machala,El Oro,C,3,0,4666.998128256934
2017-08-16,40,BOOKS,Machala,El Oro,C,3,0,0.0
2017-08-16,40,BREAD/BAKERY,Machala,El Oro,C,3,0,416.80621994694775
2017-08-16,40,CELEBRATION,Machala,El Oro,C,3,0,9.552849679795766
2017-08-16,40,CLEANING,Machala,El Oro,C,3,0,1546.3823483231517
2017-08-16,40,DAIRY,Machala,El Oro,C,3,0,807.228328361017
2017-08-16,40,DELI,Machala,El Oro,C,3,0,257.4991049786379
2017-08-16,40,EGGS,Machala,El Oro,C,3,0,161.6594267861833
2017-08-16,40,FROZEN FOODS,Machala,El Oro,C,3,0,64.21830558185003
2017-08-16,40,GROCERY I,Machala,El Oro,C,3,0,5195.446277815955
2017-08-16,40,GROCERY II,Machala,El Oro,C,3,0,5.840074520589013
2017-08-16,40,HARDWARE,Machala,El Oro,C,3,0,1.694992837439664
2017-08-16,40,HOME AND KITCHEN I,Machala,El Oro,C,3,0,26.128221619370578
2017-08-16,40,HOME AND KITCHEN II,Machala,El Oro,C,3,0,20.676018221949274
2017-08-16,40,HOME APPLIANCES,Machala,El Oro,C,3,0,0.0
2017-08-16,40,HOME CARE,Machala,El Oro,C,3,0,366.30335140075493
2017-08-16,40,LADIESWEAR,Machala,El Oro,C,3,0,0.4806392419681729
2017-08-16,40,LAWN AND GARDEN,Machala,El Oro,C,3,0,0.737918558503592
2017-08-16,40,LINGERIE,Machala,El Oro,C,3,0,6.351244568611477
2017-08-16,40,"LIQUOR,WINE,BEER",Machala,El Oro,C,3,0,24.741356706982966
2017-08-16,40,MAGAZINES,Machala,El Oro,C,3,0,2.3437194857048156
2017-08-16,40,MEATS,Machala,El Oro,C,3,0,128.95292437848406
2017-08-16,40,PERSONAL CARE,Machala,El Oro,C,3,0,309.6411637644917
2017-08-16,40,PET SUPPLIES,Machala,El Oro,C,3,0,2.5767487049096776
2017-08-16,40,PLAYERS AND ELECTRONICS,Machala,El Oro,C,3,0,6.3365398410499285
2017-08-16,40,POULTRY,Machala,El Oro,C,3,0,144.84739983873473
2017-08-16,40,PREPARED FOODS,Machala,El Oro,C,3,0,46.98562591157834
2017-08-16,40,PRODUCE,Machala,El Oro,C,3,0,1031.6597852404027
2017-08-16,40,SCHOOL AND OFFICE SUPPLIES,Machala,El Oro,C,3,0,0.0
2017-08-16,40,SEAFOOD,Machala,El Oro,C,3,0,3.9346091940974657
2017-08-16,41,AUTOMOTIVE,Machala,El Oro,D,4,0,6.1420788081389714
2017-08-16,41,BABY CARE,Machala,El Oro,D,4,0,1.0453719171703404
2017-08-16,41,BEAUTY,Machala,El Oro,D,4,0,8.792185876830068
2017-08-16,41,BEVERAGES,Machala,El Oro,D,4,0,1941.884903161786
2017-08-16,41,BOOKS,Machala,El Oro,D,4,0,1.0453719171703404
2017-08-16,41,BREAD/BAKERY,Machala,El Oro,D,4,0,450.2217810643792
2017-08-16,41,CELEBRATION,Machala,El Oro,D,4,0,7.302764340418061
2017-08-16,41,CLEANING,Machala,El Oro,D,4,0,944.6495038989406
2017-08-16,41,DAIRY,Machala,El Oro,D,4,0,680.1826218440008
2017-08-16,41,DELI,Machala,El Oro,D,4,0,182.6770477791324
2017-08-16,41,EGGS,Machala,El Oro,D,4,0,118.79624317040897
2017-08-16,41,FROZEN FOODS,Machala,El Oro,D,4,0,112.39394259758696
2017-08-16,41,GROCERY I,Machala,El Oro,D,4,0,3717.0074375419645
2017-08-16,41,GROCERY II,Machala,El Oro,D,4,0,27.41341371719687
2017-08-16,41,HARDWARE,Machala,El Oro,D,4,0,2.7471044349989535
2017-08-16,41,HOME AND KITCHEN I,Machala,El Oro,D,4,0,26.762326980310814
2017-08-16,41,HOME AND KITCHEN II,Machala,El Oro,D,4,0,22.088640630798942
2017-08-16,41,HOME APPLIANCES,Machala,El Oro,D,4,0,1.0185868089672518
2017-08-16,41,HOME CARE,Machala,El Oro,D,4,0,229.51564612025106
2017-08-16,41,LADIESWEAR,Machala,El Oro,D,4,0,18.340409095806045
2017-08-16,41,LAWN AND GARDEN,Machala,El Oro,D,4,0,10.789696228373327
2017-08-16,41,LINGERIE,Machala,El Oro,D,4,0,6.355775674674507
2017-08-16,41,"LIQUOR,WINE,BEER",Machala,El Oro,D,4,0,94.81210300803244
2017-08-16,41,MAGAZINES,Machala,El Oro,D,4,0,11.3023749101431
2017-08-16,41,MEATS,Machala,El Oro,D,4,0,205.07653531394
2017-08-16,41,PERSONAL CARE,Machala,El Oro,D,4,0,305.26917607183015
2017-08-16,41,PET SUPPLIES,Machala,El Oro,D,4,0,14.670342951926585
2017-08-16,41,PLAYERS AND ELECTRONICS,Machala,El Oro,D,4,0,6.198309551957711
2017-08-16,41,POULTRY,Machala,El Oro,D,4,0,176.88746799121827
2017-08-16,41,PREPARED FOODS,Machala,El Oro,D,4,0,70.3419218406691
2017-08-16,41,PRODUCE,Machala,El Oro,D,4,0,2435.9539606666276
2017-08-16,41,SCHOOL AND OFFICE SUPPLIES,Machala,El Oro,D,4,0,1.3487483572020287
2017-08-16,41,SEAFOOD,Machala,El Oro,D,4,0,6.753594001070646
2017-08-16,42,AUTOMOTIVE,Cuenca,Azuay,D,2,0,4.421254436347839
2017-08-16,42,BABY CARE,Cuenca,Azuay,D,2,0,1.1388503995334758
2017-08-16,42,BEAUTY,Cuenca,Azuay,D,2,0,4.941961903504881
2017-08-16,42,BEVERAGES,Cuenca,Azuay,D,2,0,2087.8721164100907
2017-08-16,42,BOOKS,Cuenca,Azuay,D,2,0,1.1388503995334758
2017-08-16,42,BREAD/BAKERY,Cuenca,Azuay,D,2,0,424.2205589507925
2017-08-16,42,CELEBRATION,Cuenca,Azuay,D,2,0,7.0791332084882725
2017-08-16,42,CLEANING,Cuenca,Azuay,D,2,0,719.7067637567787
2017-08-16,42,DAIRY,Cuenca,Azuay,D,2,0,775.5160349161723
2017-08-16,42,DELI,Cuenca,Azuay,D,2,0,132.3385060384325
2017-08-16,42,EGGS,Cuenca,Azuay,D,2,0,106.89681171909588
2017-08-16,42,FROZEN FOODS,Cuenca,Azuay,D,2,0,101.759858852728
2017-08-16,42,GROCERY I,Cuenca,Azuay,D,2,0,2890.353836956534
2017-08-16,42,GROCERY II,Cuenca,Azuay,D,2,0,26.069529717837845
2017-08-16,42,HARDWARE,Cuenca,Azuay,D,2,0,1.5966687163392463
2017-08-16,42,HOME AND KITCHEN I,Cuenca,Azuay,D,2,0,29.716631923260593
2017-08-16,42,HOME AND KITCHEN II,Cuenca,Azuay,D,2,0,38.06977974786859
2017-08-16,42,HOME APPLIANCES,Cuenca,Azuay,D,2,0,1.1120652913303881
2017-08-16,42,HOME CARE,Cuenca,Azuay,D,2,0,174.9382968065404
2017-08-16,42,LADIESWEAR,Cuenca,Azuay,D,2,0,9.406155250906313
2017-08-16,42,LAWN AND GARDEN,Cuenca,Azuay,D,2,0,31.790655366374633
2017-08-16,42,LINGERIE,Cuenca,Azuay,D,2,0,4.278493041192602
2017-08-16,42,"LIQUOR,WINE,BEER",Cuenca,Azuay,D,2,0,62.40349656201672
2017-08-16,42,MAGAZINES,Cuenca,Azuay,D,2,0,8.211985833330235
2017-08-16,42,MEATS,Cuenca,Azuay,D,2,0,221.17000289869827
2017-08-16,42,PERSONAL CARE,Cuenca,Azuay,D,2,0,211.006098954904
2017-08-16,42,PET SUPPLIES,Cuenca,Azuay,D,2,0,9.789879619910074
2017-08-16,42,PLAYERS AND ELECTRONICS,Cuenca,Azuay,D,2,0,8.367755222415488
2017-08-16,42,POULTRY,Cuenca,Azuay,D,2,0,207.62596948878863
2017-08-16,42,PREPARED FOODS,Cuenca,Azuay,D,2,0,43.73398652726022
2017-08-16,42,PRODUCE,Cuenca,Azuay,D,2,0,2803.638195652464
2017-08-16,42,SCHOOL AND OFFICE SUPPLIES,Cuenca,Azuay,D,2,0,2.003292589308245
2017-08-16,42,SEAFOOD,Cuenca,Azuay,D,2,0,9.546774523362178
2017-08-16,43,AUTOMOTIVE,Esmeraldas,Esmeraldas,E,10,0,4.168875480657463
2017-08-16,43,BABY CARE,Esmeraldas,Esmeraldas,E,10,0,0.0
2017-08-16,43,BEAUTY,Esmeraldas,Esmeraldas,E,10,0,4.7408894230926135
2017-08-16,43,BEVERAGES,Esmeraldas,Esmeraldas,E,10,0,4305.593670509035
2017-08-16,43,BOOKS,Esmeraldas,Esmeraldas,E,10,0,0.0
2017-08-16,43,BREAD/BAKERY,Esmeraldas,Esmeraldas,E,10,0,470.20440743083486
2017-08-16,43,CELEBRATION,Esmeraldas,Esmeraldas,E,10,0,14.565978655157057
2017-08-16,43,CLEANING,Esmeraldas,Esmeraldas,E,10,0,991.8511720136876
2017-08-16,43,DAIRY,Esmeraldas,Esmeraldas,E,10,0,637.6398694899034
2017-08-16,43,DELI,Esmeraldas,Esmeraldas,E,10,0,274.3304465257187
2017-08-16,43,EGGS,Esmeraldas,Esmeraldas,E,10,0,170.7960902793243
2017-08-16,43,FROZEN FOODS,Esmeraldas,Esmeraldas,E,10,0,73.19109293176697
2017-08-16,43,GROCERY I,Esmeraldas,Esmeraldas,E,10,0,3807.6857448380365
2017-08-16,43,GROCERY II,Esmeraldas,Esmeraldas,E,10,0,13.404158755850434
2017-08-16,43,HARDWARE,Esmeraldas,Esmeraldas,E,10,0,0.018047077985831488
2017-08-16,43,HOME AND KITCHEN I,Esmeraldas,Esmeraldas,E,10,0,19.36634182012913
2017-08-16,43,HOME AND KITCHEN II,Esmeraldas,Esmeraldas,E,10,0,18.55891621849565
2017-08-16,43,HOME APPLIANCES,Esmeraldas,Esmeraldas,E,10,0,0.0
2017-08-16,43,HOME CARE,Esmeraldas,Esmeraldas,E,10,0,243.40910013363487
2017-08-16,43,LADIESWEAR,Esmeraldas,Esmeraldas,E,10,0,0.3061531620488497
2017-08-16,43,LAWN AND GARDEN,Esmeraldas,Esmeraldas,E,10,0,6.223253130538278
2017-08-16,43,LINGERIE,Esmeraldas,Esmeraldas,E,10,0,1.4681978569525558
2017-08-16,43,"LIQUOR,WINE,BEER",Esmeraldas,Esmeraldas,E,10,0,69.2829004007184
2017-08-16,43,MAGAZINES,Esmeraldas,Esmeraldas,E,10,0,3.1504389857542487
2017-08-16,43,MEATS,Esmeraldas,Esmeraldas,E,10,0,204.5668378260278
2017-08-16,43,PERSONAL CARE,Esmeraldas,Esmeraldas,E,10,0,269.3754483150914
2017-08-16,43,PET SUPPLIES,Esmeraldas,Esmeraldas,E,10,0,2.7670043723497884
2017-08-16,43,PLAYERS AND ELECTRONICS,Esmeraldas,Esmeraldas,E,10,0,2.135986737399605
2017-08-16,43,POULTRY,Esmeraldas,Esmeraldas,E,10,0,238.63943925250783
2017-08-16,43,PREPARED FOODS,Esmeraldas,Esmeraldas,E,10,0,109.66882453523542
2017-08-16,43,PRODUCE,Esmeraldas,Esmeraldas,E,10,0,1087.583415323435
2017-08-16,43,SCHOOL AND OFFICE SUPPLIES,Esmeraldas,Esmeraldas,E,10,0,1.7529511721428552
2017-08-16,43,SEAFOOD,Esmeraldas,Esmeraldas,E,10,0,0.7950956852889054
2017-08-16,44,AUTOMOTIVE,Quito,Pichincha,A,5,0,13.563927939289032
2017-08-16,44,BABY CARE,Quito,Pichincha,A,5,0,0.7916097655791071
2017-08-16,44,BEAUTY,Quito,Pichincha,A,5,0,9.647930851148073
2017-08-16,44,BEVERAGES,Quito,Pichincha,A,5,0,9000.94252680471
2017-08-16,44,BOOKS,Quito,Pichincha,A,5,0,0.7916097655791071
2017-08-16,44,BREAD/BAKERY,Quito,Pichincha,A,5,0,1474.3110351019911
2017-08-16,44,CELEBRATION,Quito,Pichincha,A,5,0,26.728274767161356
2017-08-16,44,CLEANING,Quito,Pichincha,A,5,0,2141.3208279913865
2017-08-16,44,DAIRY,Quito,Pichincha,A,5,0,2297.278183771264
2017-08-16,44,DELI,Quito,Pichincha,A,5,0,452.7378968296906
2017-08-16,44,EGGS,Quito,Pichincha,A,5,0,548.3179909986166
2017-08-16,44,FROZEN FOODS,Quito,Pichincha,A,5,0,373.8866935192629
2017-08-16,44,GROCERY I,Quito,Pichincha,A,5,0,9679.874849416221
2017-08-16,44,GROCERY II,Quito,Pichincha,A,5,0,92.62257790553085
2017-08-16,44,HARDWARE,Quito,Pichincha,A,5,0,3.1239400930458125
2017-08-16,44,HOME AND KITCHEN I,Quito,Pichincha,A,5,0,113.48345362935318
2017-08-16,44,HOME AND KITCHEN II,Quito,Pichincha,A,5,0,135.77584318855065
2017-08-16,44,HOME APPLIANCES,Quito,Pichincha,A,5,0,0.7648246573760188
2017-08-16,44,HOME CARE,Quito,Pichincha,A,5,0,600.803395724441
2017-08-16,44,LADIESWEAR,Quito,Pichincha,A,5,0,20.983435367804503
2017-08-16,44,LAWN AND GARDEN,Quito,Pichincha,A,5,0,23.337329036039236
2017-08-16,44,LINGERIE,Quito,Pichincha,A,5,0,51.66100077986907
2017-08-16,44,"LIQUOR,WINE,BEER",Quito,Pichincha,A,5,0,257.555615909183
2017-08-16,44,MAGAZINES,Quito,Pichincha,A,5,0,21.668559945317917
2017-08-16,44,MEATS,Quito,Pichincha,A,5,0,770.8571158593927
2017-08-16,44,PERSONAL CARE,Quito,Pichincha,A,5,0,474.0095154899377
2017-08-16,44,PET SUPPLIES,Quito,Pichincha,A,5,0,30.299451689914658
2017-08-16,44,PLAYERS AND ELECTRONICS,Quito,Pichincha,A,5,0,33.02485342126829
2017-08-16,44,POULTRY,Quito,Pichincha,A,5,0,1052.8438048598855
2017-08-16,44,PREPARED FOODS,Quito,Pichincha,A,5,0,311.99169777488044
2017-08-16,44,PRODUCE,Quito,Pichincha,A,5,0,10631.696362776078
2017-08-16,44,SCHOOL AND OFFICE SUPPLIES,Quito,Pichincha,A,5,0,282.63036854121174
2017-08-16,44,SEAFOOD,Quito,Pichincha,A,5,0,80.9906465215377
2017-08-16,45,AUTOMOTIVE,Quito,Pichincha,A,11,0,13.008932217382352
2017-08-16,45,BABY CARE,Quito,Pichincha,A,11,0,0.6434934169031895
2017-08-16,45,BEAUTY,Quito,Pichincha,A,11,0,11.647801642678498
2017-08-16,45,BEVERAGES,Quito,Pichincha,A,11,0,8426.016760955277
2017-08-16,45,BOOKS,Quito,Pichincha,A,11,0,0.6434934169031895
2017-08-16,45,BREAD/BAKERY,Quito,Pichincha,A,11,0,1112.0896651036237
2017-08-16,45,CELEBRATION,Quito,Pichincha,A,11,0,23.034624010717046
2017-08-16,45,CLEANING,Quito,Pichincha,A,11,0,2345.704865235505
2017-08-16,45,DAIRY,Quito,Pichincha,A,11,0,2032.7775185483924
2017-08-16,45,DELI,Quito,Pichincha,A,11,0,619.7189716578503
2017-08-16,45,EGGS,Quito,Pichincha,A,11,0,326.9278501044225
2017-08-16,45,FROZEN FOODS,Quito,Pichincha,A,11,0,270.42658889667865
2017-08-16,45,GROCERY I,Quito,Pichincha,A,11,0,9813.482206169649
2017-08-16,45,GROCERY II,Quito,Pichincha,A,11,0,118.61244056496524
2017-08-16,45,HARDWARE,Quito,Pichincha,A,11,0,1.7929840037670948
2017-08-16,45,HOME AND KITCHEN I,Quito,Pichincha,A,11,0,71.3851718826129
2017-08-16,45,HOME AND KITCHEN II,Quito,Pichincha,A,11,0,86.11984786614462
2017-08-16,45,HOME APPLIANCES,Quito,Pichincha,A,11,0,0.9650315594842843
2017-08-16,45,HOME CARE,Quito,Pichincha,A,11,0,598.3923157978684
2017-08-16,45,LADIESWEAR,Quito,Pichincha,A,11,0,15.41280053902884
2017-08-16,45,LAWN AND GARDEN,Quito,Pichincha,A,11,0,32.53055638999788
2017-08-16,45,LINGERIE,Quito,Pichincha,A,11,0,8.154935210693008
2017-08-16,45,"LIQUOR,WINE,BEER",Quito,Pichincha,A,11,0,208.20989952095064
2017-08-16,45,MAGAZINES,Quito,Pichincha,A,11,0,19.01711774982413
2017-08-16,45,MEATS,Quito,Pichincha,A,11,0,911.3227283542005
2017-08-16,45,PERSONAL CARE,Quito,Pichincha,A,11,0,678.2927632266683
2017-08-16,45,PET SUPPLIES,Quito,Pichincha,A,11,0,19.414450117267798
2017-08-16,45,PLAYERS AND ELECTRONICS,Quito,Pichincha,A,11,0,22.955504989478428
2017-08-16,45,POULTRY,Quito,Pichincha,A,11,0,1105.390420255992
2017-08-16,45,PREPARED FOODS,Quito,Pichincha,A,11,0,227.6606125736877
2017-08-16,45,PRODUCE,Quito,Pichincha,A,11,0,7529.130067734896
2017-08-16,45,SCHOOL AND OFFICE SUPPLIES,Quito,Pichincha,A,11,0,432.05494592186767
2017-08-16,45,SEAFOOD,Quito,Pichincha,A,11,0,88.9758392168702
2017-08-16,46,AUTOMOTIVE,Quito,Pichincha,A,14,0,12.792933801636703
2017-08-16,46,BABY CARE,Quito,Pichincha,A,14,0,0.6434934169031895
2017-08-16,46,BEAUTY,Quito,Pichincha,A,14,0,21.452152939822685
2017-08-16,46,BEVERAGES,Quito,Pichincha,A,14,0,4782.894702395887
2017-08-16,46,BOOKS,Quito,Pichincha,A,14,0,0.6434934169031895
2017-08-16,46,BREAD/BAKERY,Quito,Pichincha,A,14,0,810.8579738760036
2017-08-16,46,CELEBRATION,Quito,Pichincha,A,14,0,9.594881631145714
2017-08-16,46,CLEANING,Quito,Pichincha,A,14,0,1786.8012632390364
2017-08-16,46,DAIRY,Quito,Pichincha,A,14,0,1196.823000094861
2017-08-16,46,DELI,Quito,Pichincha,A,14,0,653.07904069627
2017-08-16,46,EGGS,Quito,Pichincha,A,14,0,107.76238317805515
2017-08-16,46,FROZEN FOODS,Quito,Pichincha,A,14,0,226.03146943384058
2017-08-16,46,GROCERY I,Quito,Pichincha,A,14,0,8377.286958156474
2017-08-16,46,GROCERY II,Quito,Pichincha,A,14,0,34.49846858603133
2017-08-16,46,HARDWARE,Quito,Pichincha,A,14,0,2.7273225370743464
2017-08-16,46,HOME AND KITCHEN I,Quito,Pichincha,A,14,0,52.77402048769596
2017-08-16,46,HOME AND KITCHEN II,Quito,Pichincha,A,14,0,19.498196859249017
2017-08-16,46,HOME APPLIANCES,Quito,Pichincha,A,14,0,0.9650315594842843
2017-08-16,46,HOME CARE,Quito,Pichincha,A,14,0,526.4511056521106
2017-08-16,46,LADIESWEAR,Quito,Pichincha,A,14,0,23.186929036087562
2017-08-16,46,LAWN AND GARDEN,Quito,Pichincha,A,14,0,21.60138760591257
2017-08-16,46,LINGERIE,Quito,Pichincha,A,14,0,6.521514666737273
2017-08-16,46,"LIQUOR,WINE,BEER",Quito,Pichincha,A,14,0,104.35421434023392
2017-08-16,46,MAGAZINES,Quito,Pichincha,A,14,0,13.679828213015856
2017-08-16,46,MEATS,Quito,Pichincha,A,14,0,895.5400544262882
2017-08-16,46,PERSONAL CARE,Quito,Pichincha,A,14,0,638.1127171668455
2017-08-16,46,PET SUPPLIES,Quito,Pichincha,A,14,0,19.08986514763938
2017-08-16,46,PLAYERS AND ELECTRONICS,Quito,Pichincha,A,14,0,39.314981578080825
2017-08-16,46,POULTRY,Quito,Pichincha,A,14,0,627.7628904597453
2017-08-16,46,PREPARED FOODS,Quito,Pichincha,A,14,0,119.2848010467876
2017-08-16,46,PRODUCE,Quito,Pichincha,A,14,0,2901.8356986487934
2017-08-16,46,SCHOOL AND OFFICE SUPPLIES,Quito,Pichincha,A,14,0,261.24632784414393
2017-08-16,46,SEAFOOD,Quito,Pichincha,A,14,0,39.10664987996045
2017-08-16,47,AUTOMOTIVE,Quito,Pichincha,A,14,0,9.704850875999089
2017-08-16,47,BABY CARE,Quito,Pichincha,A,14,0,0.6434934169031895
2017-08-16,47,BEAUTY,Quito,Pichincha,A,14,0,20.722735667612096
2017-08-16,47,BEVERAGES,Quito,Pichincha,A,14,0,8036.063966157049
2017-08-16,47,BOOKS,Quito,Pichincha,A,14,0,0.6434934169031895
2017-08-16,47,BREAD/BAKERY,Quito,Pichincha,A,14,0,1014.1672439146748
2017-08-16,47,CELEBRATION,Quito,Pichincha,A,14,0,17.62767532084351
2017-08-16,47,CLEANING,Quito,Pichincha,A,14,0,1994.3280343043084
2017-08-16,47,DAIRY,Quito,Pichincha,A,14,0,1943.6418853806458
2017-08-16,47,DELI,Quito,Pichincha,A,14,0,527.0287112887158
2017-08-16,47,EGGS,Quito,Pichincha,A,14,0,303.8179964277472
2017-08-16,47,FROZEN FOODS,Quito,Pichincha,A,14,0,230.75894610136433
2017-08-16,47,GROCERY I,Quito,Pichincha,A,14,0,9769.785317951706
2017-08-16,47,GROCERY II,Quito,Pichincha,A,14,0,35.957889892176766
2017-08-16,47,HARDWARE,Quito,Pichincha,A,14,0,1.3324871799826399
2017-08-16,47,HOME AND KITCHEN I,Quito,Pichincha,A,14,0,85.75805336032566
2017-08-16,47,HOME AND KITCHEN II,Quito,Pichincha,A,14,0,54.967909067312426
2017-08-16,47,HOME APPLIANCES,Quito,Pichincha,A,14,0,1.0771397791606199
2017-08-16,47,HOME CARE,Quito,Pichincha,A,14,0,511.02111146187457
2017-08-16,47,LADIESWEAR,Quito,Pichincha,A,14,0,13.498425535686813
2017-08-16,47,LAWN AND GARDEN,Quito,Pichincha,A,14,0,29.289076573958578
2017-08-16,47,LINGERIE,Quito,Pichincha,A,14,0,23.859514434402193
2017-08-16,47,"LIQUOR,WINE,BEER",Quito,Pichincha,A,14,0,187.92609063138804
2017-08-16,47,MAGAZINES,Quito,Pichincha,A,14,0,15.182424351175143
2017-08-16,47,MEATS,Quito,Pichincha,A,14,0,726.3391994495853
2017-08-16,47,PERSONAL CARE,Quito,Pichincha,A,14,0,603.4531996898315
2017-08-16,47,PET SUPPLIES,Quito,Pichincha,A,14,0,18.32769425355371
2017-08-16,47,PLAYERS AND ELECTRONICS,Quito,Pichincha,A,14,0,24.526632875986387
2017-08-16,47,POULTRY,Quito,Pichincha,A,14,0,901.4470145300758
2017-08-16,47,PREPARED FOODS,Quito,Pichincha,A,14,0,224.38397177847386
2017-08-16,47,PRODUCE,Quito,Pichincha,A,14,0,6996.870343631454
2017-08-16,47,SCHOOL AND OFFICE SUPPLIES,Quito,Pichincha,A,14,0,351.9093384520772
2017-08-16,47,SEAFOOD,Quito,Pichincha,A,14,0,59.700035094443
2017-08-16,48,AUTOMOTIVE,Quito,Pichincha,A,14,0,7.572605736177916
2017-08-16,48,BABY CARE,Quito,Pichincha,A,14,0,0.6434934169031895
2017-08-16,48,BEAUTY,Quito,Pichincha,A,14,0,17.107885538830747
2017-08-16,48,BEVERAGES,Quito,Pichincha,A,14,0,3617.5176168139974
2017-08-16,48,BOOKS,Quito,Pichincha,A,14,0,0.6434934169031895
2017-08-16,48,BREAD/BAKERY,Quito,Pichincha,A,14,0,682.1764673122124
2017-08-16,48,CELEBRATION,Quito,Pichincha,A,14,0,12.355367640993695
2017-08-16,48,CLEANING,Quito,Pichincha,A,14,0,1622.7350420817745
2017-08-16,48,DAIRY,Quito,Pichincha,A,14,0,990.8577795429645
2017-08-16,48,DELI,Quito,Pichincha,A,14,0,512.2196332456616
2017-08-16,48,EGGS,Quito,Pichincha,A,14,0,85.63691991313696
2017-08-16,48,FROZEN FOODS,Quito,Pichincha,A,14,0,153.45230850123838
2017-08-16,48,GROCERY I,Quito,Pichincha,A,14,0,6389.297240667178
2017-08-16,48,GROCERY II,Quito,Pichincha,A,14,0,30.280279869216354
2017-08-16,48,HARDWARE,Quito,Pichincha,A,14,0,0.8786920968592854
2017-08-16,48,HOME AND KITCHEN I,Quito,Pichincha,A,14,0,29.885831129250608
2017-08-16,48,HOME AND KITCHEN II,Quito,Pichincha,A,14,0,26.738967085346424
2017-08-16,48,HOME APPLIANCES,Quito,Pichincha,A,14,0,0.6167083087001012
2017-08-16,48,HOME CARE,Quito,Pichincha,A,14,0,466.8715163094988
2017-08-16,48,LADIESWEAR,Quito,Pichincha,A,14,0,22.9943325549185
2017-08-16,48,LAWN AND GARDEN,Quito,Pichincha,A,14,0,9.18623827076696
2017-08-16,48,LINGERIE,Quito,Pichincha,A,14,0,2.5506893040062186
2017-08-16,48,"LIQUOR,WINE,BEER",Quito,Pichincha,A,14,0,84.6548237816216
2017-08-16,48,MAGAZINES,Quito,Pichincha,A,14,0,5.428905358003606
2017-08-16,48,MEATS,Quito,Pichincha,A,14,0,666.3741616165574
2017-08-16,48,PERSONAL CARE,Quito,Pichincha,A,14,0,652.4643445247997
2017-08-16,48,PET SUPPLIES,Quito,Pichincha,A,14,0,17.080023931957612
2017-08-16,48,PLAYERS AND ELECTRONICS,Quito,Pichincha,A,14,0,17.8369130243794
2017-08-16,48,POULTRY,Quito,Pichincha,A,14,0,668.2197661664335
2017-08-16,48,PREPARED FOODS,Quito,Pichincha,A,14,0,82.62775260598076
2017-08-16,48,PRODUCE,Quito,Pichincha,A,14,0,1985.4084064388558
2017-08-16,48,SCHOOL AND OFFICE SUPPLIES,Quito,Pichincha,A,14,0,306.1057678833312
2017-08-16,48,SEAFOOD,Quito,Pichincha,A,14,0,19.417700390246623
2017-08-16,49,AUTOMOTIVE,Quito,Pichincha,A,11,0,8.1220679088695
2017-08-16,49,BABY CARE,Quito,Pichincha,A,11,0,0.6434934169031895
2017-08-16,49,BEAUTY,Quito,Pichincha,A,11,0,14.532388561697307
2017-08-16,49,BEVERAGES,Quito,Pichincha,A,11,0,6345.173894405783
2017-08-16,49,BOOKS,Quito,Pichincha,A,11,0,0.6434934169031895
2017-08-16,49,BREAD/BAKERY,Quito,Pichincha,A,11,0,1158.4456253688181
2017-08-16,49,CELEBRATION,Quito,Pichincha,A,11,0,19.45252750381077
2017-08-16,49,CLEANING,Quito,Pichincha,A,11,0,1813.6041774920454
2017-08-16,49,DAIRY,Quito,Pichincha,A,11,0,2064.3240718824914
2017-08-16,49,DELI,Quito,Pichincha,A,11,0,364.16054687808753
2017-08-16,49,EGGS,Quito,Pichincha,A,11,0,431.7971819314237
2017-08-16,49,FROZEN FOODS,Quito,Pichincha,A,11,0,298.71456022867386
2017-08-16,49,GROCERY I,Quito,Pichincha,A,11,0,8318.644322117565
2017-08-16,49,GROCERY II,Quito,Pichincha,A,11,0,76.19286935499072
2017-08-16,49,HARDWARE,Quito,Pichincha,A,11,0,1.6173977095220935
2017-08-16,49,HOME AND KITCHEN I,Quito,Pichincha,A,11,0,46.46350034548761
2017-08-16,49,HOME AND KITCHEN II,Quito,Pichincha,A,11,0,43.322294260744215
2017-08-16,49,HOME APPLIANCES,Quito,Pichincha,A,11,0,0.9650315594842843
2017-08-16,49,HOME CARE,Quito,Pichincha,A,11,0,428.47488694980694
2017-08-16,49,LADIESWEAR,Quito,Pichincha,A,11,0,8.227262996070278
2017-08-16,49,LAWN AND GARDEN,Quito,Pichincha,A,11,0,28.078856777895297
2017-08-16,49,LINGERIE,Quito,Pichincha,A,11,0,5.612749382804788
2017-08-16,49,"LIQUOR,WINE,BEER",Quito,Pichincha,A,11,0,196.11954865391974
2017-08-16,49,MAGAZINES,Quito,Pichincha,A,11,0,15.87376128614379
2017-08-16,49,MEATS,Quito,Pichincha,A,11,0,672.8601709925158
2017-08-16,49,PERSONAL CARE,Quito,Pichincha,A,11,0,471.26678773411646
2017-08-16,49,PET SUPPLIES,Quito,Pichincha,A,11,0,12.710684154888032
2017-08-16,49,PLAYERS AND ELECTRONICS,Quito,Pichincha,A,11,0,24.660935041807946
2017-08-16,49,POULTRY,Quito,Pichincha,A,11,0,884.9292840960503
2017-08-16,49,PREPARED FOODS,Quito,Pichincha,A,11,0,212.86885566596962
2017-08-16,49,PRODUCE,Quito,Pichincha,A,11,0,8397.454893510216
2017-08-16,49,SCHOOL AND OFFICE SUPPLIES,Quito,Pichincha,A,11,0,245.83599659817975
2017-08-16,49,SEAFOOD,Quito,Pichincha,A,11,0,64.42704238133585
2017-08-16,50,AUTOMOTIVE,Ambato,Tungurahua,A,14,0,9.848856945415042
2017-08-16,50,BABY CARE,Ambato,Tungurahua,A,14,0,0.9626875721453237
2017-08-16,50,BEAUTY,Ambato,Tungurahua,A,14,0,14.543433024527426
2017-08-16,50,BEVERAGES,Ambato,Tungurahua,A,14,0,3783.448190778478
2017-08-16,50,BOOKS,Ambato,Tungurahua,A,14,0,0.9626875721453237
2017-08-16,50,BREAD/BAKERY,Ambato,Tungurahua,A,14,0,522.5492014872756
2017-08-16,50,CELEBRATION,Ambato,Tungurahua,A,14,0,30.237638463990127
2017-08-16,50,CLEANING,Ambato,Tungurahua,A,14,0,1391.5389903594796
2017-08-16,50,DAIRY,Ambato,Tungurahua,A,14,0,1002.1866033613813
2017-08-16,50,DELI,Ambato,Tungurahua,A,14,0,409.03790234749937
2017-08-16,50,EGGS,Ambato,Tungurahua,A,14,0,97.71930852408046
2017-08-16,50,FROZEN FOODS,Ambato,Tungurahua,A,14,0,132.19773083835193
2017-08-16,50,GROCERY I,Ambato,Tungurahua,A,14,0,6032.526853000108
2017-08-16,50,GROCERY II,Ambato,Tungurahua,A,14,0,66.53505020722392
2017-08-16,50,HARDWARE,Ambato,Tungurahua,A,14,0,2.9852537803096157
2017-08-16,50,HOME AND KITCHEN I,Ambato,Tungurahua,A,14,0,56.54227440505376
2017-08-16,50,HOME AND KITCHEN II,Ambato,Tungurahua,A,14,0,21.93386909652664
2017-08-16,50,HOME APPLIANCES,Ambato,Tungurahua,A,14,0,0.9359024639422354
2017-08-16,50,HOME CARE,Ambato,Tungurahua,A,14,0,354.5794561736978
2017-08-16,50,LADIESWEAR,Ambato,Tungurahua,A,14,0,6.536624140521075
2017-08-16,50,LAWN AND GARDEN,Ambato,Tungurahua,A,14,0,6.962426722937394
2017-08-16,50,LINGERIE,Ambato,Tungurahua,A,14,0,4.4291968250345946
2017-08-16,50,"LIQUOR,WINE,BEER",Ambato,Tungurahua,A,14,0,116.87880765157934
2017-08-16,50,MAGAZINES,Ambato,Tungurahua,A,14,0,11.445361929242614
2017-08-16,50,MEATS,Ambato,Tungurahua,A,14,0,536.9577769780326
2017-08-16,50,PERSONAL CARE,Ambato,Tungurahua,A,14,0,443.54471876519176
2017-08-16,50,PET SUPPLIES,Ambato,Tungurahua,A,14,0,9.995215081797506
2017-08-16,50,PLAYERS AND ELECTRONICS,Ambato,Tungurahua,A,14,0,21.384074610991448
2017-08-16,50,POULTRY,Ambato,Tungurahua,A,14,0,353.12556591868804
2017-08-16,50,PREPARED FOODS,Ambato,Tungurahua,A,14,0,87.8120846459518
2017-08-16,50,PRODUCE,Ambato,Tungurahua,A,14,0,2225.2171109063324
2017-08-16,50,SCHOOL AND OFFICE SUPPLIES,Ambato,Tungurahua,A,14,0,315.64046206552473
2017-08-16,50,SEAFOOD,Ambato,Tungurahua,A,14,0,17.664507079133898
2017-08-16,51,AUTOMOTIVE,Guayaquil,Guayas,A,17,0,7.224999601969744
2017-08-16,51,BABY CARE,Guayaquil,Guayas,A,17,0,0.8708858372510172
2017-08-16,51,BEAUTY,Guayaquil,Guayas,A,17,0,3.8393607718446154
2017-08-16,51,BEVERAGES,Guayaquil,Guayas,A,17,0,4530.37799024248
2017-08-16,51,BOOKS,Guayaquil,Guayas,A,17,0,0.8708858372510172
2017-08-16,51,BREAD/BAKERY,Guayaquil,Guayas,A,17,0,885.0701623757974
2017-08-16,51,CELEBRATION,Guayaquil,Guayas,A,17,0,12.365957098300141
2017-08-16,51,CLEANING,Guayaquil,Guayas,A,17,0,1513.6598429521973
2017-08-16,51,DAIRY,Guayaquil,Guayas,A,17,0,1742.2466010902665
2017-08-16,51,DELI,Guayaquil,Guayas,A,17,0,233.67019628401
2017-08-16,51,EGGS,Guayaquil,Guayas,A,17,0,342.26447082573907
2017-08-16,51,FROZEN FOODS,Guayaquil,Guayas,A,17,0,240.89829815092034
2017-08-16,51,GROCERY I,Guayaquil,Guayas,A,17,0,5684.211439998029
2017-08-16,51,GROCERY II,Guayaquil,Guayas,A,17,0,53.99329384026415
2017-08-16,51,HARDWARE,Guayaquil,Guayas,A,17,0,2.750690650260062
2017-08-16,51,HOME AND KITCHEN I,Guayaquil,Guayas,A,17,0,36.35115555963492
2017-08-16,51,HOME AND KITCHEN II,Guayaquil,Guayas,A,17,0,28.56109224818849
2017-08-16,51,HOME APPLIANCES,Guayaquil,Guayas,A,17,0,0.8441007290479289
2017-08-16,51,HOME CARE,Guayaquil,Guayas,A,17,0,309.1319689699489
2017-08-16,51,LADIESWEAR,Guayaquil,Guayas,A,17,0,3.8465510395784888
2017-08-16,51,LAWN AND GARDEN,Guayaquil,Guayas,A,17,0,47.133602006965916
2017-08-16,51,LINGERIE,Guayaquil,Guayas,A,17,0,4.899890432984185
2017-08-16,51,"LIQUOR,WINE,BEER",Guayaquil,Guayas,A,17,0,133.0301365592119
2017-08-16,51,MAGAZINES,Guayaquil,Guayas,A,17,0,11.353560194348306
2017-08-16,51,MEATS,Guayaquil,Guayas,A,17,0,595.5474123831913
2017-08-16,51,PERSONAL CARE,Guayaquil,Guayas,A,17,0,273.9860197033088
2017-08-16,51,PET SUPPLIES,Guayaquil,Guayas,A,17,0,18.22456376137549
2017-08-16,51,PLAYERS AND ELECTRONICS,Guayaquil,Guayas,A,17,0,14.2966792927433
2017-08-16,51,POULTRY,Guayaquil,Guayas,A,17,0,767.576482442762
2017-08-16,51,PREPARED FOODS,Guayaquil,Guayas,A,17,0,119.60878663940656
2017-08-16,51,PRODUCE,Guayaquil,Guayas,A,17,0,7547.838351368046
2017-08-16,51,SCHOOL AND OFFICE SUPPLIES,Guayaquil,Guayas,A,17,0,1.322296338621032
2017-08-16,51,SEAFOOD,Guayaquil,Guayas,A,17,0,42.65395205921723
2017-08-16,52,AUTOMOTIVE,Manta,Manabi,A,11,0,5.708440292450966
2017-08-16,52,BABY CARE,Manta,Manabi,A,11,0,0.43768610320039053
2017-08-16,52,BEAUTY,Manta,Manabi,A,11,0,4.276126557492935
2017-08-16,52,BEVERAGES,Manta,Manabi,A,11,0,4167.171293673128
2017-08-16,52,BOOKS,Manta,Manabi,A,11,0,0.43768610320039053
2017-08-16,52,BREAD/BAKERY,Manta,Manabi,A,11,0,845.0722027586443
2017-08-16,52,CELEBRATION,Manta,Manabi,A,11,0,13.034684949962681
2017-08-16,52,CLEANING,Manta,Manabi,A,11,0,1625.1702435119935
2017-08-16,52,DAIRY,Manta,Manabi,A,11,0,1152.381217744882
2017-08-16,52,DELI,Manta,Manabi,A,11,0,311.0668987559031
2017-08-16,52,EGGS,Manta,Manabi,A,11,0,222.00330286978956
2017-08-16,52,FROZEN FOODS,Manta,Manabi,A,11,0,287.50956603644534
2017-08-16,52,GROCERY I,Manta,Manabi,A,11,0,5924.250083188912
2017-08-16,52,GROCERY II,Manta,Manabi,A,11,0,35.56673063349157
2017-08-16,52,HARDWARE,Manta,Manabi,A,11,0,1.9273294880511425
2017-08-16,52,HOME AND KITCHEN I,Manta,Manabi,A,11,0,52.648353904406285
2017-08-16,52,HOME AND KITCHEN II,Manta,Manabi,A,11,0,39.15318889518919
2017-08-16,52,HOME APPLIANCES,Manta,Manabi,A,11,0,0.4109009949973022
2017-08-16,52,HOME CARE,Manta,Manabi,A,11,0,328.75510693002076
2017-08-16,52,LADIESWEAR,Manta,Manabi,A,11,0,5.952010803408232
2017-08-16,52,LAWN AND GARDEN,Manta,Manabi,A,11,0,43.10828793407673
2017-08-16,52,LINGERIE,Manta,Manabi,A,11,0,8.529383491417642
2017-08-16,52,"LIQUOR,WINE,BEER",Manta,Manabi,A,11,0,232.1752301637591
2017-08-16,52,MAGAZINES,Manta,Manabi,A,11,0,12.216131027624336
2017-08-16,52,MEATS,Manta,Manabi,A,11,0,448.01444696481343
2017-08-16,52,PERSONAL CARE,Manta,Manabi,A,11,0,324.734991148989
2017-08-16,52,PET SUPPLIES,Manta,Manabi,A,11,0,11.786897971119508
2017-08-16,52,PLAYERS AND ELECTRONICS,Manta,Manabi,A,11,0,27.325744892747725
2017-08-16,52,POULTRY,Manta,Manabi,A,11,0,456.080267449762
2017-08-16,52,PREPARED FOODS,Manta,Manabi,A,11,0,130.43634725029818
2017-08-16,52,PRODUCE,Manta,Manabi,A,11,0,6523.226217688769
2017-08-16,52,SCHOOL AND OFFICE SUPPLIES,Manta,Manabi,A,11,0,7.536173928619284
2017-08-16,52,SEAFOOD,Manta,Manabi,A,11,0,6.092630075864102
2017-08-16,53,AUTOMOTIVE,Manta,Manabi,D,13,0,5.6300193462723644
2017-08-16,53,BABY CARE,Manta,Manabi,D,13,0,0.43768610320039053
2017-08-16,53,BEAUTY,Manta,Manabi,D,13,0,3.6265974681756994
2017-08-16,53,BEVERAGES,Manta,Manabi,D,13,0,2058.0486771693722
2017-08-16,53,BOOKS,Manta,Manabi,D,13,0,0.43768610320039053
2017-08-16,53,BREAD/BAKERY,Manta,Manabi,D,13,0,444.94244208282504
2017-08-16,53,CELEBRATION,Manta,Manabi,D,13,0,3.9994121138595267
2017-08-16,53,CLEANING,Manta,Manabi,D,13,0,987.5712866168607
2017-08-16,53,DAIRY,Manta,Manabi,D,13,0,513.3513373588818
2017-08-16,53,DELI,Manta,Manabi,D,13,0,198.23328580516974
2017-08-16,53,EGGS,Manta,Manabi,D,13,0,91.47718153789756
2017-08-16,53,FROZEN FOODS,Manta,Manabi,D,13,0,102.93024730817058
2017-08-16,53,GROCERY I,Manta,Manabi,D,13,0,2919.7666018476366
2017-08-16,53,GROCERY II,Manta,Manabi,D,13,0,12.962308114464674
2017-08-16,53,HARDWARE,Manta,Manabi,D,13,0,1.411590395819295
2017-08-16,53,HOME AND KITCHEN I,Manta,Manabi,D,13,0,27.064402659434624
2017-08-16,53,HOME AND KITCHEN II,Manta,Manabi,D,13,0,15.457696146897227
2017-08-16,53,HOME APPLIANCES,Manta,Manabi,D,13,0,0.4109009949973022
2017-08-16,53,HOME CARE,Manta,Manabi,D,13,0,170.51637128864738
2017-08-16,53,LADIESWEAR,Manta,Manabi,D,13,0,9.409457371814176
2017-08-16,53,LAWN AND GARDEN,Manta,Manabi,D,13,0,10.726402479494908
2017-08-16,53,LINGERIE,Manta,Manabi,D,13,0,4.795426876170318
2017-08-16,53,"LIQUOR,WINE,BEER",Manta,Manabi,D,13,0,69.09259669940309
2017-08-16,53,MAGAZINES,Manta,Manabi,D,13,0,3.528076518210896
2017-08-16,53,MEATS,Manta,Manabi,D,13,0,253.10331026960634
2017-08-16,53,PERSONAL CARE,Manta,Manabi,D,13,0,193.93593960870368
2017-08-16,53,PET SUPPLIES,Manta,Manabi,D,13,0,3.3408328788315513
2017-08-16,53,PLAYERS AND ELECTRONICS,Manta,Manabi,D,13,0,3.884367250958917
2017-08-16,53,POULTRY,Manta,Manabi,D,13,0,161.1300438840337
2017-08-16,53,PREPARED FOODS,Manta,Manabi,D,13,0,78.94643882895849
2017-08-16,53,PRODUCE,Manta,Manabi,D,13,0,2403.70004129909
2017-08-16,53,SCHOOL AND OFFICE SUPPLIES,Manta,Manabi,D,13,0,0.6305511260587401
2017-08-16,53,SEAFOOD,Manta,Manabi,D,13,0,3.899071978520464
2017-08-16,54,AUTOMOTIVE,El Carmen,Manabi,C,3,0,4.654172414065007
2017-08-16,54,BABY CARE,El Carmen,Manabi,C,3,0,0.0
2017-08-16,54,BEAUTY,El Carmen,Manabi,C,3,0,0.0
2017-08-16,54,BEVERAGES,El Carmen,Manabi,C,3,0,3008.5596798490797
2017-08-16,54,BOOKS,El Carmen,Manabi,C,3,0,0.0
2017-08-16,54,BREAD/BAKERY,El Carmen,Manabi,C,3,0,223.27117272274975
2017-08-16,54,CELEBRATION,El Carmen,Manabi,C,3,0,2.7635741444575745
2017-08-16,54,CLEANING,El Carmen,Manabi,C,3,0,961.4614280994012
2017-08-16,54,DAIRY,El Carmen,Manabi,C,3,0,244.61648527190897
2017-08-16,54,DELI,El Carmen,Manabi,C,3,0,187.12701867082166
2017-08-16,54,EGGS,El Carmen,Manabi,C,3,0,55.66083097620948
2017-08-16,54,FROZEN FOODS,El Carmen,Manabi,C,3,0,25.548351259622315
2017-08-16,54,GROCERY I,El Carmen,Manabi,C,3,0,3000.73256870693
2017-08-16,54,GROCERY II,El Carmen,Manabi,C,3,0,13.043300814859611
2017-08-16,54,HARDWARE,El Carmen,Manabi,C,3,0,0.09125887916573625
2017-08-16,54,HOME AND KITCHEN I,El Carmen,Manabi,C,3,0,18.617566432416314
2017-08-16,54,HOME AND KITCHEN II,El Carmen,Manabi,C,3,0,8.748336375772517
2017-08-16,54,HOME APPLIANCES,El Carmen,Manabi,C,3,0,0.0
2017-08-16,54,HOME CARE,El Carmen,Manabi,C,3,0,171.4066222961756
2017-08-16,54,LADIESWEAR,El Carmen,Manabi,C,3,0,0.02106977667414222
2017-08-16,54,LAWN AND GARDEN,El Carmen,Manabi,C,3,0,0.0405372595987149
2017-08-16,54,LINGERIE,El Carmen,Manabi,C,3,0,2.7947381559971105
2017-08-16,54,"LIQUOR,WINE,BEER",El Carmen,Manabi,C,3,0,71.89957057974424
2017-08-16,54,MAGAZINES,El Carmen,Manabi,C,3,0,0.7080642286617328
2017-08-16,54,MEATS,El Carmen,Manabi,C,3,0,48.16783960858227
2017-08-16,54,PERSONAL CARE,El Carmen,Manabi,C,3,0,146.71540035327345
2017-08-16,54,PET SUPPLIES,El Carmen,Manabi,C,3,0,0.0
2017-08-16,54,PLAYERS AND ELECTRONICS,El Carmen,Manabi,C,3,0,1.1598548579784915
2017-08-16,54,POULTRY,El Carmen,Manabi,C,3,0,54.844435055438815
2017-08-16,54,PREPARED FOODS,El Carmen,Manabi,C,3,0,85.71315941002787
2017-08-16,54,PRODUCE,El Carmen,Manabi,C,3,0,558.3945315715774
2017-08-16,54,SCHOOL AND OFFICE SUPPLIES,El Carmen,Manabi,C,3,0,0.0
2017-08-16,54,SEAFOOD,El Carmen,Manabi,C,3,0,1.4381332898765413
2017-08-17,1,AUTOMOTIVE,Quito,Pichincha,D,13,0,6.647936402836896
2017-08-17,1,BABY CARE,Quito,Pichincha,D,13,0,2.5175243213250513
2017-08-17,1,BEAUTY,Quito,Pichincha,D,13,0,6.707734729725233
2017-08-17,1,BEVERAGES,Quito,Pichincha,D,13,0,2072.6484662366483
2017-08-17,1,BOOKS,Quito,Pichincha,D,13,0,2.5175243213250513
2017-08-17,1,BREAD/BAKERY,Quito,Pichincha,D,13,0,325.6911323466928
2017-08-17,1,CELEBRATION,Quito,Pichincha,D,13,0,12.353299988795147
2017-08-17,1,CLEANING,Quito,Pichincha,D,13,0,639.2596539705626
2017-08-17,1,DAIRY,Quito,Pichincha,D,13,0,647.4009435468641
2017-08-17,1,DELI,Quito,Pichincha,D,13,0,115.93441772856926
2017-08-17,1,EGGS,Quito,Pichincha,D,13,0,123.03937611577877
2017-08-17,1,FROZEN FOODS,Quito,Pichincha,D,13,0,129.94593666196405
2017-08-17,1,GROCERY I,Quito,Pichincha,D,13,0,2409.053900640967
2017-08-17,1,GROCERY II,Quito,Pichincha,D,13,0,15.8701746509852
2017-08-17,1,HARDWARE,Quito,Pichincha,D,13,0,4.0827177310125204
2017-08-17,1,HOME AND KITCHEN I,Quito,Pichincha,D,13,0,31.49052288023732
2017-08-17,1,HOME AND KITCHEN II,Quito,Pichincha,D,13,0,24.85578065815739
2017-08-17,1,HOME APPLIANCES,Quito,Pichincha,D,13,0,2.4907392131219632
2017-08-17,1,HOME CARE,Quito,Pichincha,D,13,0,150.1357165566967
2017-08-17,1,LADIESWEAR,Quito,Pichincha,D,13,0,11.273520719325195
2017-08-17,1,LAWN AND GARDEN,Quito,Pichincha,D,13,0,19.947013801847852
2017-08-17,1,LINGERIE,Quito,Pichincha,D,13,0,8.304805382525892
2017-08-17,1,"LIQUOR,WINE,BEER",Quito,Pichincha,D,13,0,105.52999338710022
2017-08-17,1,MAGAZINES,Quito,Pichincha,D,13,0,6.975045321260797
2017-08-17,1,MEATS,Quito,Pichincha,D,13,0,260.3665502957916
2017-08-17,1,PERSONAL CARE,Quito,Pichincha,D,13,0,149.43282786294606
2017-08-17,1,PET SUPPLIES,Quito,Pichincha,D,13,0,6.126611063172202
2017-08-17,1,PLAYERS AND ELECTRONICS,Quito,Pichincha,D,13,0,12.274180967556529
2017-08-17,1,POULTRY,Quito,Pichincha,D,13,0,287.63260922938235
2017-08-17,1,PREPARED FOODS,Quito,Pichincha,D,13,0,58.92455526165202
2017-08-17,1,PRODUCE,Quito,Pichincha,D,13,0,1889.7366655414776
2017-08-17,1,SCHOOL AND OFFICE SUPPLIES,Quito,Pichincha,D,13,0,2.4725775105725547
2017-08-17,1,SEAFOOD,Quito,Pichincha,D,13,0,26.382167911981718
2017-08-17,2,AUTOMOTIVE,Quito,Pichincha,D,13,0,4.37352324123958
2017-08-17,2,BABY CARE,Quito,Pichincha,D,13,0,1.1829830183961438
2017-08-17,2,BEAUTY,Quito,Pichincha,D,13,0,5.322777075389892
2017-08-17,2,BEVERAGES,Quito,Pichincha,D,13,0,2321.700823632616
2017-08-17,2,BOOKS,Quito,Pichincha,D,13,0,1.1829830183961438
2017-08-17,2,BREAD/BAKERY,Quito,Pichincha,D,13,0,528.4965401533676
2017-08-17,2,CELEBRATION,Quito,Pichincha,D,13,0,7.412991639025119
2017-08-17,2,CLEANING,Quito,Pichincha,D,13,0,716.5664344755027
2017-08-17,2,DAIRY,Quito,Pichincha,D,13,0,619.6308809714636
2017-08-17,2,DELI,Quito,Pichincha,D,13,0,162.78093167661254
2017-08-17,2,EGGS,Quito,Pichincha,D,13,0,133.01997290094056
2017-08-17,2,FROZEN FOODS,Quito,Pichincha,D,13,0,79.69969420272393
2017-08-17,2,GROCERY I,Quito,Pichincha,D,13,0,2958.626767723742
2017-08-17,2,GROCERY II,Quito,Pichincha,D,13,0,28.06942018724122
2017-08-17,2,HARDWARE,Quito,Pichincha,D,13,0,2.073324946446252
2017-08-17,2,HOME AND KITCHEN I,Quito,Pichincha,D,13,0,18.425204704157643
2017-08-17,2,HOME AND KITCHEN II,Quito,Pichincha,D,13,0,28.253055839215374
2017-08-17,2,HOME APPLIANCES,Quito,Pichincha,D,13,0,1.1561979101930553
2017-08-17,2,HOME CARE,Quito,Pichincha,D,13,0,192.85449670357733
2017-08-17,2,LADIESWEAR,Quito,Pichincha,D,13,0,15.393214687235123
2017-08-17,2,LAWN AND GARDEN,Quito,Pichincha,D,13,0,15.412682170159695
2017-08-17,2,LINGERIE,Quito,Pichincha,D,13,0,4.0776063623830066
2017-08-17,2,"LIQUOR,WINE,BEER",Quito,Pichincha,D,13,0,96.67386184113539
2017-08-17,2,MAGAZINES,Quito,Pichincha,D,13,0,8.659353984826582
2017-08-17,2,MEATS,Quito,Pichincha,D,13,0,474.4514076387451
2017-08-17,2,PERSONAL CARE,Quito,Pichincha,D,13,0,196.8103400052831
2017-08-17,2,PET SUPPLIES,Quito,Pichincha,D,13,0,5.294915468516752
2017-08-17,2,PLAYERS AND ELECTRONICS,Quito,Pichincha,D,13,0,4.358818513678031
2017-08-17,2,POULTRY,Quito,Pichincha,D,13,0,355.55575652939416
2017-08-17,2,PREPARED FOODS,Quito,Pichincha,D,13,0,96.06284579997406
2017-08-17,2,PRODUCE,Quito,Pichincha,D,13,0,1816.959416323327
2017-08-17,2,SCHOOL AND OFFICE SUPPLIES,Quito,Pichincha,D,13,0,1.138036207643647
2017-08-17,2,SEAFOOD,Quito,Pichincha,D,13,0,26.797883621716885
2017-08-17,3,AUTOMOTIVE,Quito,Pichincha,D,8,0,6.650045163619475
2017-08-17,3,BABY CARE,Quito,Pichincha,D,8,0,1.3310993670720612
2017-08-17,3,BEAUTY,Quito,Pichincha,D,8,0,15.411563852745727
2017-08-17,3,BEVERAGES,Quito,Pichincha,D,8,0,7313.933489470838
2017-08-17,3,BOOKS,Quito,Pichincha,D,8,0,1.3310993670720612
2017-08-17,3,BREAD/BAKERY,Quito,Pichincha,D,8,0,1033.9946562314278
2017-08-17,3,CELEBRATION,Quito,Pichincha,D,8,0,52.56682236742128
2017-08-17,3,CLEANING,Quito,Pichincha,D,8,0,1483.8584139018176
2017-08-17,3,DAIRY,Quito,Pichincha,D,8,0,1665.7169921247748
2017-08-17,3,DELI,Quito,Pichincha,D,8,0,295.18663117951587
2017-08-17,3,EGGS,Quito,Pichincha,D,8,0,382.1596527693173
2017-08-17,3,FROZEN FOODS,Quito,Pichincha,D,8,0,285.10759399168785
2017-08-17,3,GROCERY I,Quito,Pichincha,D,8,0,6656.963149320519
2017-08-17,3,GROCERY II,Quito,Pichincha,D,8,0,64.2106579363565
2017-08-17,3,HARDWARE,Quito,Pichincha,D,8,0,2.4897397460478956
2017-08-17,3,HOME AND KITCHEN I,Quito,Pichincha,D,8,0,57.91897477883853
2017-08-17,3,HOME AND KITCHEN II,Quito,Pichincha,D,8,0,39.56830045163989
2017-08-17,3,HOME APPLIANCES,Quito,Pichincha,D,8,0,1.3043142588689727
2017-08-17,3,HOME CARE,Quito,Pichincha,D,8,0,379.97683349070854
2017-08-17,3,LADIESWEAR,Quito,Pichincha,D,8,0,29.498560727146153
2017-08-17,3,LAWN AND GARDEN,Quito,Pichincha,D,8,0,34.93286765595034
2017-08-17,3,LINGERIE,Quito,Pichincha,D,8,0,23.37554416967171
2017-08-17,3,"LIQUOR,WINE,BEER",Quito,Pichincha,D,8,0,215.48584501763062
2017-08-17,3,MAGAZINES,Quito,Pichincha,D,8,0,23.085083345116068
2017-08-17,3,MEATS,Quito,Pichincha,D,8,0,564.1534666933035
2017-08-17,3,PERSONAL CARE,Quito,Pichincha,D,8,0,394.53562956906455
2017-08-17,3,PET SUPPLIES,Quito,Pichincha,D,8,0,15.75662686413167
2017-08-17,3,PLAYERS AND ELECTRONICS,Quito,Pichincha,D,8,0,19.501938979454348
2017-08-17,3,POULTRY,Quito,Pichincha,D,8,0,914.615511529706
2017-08-17,3,PREPARED FOODS,Quito,Pichincha,D,8,0,206.90279814922297
2017-08-17,3,PRODUCE,Quito,Pichincha,D,8,0,5741.558804186365
2017-08-17,3,SCHOOL AND OFFICE SUPPLIES,Quito,Pichincha,D,8,0,1.772345897505739
2017-08-17,3,SEAFOOD,Quito,Pichincha,D,8,0,63.78925363241182
2017-08-17,4,AUTOMOTIVE,Quito,Pichincha,D,9,0,2.3942714645062937
2017-08-17,4,BABY CARE,Quito,Pichincha,D,9,0,0.0
2017-08-17,4,BEAUTY,Quito,Pichincha,D,9,0,2.396226299892456
2017-08-17,4,BEVERAGES,Quito,Pichincha,D,9,0,1923.9451048872515
2017-08-17,4,BOOKS,Quito,Pichincha,D,9,0,0.0
2017-08-17,4,BREAD/BAKERY,Quito,Pichincha,D,9,0,292.9847970874071
2017-08-17,4,CELEBRATION,Quito,Pichincha,D,9,0,3.9266889217890197
2017-08-17,4,CLEANING,Quito,Pichincha,D,9,0,605.9376349885707
2017-08-17,4,DAIRY,Quito,Pichincha,D,9,0,565.8918914927674
2017-08-17,4,DELI,Quito,Pichincha,D,9,0,158.6791509614633
2017-08-17,4,EGGS,Quito,Pichincha,D,9,0,106.60199493933689
2017-08-17,4,FROZEN FOODS,Quito,Pichincha,D,9,0,70.45718650656264
2017-08-17,4,GROCERY I,Quito,Pichincha,D,9,0,2524.3460377682436
2017-08-17,4,GROCERY II,Quito,Pichincha,D,9,0,18.81809983741646
2017-08-17,4,HARDWARE,Quito,Pichincha,D,9,0,0.4159012452366903
2017-08-17,4,HOME AND KITCHEN I,Quito,Pichincha,D,9,0,15.47758871513109
2017-08-17,4,HOME AND KITCHEN II,Quito,Pichincha,D,9,0,4.580483374067063
2017-08-17,4,HOME APPLIANCES,Quito,Pichincha,D,9,0,0.0
2017-08-17,4,HOME CARE,Quito,Pichincha,D,9,0,149.76722697914528
2017-08-17,4,LADIESWEAR,Quito,Pichincha,D,9,0,13.395705177838781
2017-08-17,4,LAWN AND GARDEN,Quito,Pichincha,D,9,0,18.124611762749367
2017-08-17,4,LINGERIE,Quito,Pichincha,D,9,0,1.7598597256719193
2017-08-17,4,"LIQUOR,WINE,BEER",Quito,Pichincha,D,9,0,91.04548285283254
2017-08-17,4,MAGAZINES,Quito,Pichincha,D,9,0,4.063478422980211
2017-08-17,4,MEATS,Quito,Pichincha,D,9,0,281.0500224614504
2017-08-17,4,PERSONAL CARE,Quito,Pichincha,D,9,0,171.37660196704815
2017-08-17,4,PET SUPPLIES,Quito,Pichincha,D,9,0,2.7002074135379033
2017-08-17,4,PLAYERS AND ELECTRONICS,Quito,Pichincha,D,9,0,3.847569900550403
2017-08-17,4,POULTRY,Quito,Pichincha,D,9,0,284.7599399529947
2017-08-17,4,PREPARED FOODS,Quito,Pichincha,D,9,0,46.594081079243
2017-08-17,4,PRODUCE,Quito,Pichincha,D,9,0,1678.4008993707062
2017-08-17,4,SCHOOL AND OFFICE SUPPLIES,Quito,Pichincha,D,9,0,0.0
2017-08-17,4,SEAFOOD,Quito,Pichincha,D,9,0,16.92725927156755
2017-08-17,5,AUTOMOTIVE,Santo Domingo,Santo Domingo de los Tsachilas,D,4,0,3.8045836630850705
2017-08-17,5,BABY CARE,Santo Domingo,Santo Domingo de los Tsachilas,D,4,0,0.0
2017-08-17,5,BEAUTY,Santo Domingo,Santo Domingo de los Tsachilas,D,4,0,2.5630290257889383
2017-08-17,5,BEVERAGES,Santo Domingo,Santo Domingo de los Tsachilas,D,4,0,1398.7128564393372
2017-08-17,5,BOOKS,Santo Domingo,Santo Domingo de los Tsachilas,D,4,0,0.0
2017-08-17,5,BREAD/BAKERY,Santo Domingo,Santo Domingo de los Tsachilas,D,4,0,294.76015831835565
2017-08-17,5,CELEBRATION,Santo Domingo,Santo Domingo de los Tsachilas,D,4,0,19.50015720252697
2017-08-17,5,CLEANING,Santo Domingo,Santo Domingo de los Tsachilas,D,4,0,715.4387198933656
2017-08-17,5,DAIRY,Santo Domingo,Santo Domingo de los Tsachilas,D,4,0,448.3554126518595
2017-08-17,5,DELI,Santo Domingo,Santo Domingo de los Tsachilas,D,4,0,189.8424920560881
2017-08-17,5,EGGS,Santo Domingo,Santo Domingo de los Tsachilas,D,4,0,63.517660012928964
2017-08-17,5,FROZEN FOODS,Santo Domingo,Santo Domingo de los Tsachilas,D,4,0,84.98407722320765
2017-08-17,5,GROCERY I,Santo Domingo,Santo Domingo de los Tsachilas,D,4,0,2411.3035314553204
2017-08-17,5,GROCERY II,Santo Domingo,Santo Domingo de los Tsachilas,D,4,0,25.96031604151169
2017-08-17,5,HARDWARE,Santo Domingo,Santo Domingo de los Tsachilas,D,4,0,0.35821028020981066
2017-08-17,5,HOME AND KITCHEN I,Santo Domingo,Santo Domingo de los Tsachilas,D,4,0,27.60926009644624
2017-08-17,5,HOME AND KITCHEN II,Santo Domingo,Santo Domingo de los Tsachilas,D,4,0,16.288315020687314
2017-08-17,5,HOME APPLIANCES,Santo Domingo,Santo Domingo de los Tsachilas,D,4,0,0.0
2017-08-17,5,HOME CARE,Santo Domingo,Santo Domingo de los Tsachilas,D,4,0,155.39793790772293
2017-08-17,5,LADIESWEAR,Santo Domingo,Santo Domingo de los Tsachilas,D,4,0,6.0634291434679755
2017-08-17,5,LAWN AND GARDEN,Santo Domingo,Santo Domingo de los Tsachilas,D,4,0,4.405045721977863
2017-08-17,5,LINGERIE,Santo Domingo,Santo Domingo de los Tsachilas,D,4,0,6.204048415923846
2017-08-17,5,"LIQUOR,WINE,BEER",Santo Domingo,Santo Domingo de los Tsachilas,D,4,0,63.82510811506371
2017-08-17,5,MAGAZINES,Santo Domingo,Santo Domingo de los Tsachilas,D,4,0,6.760920343674642
2017-08-17,5,MEATS,Santo Domingo,Santo Domingo de los Tsachilas,D,4,0,225.47491661816048
2017-08-17,5,PERSONAL CARE,Santo Domingo,Santo Domingo de los Tsachilas,D,4,0,183.57919351441495
2017-08-17,5,PET SUPPLIES,Santo Domingo,Santo Domingo de los Tsachilas,D,4,0,1.5294577539211929
2017-08-17,5,PLAYERS AND ELECTRONICS,Santo Domingo,Santo Domingo de los Tsachilas,D,4,0,3.2142895842538426
2017-08-17,5,POULTRY,Santo Domingo,Santo Domingo de los Tsachilas,D,4,0,194.575643523782
2017-08-17,5,PREPARED FOODS,Santo Domingo,Santo Domingo de los Tsachilas,D,4,0,50.19813591826697
2017-08-17,5,PRODUCE,Santo Domingo,Santo Domingo de los Tsachilas,D,4,0,1279.2858655149557
2017-08-17,5,SCHOOL AND OFFICE SUPPLIES,Santo Domingo,Santo Domingo de los Tsachilas,D,4,0,0.0
2017-08-17,5,SEAFOOD,Santo Domingo,Santo Domingo de los Tsachilas,D,4,0,5.098396766686986
2017-08-17,6,AUTOMOTIVE,Quito,Pichincha,D,13,0,3.2866852768422694
2017-08-17,6,BABY CARE,Quito,Pichincha,D,13,0,0.0
2017-08-17,6,BEAUTY,Quito,Pichincha,D,13,0,2.6921431787490455
2017-08-17,6,BEVERAGES,Quito,Pichincha,D,13,0,2480.5351957545195
2017-08-17,6,BOOKS,Quito,Pichincha,D,13,0,0.0
2017-08-17,6,BREAD/BAKERY,Quito,Pichincha,D,13,0,420.83129494278205
2017-08-17,6,CELEBRATION,Quito,Pichincha,D,13,0,5.2205020253909336
2017-08-17,6,CLEANING,Quito,Pichincha,D,13,0,937.2947268629665
2017-08-17,6,DAIRY,Quito,Pichincha,D,13,0,734.1739639976412
2017-08-17,6,DELI,Quito,Pichincha,D,13,0,252.5308986195506
2017-08-17,6,EGGS,Quito,Pichincha,D,13,0,132.20069808273044
2017-08-17,6,FROZEN FOODS,Quito,Pichincha,D,13,0,110.0261283239149
2017-08-17,6,GROCERY I,Quito,Pichincha,D,13,0,3570.124063965576
2017-08-17,6,GROCERY II,Quito,Pichincha,D,13,0,28.310822100469963
2017-08-17,6,HARDWARE,Quito,Pichincha,D,13,0,0.280225695531752
2017-08-17,6,HOME AND KITCHEN I,Quito,Pichincha,D,13,0,18.620945178811446
2017-08-17,6,HOME AND KITCHEN II,Quito,Pichincha,D,13,0,35.02952576184126
2017-08-17,6,HOME APPLIANCES,Quito,Pichincha,D,13,0,0.0
2017-08-17,6,HOME CARE,Quito,Pichincha,D,13,0,233.11721194341723
2017-08-17,6,LADIESWEAR,Quito,Pichincha,D,13,0,14.270450881175801
2017-08-17,6,LAWN AND GARDEN,Quito,Pichincha,D,13,0,14.289918364100373
2017-08-17,6,LINGERIE,Quito,Pichincha,D,13,0,6.038662103780352
2017-08-17,6,"LIQUOR,WINE,BEER",Quito,Pichincha,D,13,0,88.51924629142539
2017-08-17,6,MAGAZINES,Quito,Pichincha,D,13,0,2.6274600157226526
2017-08-17,6,MEATS,Quito,Pichincha,D,13,0,355.5631733033105
2017-08-17,6,PERSONAL CARE,Quito,Pichincha,D,13,0,267.2618732234727
2017-08-17,6,PET SUPPLIES,Quito,Pichincha,D,13,0,5.080916946389921
2017-08-17,6,PLAYERS AND ELECTRONICS,Quito,Pichincha,D,13,0,13.521619722733103
2017-08-17,6,POULTRY,Quito,Pichincha,D,13,0,403.4779493426613
2017-08-17,6,PREPARED FOODS,Quito,Pichincha,D,13,0,81.96650860983573
2017-08-17,6,PRODUCE,Quito,Pichincha,D,13,0,1880.9711653760921
2017-08-17,6,SCHOOL AND OFFICE SUPPLIES,Quito,Pichincha,D,13,0,0.0
2017-08-17,6,SEAFOOD,Quito,Pichincha,D,13,0,27.020208384040743
2017-08-17,7,AUTOMOTIVE,Quito,Pichincha,D,8,0,2.542387813182212
2017-08-17,7,BABY CARE,Quito,Pichincha,D,8,0,0.20833556101274514
2017-08-17,7,BEAUTY,Quito,Pichincha,D,8,0,3.7366144250748325
2017-08-17,7,BEVERAGES,Quito,Pichincha,D,8,0,3226.742839041991
2017-08-17,7,BOOKS,Quito,Pichincha,D,8,0,0.20833556101274514
2017-08-17,7,BREAD/BAKERY,Quito,Pichincha,D,8,0,528.8019558813502
2017-08-17,7,CELEBRATION,Quito,Pichincha,D,8,0,10.123542567228947
2017-08-17,7,CLEANING,Quito,Pichincha,D,8,0,919.653856238085
2017-08-17,7,DAIRY,Quito,Pichincha,D,8,0,1099.3503013764298
2017-08-17,7,DELI,Quito,Pichincha,D,8,0,140.64508572745106
2017-08-17,7,EGGS,Quito,Pichincha,D,8,0,237.02365841051287
2017-08-17,7,FROZEN FOODS,Quito,Pichincha,D,8,0,167.58581774337748
2017-08-17,7,GROCERY I,Quito,Pichincha,D,8,0,3282.7689230842466
2017-08-17,7,GROCERY II,Quito,Pichincha,D,8,0,29.311788904360426
2017-08-17,7,HARDWARE,Quito,Pichincha,D,8,0,1.2242145448333246
2017-08-17,7,HOME AND KITCHEN I,Quito,Pichincha,D,8,0,34.68572817852893
2017-08-17,7,HOME AND KITCHEN II,Quito,Pichincha,D,8,0,35.110544357546466
2017-08-17,7,HOME APPLIANCES,Quito,Pichincha,D,8,0,0.4041700896593305
2017-08-17,7,HOME CARE,Quito,Pichincha,D,8,0,201.14162915061874
2017-08-17,7,LADIESWEAR,Quito,Pichincha,D,8,0,11.622155378341713
2017-08-17,7,LAWN AND GARDEN,Quito,Pichincha,D,8,0,28.618300829693332
2017-08-17,7,LINGERIE,Quito,Pichincha,D,8,0,4.61851607362767
2017-08-17,7,"LIQUOR,WINE,BEER",Quito,Pichincha,D,8,0,146.31141614752826
2017-08-17,7,MAGAZINES,Quito,Pichincha,D,8,0,14.152265200336025
2017-08-17,7,MEATS,Quito,Pichincha,D,8,0,365.811687532514
2017-08-17,7,PERSONAL CARE,Quito,Pichincha,D,8,0,182.93966764523245
2017-08-17,7,PET SUPPLIES,Quito,Pichincha,D,8,0,2.8483237622138216
2017-08-17,7,PLAYERS AND ELECTRONICS,Quito,Pichincha,D,8,0,10.909250061561005
2017-08-17,7,POULTRY,Quito,Pichincha,D,8,0,510.24390219486935
2017-08-17,7,PREPARED FOODS,Quito,Pichincha,D,8,0,113.4983966511117
2017-08-17,7,PRODUCE,Quito,Pichincha,D,8,0,3984.653156074231
2017-08-17,7,SCHOOL AND OFFICE SUPPLIES,Quito,Pichincha,D,8,0,0.2739001674335873
2017-08-17,7,SEAFOOD,Quito,Pichincha,D,8,0,29.764086515138796
2017-08-17,8,AUTOMOTIVE,Quito,Pichincha,D,8,0,2.2481288723346857
2017-08-17,8,BABY CARE,Quito,Pichincha,D,8,0,0.5666307475673561
2017-08-17,8,BEAUTY,Quito,Pichincha,D,8,0,5.256894901938977
2017-08-17,8,BEVERAGES,Quito,Pichincha,D,8,0,3598.445757522803
2017-08-17,8,BOOKS,Quito,Pichincha,D,8,0,0.0
2017-08-17,8,BREAD/BAKERY,Quito,Pichincha,D,8,0,687.4925204672633
2017-08-17,8,CELEBRATION,Quito,Pichincha,D,8,0,16.344616875069757
2017-08-17,8,CLEANING,Quito,Pichincha,D,8,0,1007.5291017661974
2017-08-17,8,DAIRY,Quito,Pichincha,D,8,0,1153.1702538733314
2017-08-17,8,DELI,Quito,Pichincha,D,8,0,221.61100436913569
2017-08-17,8,EGGS,Quito,Pichincha,D,8,0,244.72745340463945
2017-08-17,8,FROZEN FOODS,Quito,Pichincha,D,8,0,130.50015805662068
2017-08-17,8,GROCERY I,Quito,Pichincha,D,8,0,4064.835115423924
2017-08-17,8,GROCERY II,Quito,Pichincha,D,8,0,28.194593096133502
2017-08-17,8,HARDWARE,Quito,Pichincha,D,8,0,0.9606408404968217
2017-08-17,8,HOME AND KITCHEN I,Quito,Pichincha,D,8,0,27.54350635924744
2017-08-17,8,HOME AND KITCHEN II,Quito,Pichincha,D,8,0,38.36476289971487
2017-08-17,8,HOME APPLIANCES,Quito,Pichincha,D,8,0,0.0
2017-08-17,8,HOME CARE,Quito,Pichincha,D,8,0,263.88224444381586
2017-08-17,8,LADIESWEAR,Quito,Pichincha,D,8,0,23.540787187736502
2017-08-17,8,LAWN AND GARDEN,Quito,Pichincha,D,8,0,30.188231619994635
2017-08-17,8,LINGERIE,Quito,Pichincha,D,8,0,20.87318882291012
2017-08-17,8,"LIQUOR,WINE,BEER",Quito,Pichincha,D,8,0,150.33860779559774
2017-08-17,8,MAGAZINES,Quito,Pichincha,D,8,0,14.188191041998019
2017-08-17,8,MEATS,Quito,Pichincha,D,8,0,361.60489518012673
2017-08-17,8,PERSONAL CARE,Quito,Pichincha,D,8,0,254.55043736681552
2017-08-17,8,PET SUPPLIES,Quito,Pichincha,D,8,0,13.386192736476252
2017-08-17,8,PLAYERS AND ELECTRONICS,Quito,Pichincha,D,8,0,14.544481774746037
2017-08-17,8,POULTRY,Quito,Pichincha,D,8,0,453.8922509030855
2017-08-17,8,PREPARED FOODS,Quito,Pichincha,D,8,0,125.1591870300335
2017-08-17,8,PRODUCE,Quito,Pichincha,D,8,0,3301.5013977730086
2017-08-17,8,SCHOOL AND OFFICE SUPPLIES,Quito,Pichincha,D,8,0,0.2739001674335873
2017-08-17,8,SEAFOOD,Quito,Pichincha,D,8,0,24.929076781788478
2017-08-17,9,AUTOMOTIVE,Quito,Pichincha,B,6,0,9.283775910364279
2017-08-17,9,BABY CARE,Quito,Pichincha,B,6,0,0.0
2017-08-17,9,BEAUTY,Quito,Pichincha,B,6,0,4.455255539935838
2017-08-17,9,BEVERAGES,Quito,Pichincha,B,6,0,2730.9952262950433
2017-08-17,9,BOOKS,Quito,Pichincha,B,6,0,0.0
2017-08-17,9,BREAD/BAKERY,Quito,Pichincha,B,6,0,386.6391227977407
2017-08-17,9,CELEBRATION,Quito,Pichincha,B,6,0,10.153105579236003
2017-08-17,9,CLEANING,Quito,Pichincha,B,6,0,1189.3011213043733
2017-08-17,9,DAIRY,Quito,Pichincha,B,6,0,633.929197296909
2017-08-17,9,DELI,Quito,Pichincha,B,6,0,420.4387649036448
2017-08-17,9,EGGS,Quito,Pichincha,B,6,0,146.7219655768141
2017-08-17,9,FROZEN FOODS,Quito,Pichincha,B,6,0,106.81276596723387
2017-08-17,9,GROCERY I,Quito,Pichincha,B,6,0,5248.019336083888
2017-08-17,9,GROCERY II,Quito,Pichincha,B,6,0,6.78867774959911
2017-08-17,9,HARDWARE,Quito,Pichincha,B,6,0,0.31749389515857934
2017-08-17,9,HOME AND KITCHEN I,Quito,Pichincha,B,6,0,42.98802104648774
2017-08-17,9,HOME AND KITCHEN II,Quito,Pichincha,B,6,0,36.35867487669253
2017-08-17,9,HOME APPLIANCES,Quito,Pichincha,B,6,0,0.0
2017-08-17,9,HOME CARE,Quito,Pichincha,B,6,0,341.94931759703354
2017-08-17,9,LADIESWEAR,Quito,Pichincha,B,6,0,3.0355155642593203
2017-08-17,9,LAWN AND GARDEN,Quito,Pichincha,B,6,0,3.343212847993944
2017-08-17,9,LINGERIE,Quito,Pichincha,B,6,0,4.473338036408959
2017-08-17,9,"LIQUOR,WINE,BEER",Quito,Pichincha,B,6,0,48.51848195783836
2017-08-17,9,MAGAZINES,Quito,Pichincha,B,6,0,2.6618645051484107
2017-08-17,9,MEATS,Quito,Pichincha,B,6,0,414.33836777549516
2017-08-17,9,PERSONAL CARE,Quito,Pichincha,B,6,0,367.3562177103546
2017-08-17,9,PET SUPPLIES,Quito,Pichincha,B,6,0,2.877886774220875
2017-08-17,9,PLAYERS AND ELECTRONICS,Quito,Pichincha,B,6,0,3.1614301091536445
2017-08-17,9,POULTRY,Quito,Pichincha,B,6,0,349.15621997585873
2017-08-17,9,PREPARED FOODS,Quito,Pichincha,B,6,0,100.2113249826736
2017-08-17,9,PRODUCE,Quito,Pichincha,B,6,0,1139.5680614644364
2017-08-17,9,SCHOOL AND OFFICE SUPPLIES,Quito,Pichincha,B,6,0,122.47786039535507
2017-08-17,9,SEAFOOD,Quito,Pichincha,B,6,0,13.714003810977625
2017-08-17,10,AUTOMOTIVE,Quito,Pichincha,C,15,0,1.2075013439422178
2017-08-17,10,BABY CARE,Quito,Pichincha,C,15,0,0.0
2017-08-17,10,BEAUTY,Quito,Pichincha,C,15,0,1.238238238336512
2017-08-17,10,BEVERAGES,Quito,Pichincha,C,15,0,1395.5713999042316
2017-08-17,10,BOOKS,Quito,Pichincha,C,15,0,0.0
2017-08-17,10,BREAD/BAKERY,Quito,Pichincha,C,15,0,80.83439355315058
2017-08-17,10,CELEBRATION,Quito,Pichincha,C,15,0,2.051228434187644
2017-08-17,10,CLEANING,Quito,Pichincha,C,15,0,631.7424405194183
2017-08-17,10,DAIRY,Quito,Pichincha,C,15,0,270.92126162349274
2017-08-17,10,DELI,Quito,Pichincha,C,15,0,209.6551332055555
2017-08-17,10,EGGS,Quito,Pichincha,C,15,0,28.461749701031277
2017-08-17,10,FROZEN FOODS,Quito,Pichincha,C,15,0,28.217427616779858
2017-08-17,10,GROCERY I,Quito,Pichincha,C,15,0,2387.998185809806
2017-08-17,10,GROCERY II,Quito,Pichincha,C,15,0,3.304437894318474
2017-08-17,10,HARDWARE,Quito,Pichincha,C,15,0,0.0
2017-08-17,10,HOME AND KITCHEN I,Quito,Pichincha,C,15,0,4.70040331426381
2017-08-17,10,HOME AND KITCHEN II,Quito,Pichincha,C,15,0,5.29573439283623
2017-08-17,10,HOME APPLIANCES,Quito,Pichincha,C,15,0,0.0
2017-08-17,10,HOME CARE,Quito,Pichincha,C,15,0,137.37435474758374
2017-08-17,10,LADIESWEAR,Quito,Pichincha,C,15,0,2.9393646010914756
2017-08-17,10,LAWN AND GARDEN,Quito,Pichincha,C,15,0,0.29360227283038787
2017-08-17,10,LINGERIE,Quito,Pichincha,C,15,0,1.2075013439422178
2017-08-17,10,"LIQUOR,WINE,BEER",Quito,Pichincha,C,15,0,15.301083973402024
2017-08-17,10,MAGAZINES,Quito,Pichincha,C,15,0,0.21713550692155487
2017-08-17,10,MEATS,Quito,Pichincha,C,15,0,202.78314713545595
2017-08-17,10,PERSONAL CARE,Quito,Pichincha,C,15,0,135.85548930681523
2017-08-17,10,PET SUPPLIES,Quito,Pichincha,C,15,0,0.40199112441314044
2017-08-17,10,PLAYERS AND ELECTRONICS,Quito,Pichincha,C,15,0,1.4939199663961453
2017-08-17,10,POULTRY,Quito,Pichincha,C,15,0,120.78088995567539
2017-08-17,10,PREPARED FOODS,Quito,Pichincha,C,15,0,25.932839238250967
2017-08-17,10,PRODUCE,Quito,Pichincha,C,15,0,205.0900599435629
2017-08-17,10,SCHOOL AND OFFICE SUPPLIES,Quito,Pichincha,C,15,0,3.036301825542453
2017-08-17,10,SEAFOOD,Quito,Pichincha,C,15,0,1.9149597934494496
2017-08-17,11,AUTOMOTIVE,Cayambe,Pichincha,B,6,0,3.4467327664052556
2017-08-17,11,BABY CARE,Cayambe,Pichincha,B,6,0,0.0
2017-08-17,11,BEAUTY,Cayambe,Pichincha,B,6,0,2.3138292000726164
2017-08-17,11,BEVERAGES,Cayambe,Pichincha,B,6,0,3913.4383374833737
2017-08-17,11,BOOKS,Cayambe,Pichincha,B,6,0,0.0
2017-08-17,11,BREAD/BAKERY,Cayambe,Pichincha,B,6,0,733.7819711616523
2017-08-17,11,CELEBRATION,Cayambe,Pichincha,B,6,0,12.379274143579417
2017-08-17,11,CLEANING,Cayambe,Pichincha,B,6,0,1571.7789281177722
2017-08-17,11,DAIRY,Cayambe,Pichincha,B,6,0,558.7104205779467
2017-08-17,11,DELI,Cayambe,Pichincha,B,6,0,397.34676856036367
2017-08-17,11,EGGS,Cayambe,Pichincha,B,6,0,216.8747798858935
2017-08-17,11,FROZEN FOODS,Cayambe,Pichincha,B,6,0,81.4554118531651
2017-08-17,11,GROCERY I,Cayambe,Pichincha,B,6,0,6803.834127398593
2017-08-17,11,GROCERY II,Cayambe,Pichincha,B,6,0,28.945289715977474
2017-08-17,11,HARDWARE,Cayambe,Pichincha,B,6,0,0.17266162408994784
2017-08-17,11,HOME AND KITCHEN I,Cayambe,Pichincha,B,6,0,23.00865756759421
2017-08-17,11,HOME AND KITCHEN II,Cayambe,Pichincha,B,6,0,11.81746432519037
2017-08-17,11,HOME APPLIANCES,Cayambe,Pichincha,B,6,0,0.0
2017-08-17,11,HOME CARE,Cayambe,Pichincha,B,6,0,416.79401682949333
2017-08-17,11,LADIESWEAR,Cayambe,Pichincha,B,6,0,4.389619827107619
2017-08-17,11,LAWN AND GARDEN,Cayambe,Pichincha,B,6,0,2.105686728790878
2017-08-17,11,LINGERIE,Cayambe,Pichincha,B,6,0,4.918677015324789
2017-08-17,11,"LIQUOR,WINE,BEER",Cayambe,Pichincha,B,6,0,32.18374818220538
2017-08-17,11,MAGAZINES,Cayambe,Pichincha,B,6,0,1.2631600248662123
2017-08-17,11,MEATS,Cayambe,Pichincha,B,6,0,702.8065141473189
2017-08-17,11,PERSONAL CARE,Cayambe,Pichincha,B,6,0,342.2630312994947
2017-08-17,11,PET SUPPLIES,Cayambe,Pichincha,B,6,0,1.0957465535823738
2017-08-17,11,PLAYERS AND ELECTRONICS,Cayambe,Pichincha,B,6,0,12.46730087494686
2017-08-17,11,POULTRY,Cayambe,Pichincha,B,6,0,337.46613909001127
2017-08-17,11,PREPARED FOODS,Cayambe,Pichincha,B,6,0,110.64449332664674
2017-08-17,11,PRODUCE,Cayambe,Pichincha,B,6,0,1194.5029878851465
2017-08-17,11,SCHOOL AND OFFICE SUPPLIES,Cayambe,Pichincha,B,6,0,21.126228672235477
2017-08-17,11,SEAFOOD,Cayambe,Pichincha,B,6,0,3.4467327664052556
2017-08-17,12,AUTOMOTIVE,Latacunga,Cotopaxi,C,15,0,3.6992125599681507
2017-08-17,12,BABY CARE,Latacunga,Cotopaxi,C,15,0,0.0
2017-08-17,12,BEAUTY,Latacunga,Cotopaxi,C,15,0,1.6162488231174932
2017-08-17,12,BEVERAGES,Latacunga,Cotopaxi,C,15,0,1361.9176053471367
2017-08-17,12,BOOKS,Latacunga,Cotopaxi,C,15,0,0.0
2017-08-17,12,BREAD/BAKERY,Latacunga,Cotopaxi,C,15,0,161.11164002808073
2017-08-17,12,CELEBRATION,Latacunga,Cotopaxi,C,15,0,13.436669312336958
2017-08-17,12,CLEANING,Latacunga,Cotopaxi,C,15,0,776.9042219366507
2017-08-17,12,DAIRY,Latacunga,Cotopaxi,C,15,0,348.0264393319808
2017-08-17,12,DELI,Latacunga,Cotopaxi,C,15,0,173.33783807404757
2017-08-17,12,EGGS,Latacunga,Cotopaxi,C,15,0,74.3751353491636
2017-08-17,12,FROZEN FOODS,Latacunga,Cotopaxi,C,15,0,29.423839206845766
2017-08-17,12,GROCERY I,Latacunga,Cotopaxi,C,15,0,2375.2633700886367
2017-08-17,12,GROCERY II,Latacunga,Cotopaxi,C,15,0,4.5597786459139735
2017-08-17,12,HARDWARE,Latacunga,Cotopaxi,C,15,0,0.2517645127834064
2017-08-17,12,HOME AND KITCHEN I,Latacunga,Cotopaxi,C,15,0,10.182035260148005
2017-08-17,12,HOME AND KITCHEN II,Latacunga,Cotopaxi,C,15,0,15.913247821651558
2017-08-17,12,HOME APPLIANCES,Latacunga,Cotopaxi,C,15,0,0.0
2017-08-17,12,HOME CARE,Latacunga,Cotopaxi,C,15,0,134.8988148639227
2017-08-17,12,LADIESWEAR,Latacunga,Cotopaxi,C,15,0,3.84682308832233
2017-08-17,12,LAWN AND GARDEN,Latacunga,Cotopaxi,C,15,0,0.7971499133818415
2017-08-17,12,LINGERIE,Latacunga,Cotopaxi,C,15,0,2.4303603497649418
2017-08-17,12,"LIQUOR,WINE,BEER",Latacunga,Cotopaxi,C,15,0,35.621570838174584
2017-08-17,12,MAGAZINES,Latacunga,Cotopaxi,C,15,0,1.7792135227656085
2017-08-17,12,MEATS,Latacunga,Cotopaxi,C,15,0,153.59356797845052
2017-08-17,12,PERSONAL CARE,Latacunga,Cotopaxi,C,15,0,148.48950462478143
2017-08-17,12,PET SUPPLIES,Latacunga,Cotopaxi,C,15,0,1.4128009219993554
2017-08-17,12,PLAYERS AND ELECTRONICS,Latacunga,Cotopaxi,C,15,0,4.2960230253382585
2017-08-17,12,POULTRY,Latacunga,Cotopaxi,C,15,0,145.2796753798297
2017-08-17,12,PREPARED FOODS,Latacunga,Cotopaxi,C,15,0,35.19610711456065
2017-08-17,12,PRODUCE,Latacunga,Cotopaxi,C,15,0,327.6529775851258
2017-08-17,12,SCHOOL AND OFFICE SUPPLIES,Latacunga,Cotopaxi,C,15,0,4.649437397168579
2017-08-17,12,SEAFOOD,Latacunga,Cotopaxi,C,15,0,1.8866352787386755
2017-08-17,13,AUTOMOTIVE,Latacunga,Cotopaxi,C,15,0,2.836695449256692
2017-08-17,13,BABY CARE,Latacunga,Cotopaxi,C,15,0,0.0
2017-08-17,13,BEAUTY,Latacunga,Cotopaxi,C,15,0,2.1730060146018957
2017-08-17,13,BEVERAGES,Latacunga,Cotopaxi,C,15,0,1240.829656025146
2017-08-17,13,BOOKS,Latacunga,Cotopaxi,C,15,0,0.0
2017-08-17,13,BREAD/BAKERY,Latacunga,Cotopaxi,C,15,0,90.3286638766047
2017-08-17,13,CELEBRATION,Latacunga,Cotopaxi,C,15,0,4.375142046576877
2017-08-17,13,CLEANING,Latacunga,Cotopaxi,C,15,0,592.1536245967634
2017-08-17,13,DAIRY,Latacunga,Cotopaxi,C,15,0,235.7058559877735
2017-08-17,13,DELI,Latacunga,Cotopaxi,C,15,0,119.0753757999174
2017-08-17,13,EGGS,Latacunga,Cotopaxi,C,15,0,26.316074797552428
2017-08-17,13,FROZEN FOODS,Latacunga,Cotopaxi,C,15,0,24.219850175806773
2017-08-17,13,GROCERY I,Latacunga,Cotopaxi,C,15,0,2345.1934507122264
2017-08-17,13,GROCERY II,Latacunga,Cotopaxi,C,15,0,7.777272561611624
2017-08-17,13,HARDWARE,Latacunga,Cotopaxi,C,15,0,0.2517645127834064
2017-08-17,13,HOME AND KITCHEN I,Latacunga,Cotopaxi,C,15,0,10.182035260148005
2017-08-17,13,HOME AND KITCHEN II,Latacunga,Cotopaxi,C,15,0,5.966928464765107
2017-08-17,13,HOME APPLIANCES,Latacunga,Cotopaxi,C,15,0,0.0
2017-08-17,13,HOME CARE,Latacunga,Cotopaxi,C,15,0,119.91857730340953
2017-08-17,13,LADIESWEAR,Latacunga,Cotopaxi,C,15,0,1.47492981546906
2017-08-17,13,LAWN AND GARDEN,Latacunga,Cotopaxi,C,15,0,0.7971499133818415
2017-08-17,13,LINGERIE,Latacunga,Cotopaxi,C,15,0,1.7469748261556657
2017-08-17,13,"LIQUOR,WINE,BEER",Latacunga,Cotopaxi,C,15,0,40.98925580962372
2017-08-17,13,MAGAZINES,Latacunga,Cotopaxi,C,15,0,0.9967698582340879
2017-08-17,13,MEATS,Latacunga,Cotopaxi,C,15,0,153.24985182599212
2017-08-17,13,PERSONAL CARE,Latacunga,Cotopaxi,C,15,0,147.49276669470802
2017-08-17,13,PET SUPPLIES,Latacunga,Cotopaxi,C,15,0,0.7934305452882605
2017-08-17,13,PLAYERS AND ELECTRONICS,Latacunga,Cotopaxi,C,15,0,3.3885909535500147
2017-08-17,13,POULTRY,Latacunga,Cotopaxi,C,15,0,91.67297331659876
2017-08-17,13,PREPARED FOODS,Latacunga,Cotopaxi,C,15,0,16.318455027218164
2017-08-17,13,PRODUCE,Latacunga,Cotopaxi,C,15,0,177.15935343042418
2017-08-17,13,SCHOOL AND OFFICE SUPPLIES,Latacunga,Cotopaxi,C,15,0,5.422423243648979
2017-08-17,13,SEAFOOD,Latacunga,Cotopaxi,C,15,0,1.479873538219992
2017-08-17,14,AUTOMOTIVE,Riobamba,Chimborazo,C,7,0,3.068734169877159
2017-08-17,14,BABY CARE,Riobamba,Chimborazo,C,7,0,0.522342228720614
2017-08-17,14,BEAUTY,Riobamba,Chimborazo,C,7,0,1.6131271945862096
2017-08-17,14,BEVERAGES,Riobamba,Chimborazo,C,7,0,1393.9450589539063
2017-08-17,14,BOOKS,Riobamba,Chimborazo,C,7,0,0.522342228720614
2017-08-17,14,BREAD/BAKERY,Riobamba,Chimborazo,C,7,0,145.51080626392437
2017-08-17,14,CELEBRATION,Riobamba,Chimborazo,C,7,0,9.421253619511052
2017-08-17,14,CLEANING,Riobamba,Chimborazo,C,7,0,836.5319386363221
2017-08-17,14,DAIRY,Riobamba,Chimborazo,C,7,0,332.585167267102
2017-08-17,14,DELI,Riobamba,Chimborazo,C,7,0,232.1161967034566
2017-08-17,14,EGGS,Riobamba,Chimborazo,C,7,0,33.78970788634682
2017-08-17,14,FROZEN FOODS,Riobamba,Chimborazo,C,7,0,30.570494793035653
2017-08-17,14,GROCERY I,Riobamba,Chimborazo,C,7,0,2572.0485289442036
2017-08-17,14,GROCERY II,Riobamba,Chimborazo,C,7,0,3.6769962966749423
2017-08-17,14,HARDWARE,Riobamba,Chimborazo,C,7,0,0.5197290750658653
2017-08-17,14,HOME AND KITCHEN I,Riobamba,Chimborazo,C,7,0,4.342358748781375
2017-08-17,14,HOME AND KITCHEN II,Riobamba,Chimborazo,C,7,0,15.489875448965371
2017-08-17,14,HOME APPLIANCES,Riobamba,Chimborazo,C,7,0,0.49555712051752593
2017-08-17,14,HOME CARE,Riobamba,Chimborazo,C,7,0,154.47846604808498
2017-08-17,14,LADIESWEAR,Riobamba,Chimborazo,C,7,0,1.6072188280465804
2017-08-17,14,LAWN AND GARDEN,Riobamba,Chimborazo,C,7,0,1.0651144756643014
2017-08-17,14,LINGERIE,Riobamba,Chimborazo,C,7,0,2.8900442693227792
2017-08-17,14,"LIQUOR,WINE,BEER",Riobamba,Chimborazo,C,7,0,17.561727623614196
2017-08-17,14,MAGAZINES,Riobamba,Chimborazo,C,7,0,2.3578819984303307
2017-08-17,14,MEATS,Riobamba,Chimborazo,C,7,0,268.61635855720283
2017-08-17,14,PERSONAL CARE,Riobamba,Chimborazo,C,7,0,218.9623306814218
2017-08-17,14,PET SUPPLIES,Riobamba,Chimborazo,C,7,0,1.4495900380081341
2017-08-17,14,PLAYERS AND ELECTRONICS,Riobamba,Chimborazo,C,7,0,4.776975609014927
2017-08-17,14,POULTRY,Riobamba,Chimborazo,C,7,0,87.04673390409432
2017-08-17,14,PREPARED FOODS,Riobamba,Chimborazo,C,7,0,96.53597769397223
2017-08-17,14,PRODUCE,Riobamba,Chimborazo,C,7,0,353.399208273182
2017-08-17,14,SCHOOL AND OFFICE SUPPLIES,Riobamba,Chimborazo,C,7,0,3.2223804333611348
2017-08-17,14,SEAFOOD,Riobamba,Chimborazo,C,7,0,3.671260243394022
2017-08-17,15,AUTOMOTIVE,Ibarra,Imbabura,C,15,0,3.5231438947181037
2017-08-17,15,BABY CARE,Ibarra,Imbabura,C,15,0,0.6597110045904683
2017-08-17,15,BEAUTY,Ibarra,Imbabura,C,15,0,2.944490306427586
2017-08-17,15,BEVERAGES,Ibarra,Imbabura,C,15,0,1597.1538274675222
2017-08-17,15,BOOKS,Ibarra,Imbabura,C,15,0,0.0
2017-08-17,15,BREAD/BAKERY,Ibarra,Imbabura,C,15,0,143.24619709346106
2017-08-17,15,CELEBRATION,Ibarra,Imbabura,C,15,0,3.6831364936117788
2017-08-17,15,CLEANING,Ibarra,Imbabura,C,15,0,873.547754970789
2017-08-17,15,DAIRY,Ibarra,Imbabura,C,15,0,308.5552387729388
2017-08-17,15,DELI,Ibarra,Imbabura,C,15,0,238.35149434675793
2017-08-17,15,EGGS,Ibarra,Imbabura,C,15,0,97.60975929523188
2017-08-17,15,FROZEN FOODS,Ibarra,Imbabura,C,15,0,51.462376396407194
2017-08-17,15,GROCERY I,Ibarra,Imbabura,C,15,0,2488.3941369482377
2017-08-17,15,GROCERY II,Ibarra,Imbabura,C,15,0,4.383709980663927
2017-08-17,15,HARDWARE,Ibarra,Imbabura,C,15,0,0.7927734006406585
2017-08-17,15,HOME AND KITCHEN I,Ibarra,Imbabura,C,15,0,8.139579333427692
2017-08-17,15,HOME AND KITCHEN II,Ibarra,Imbabura,C,15,0,11.706527387104424
2017-08-17,15,HOME APPLIANCES,Ibarra,Imbabura,C,15,0,0.0
2017-08-17,15,HOME CARE,Ibarra,Imbabura,C,15,0,183.45886848696466
2017-08-17,15,LADIESWEAR,Ibarra,Imbabura,C,15,0,3.6784415011188214
2017-08-17,15,LAWN AND GARDEN,Ibarra,Imbabura,C,15,0,0.9169981269883837
2017-08-17,15,LINGERIE,Ibarra,Imbabura,C,15,0,2.920617821201241
2017-08-17,15,"LIQUOR,WINE,BEER",Ibarra,Imbabura,C,15,0,20.486133779501603
2017-08-17,15,MAGAZINES,Ibarra,Imbabura,C,15,0,1.6354880320356489
2017-08-17,15,MEATS,Ibarra,Imbabura,C,15,0,135.43073998256398
2017-08-17,15,PERSONAL CARE,Ibarra,Imbabura,C,15,0,157.68383146331666
2017-08-17,15,PET SUPPLIES,Ibarra,Imbabura,C,15,0,1.437149239037156
2017-08-17,15,PLAYERS AND ELECTRONICS,Ibarra,Imbabura,C,15,0,3.4725133254945635
2017-08-17,15,POULTRY,Ibarra,Imbabura,C,15,0,111.24278452694614
2017-08-17,15,PREPARED FOODS,Ibarra,Imbabura,C,15,0,38.009135357376415
2017-08-17,15,PRODUCE,Ibarra,Imbabura,C,15,0,537.4367340876
2017-08-17,15,SCHOOL AND OFFICE SUPPLIES,Ibarra,Imbabura,C,15,0,4.371467284378985
2017-08-17,15,SEAFOOD,Ibarra,Imbabura,C,15,0,2.849986641075389
2017-08-17,16,AUTOMOTIVE,Santo Domingo,Santo Domingo de los Tsachilas,C,3,0,1.96504901714569
2017-08-17,16,BABY CARE,Santo Domingo,Santo Domingo de los Tsachilas,C,3,0,0.0
2017-08-17,16,BEAUTY,Santo Domingo,Santo Domingo de los Tsachilas,C,3,0,0.2600535465830615
2017-08-17,16,BEVERAGES,Santo Domingo,Santo Domingo de los Tsachilas,C,3,0,1214.5356153284538
2017-08-17,16,BOOKS,Santo Domingo,Santo Domingo de los Tsachilas,C,3,0,0.0
2017-08-17,16,BREAD/BAKERY,Santo Domingo,Santo Domingo de los Tsachilas,C,3,0,119.19737608507585
2017-08-17,16,CELEBRATION,Santo Domingo,Santo Domingo de los Tsachilas,C,3,0,2.5960635426776264
2017-08-17,16,CLEANING,Santo Domingo,Santo Domingo de los Tsachilas,C,3,0,718.7116895345558
2017-08-17,16,DAIRY,Santo Domingo,Santo Domingo de los Tsachilas,C,3,0,215.50389395339394
2017-08-17,16,DELI,Santo Domingo,Santo Domingo de los Tsachilas,C,3,0,127.45081004138778
2017-08-17,16,EGGS,Santo Domingo,Santo Domingo de los Tsachilas,C,3,0,117.94357696464947
2017-08-17,16,FROZEN FOODS,Santo Domingo,Santo Domingo de los Tsachilas,C,3,0,24.312476895282348
2017-08-17,16,GROCERY I,Santo Domingo,Santo Domingo de los Tsachilas,C,3,0,1697.1458776310747
2017-08-17,16,GROCERY II,Santo Domingo,Santo Domingo de los Tsachilas,C,3,0,3.20223427828595
2017-08-17,16,HARDWARE,Santo Domingo,Santo Domingo de los Tsachilas,C,3,0,0.0
2017-08-17,16,HOME AND KITCHEN I,Santo Domingo,Santo Domingo de los Tsachilas,C,3,0,8.735171353126539
2017-08-17,16,HOME AND KITCHEN II,Santo Domingo,Santo Domingo de los Tsachilas,C,3,0,13.61828014639014
2017-08-17,16,HOME APPLIANCES,Santo Domingo,Santo Domingo de los Tsachilas,C,3,0,0.0
2017-08-17,16,HOME CARE,Santo Domingo,Santo Domingo de los Tsachilas,C,3,0,125.95101175084963
2017-08-17,16,LADIESWEAR,Santo Domingo,Santo Domingo de los Tsachilas,C,3,0,0.21644382487893554
2017-08-17,16,LAWN AND GARDEN,Santo Domingo,Santo Domingo de los Tsachilas,C,3,0,0.23591130780350822
2017-08-17,16,LINGERIE,Santo Domingo,Santo Domingo de los Tsachilas,C,3,0,1.75043327492931
2017-08-17,16,"LIQUOR,WINE,BEER",Santo Domingo,Santo Domingo de los Tsachilas,C,3,0,20.740941614220986
2017-08-17,16,MAGAZINES,Santo Domingo,Santo Domingo de los Tsachilas,C,3,0,0.5027282078446891
2017-08-17,16,MEATS,Santo Domingo,Santo Domingo de los Tsachilas,C,3,0,44.277724272347996
2017-08-17,16,PERSONAL CARE,Santo Domingo,Santo Domingo de los Tsachilas,C,3,0,104.66944069018268
2017-08-17,16,PET SUPPLIES,Santo Domingo,Santo Domingo de los Tsachilas,C,3,0,0.3443001593862599
2017-08-17,16,PLAYERS AND ELECTRONICS,Santo Domingo,Santo Domingo de los Tsachilas,C,3,0,1.2972777256900052
2017-08-17,16,POULTRY,Santo Domingo,Santo Domingo de los Tsachilas,C,3,0,61.37751562362082
2017-08-17,16,PREPARED FOODS,Santo Domingo,Santo Domingo de los Tsachilas,C,3,0,25.07096867616965
2017-08-17,16,PRODUCE,Santo Domingo,Santo Domingo de los Tsachilas,C,3,0,380.96112707403375
2017-08-17,16,SCHOOL AND OFFICE SUPPLIES,Santo Domingo,Santo Domingo de los Tsachilas,C,3,0,0.0
2017-08-17,16,SEAFOOD,Santo Domingo,Santo Domingo de los Tsachilas,C,3,0,1.0543104823465959
2017-08-17,17,AUTOMOTIVE,Quito,Pichincha,C,12,0,3.0280184880392733
2017-08-17,17,BABY CARE,Quito,Pichincha,C,12,0,0.0
2017-08-17,17,BEAUTY,Quito,Pichincha,C,12,0,1.238238238336512
2017-08-17,17,BEVERAGES,Quito,Pichincha,C,12,0,2527.4750989580907
2017-08-17,17,BOOKS,Quito,Pichincha,C,12,0,0.0
2017-08-17,17,BREAD/BAKERY,Quito,Pichincha,C,12,0,262.61375064077436
2017-08-17,17,CELEBRATION,Quito,Pichincha,C,12,0,4.440524242542364
2017-08-17,17,CLEANING,Quito,Pichincha,C,12,0,889.0204671910698
2017-08-17,17,DAIRY,Quito,Pichincha,C,12,0,613.6413562378923
2017-08-17,17,DELI,Quito,Pichincha,C,12,0,383.17589897478086
2017-08-17,17,EGGS,Quito,Pichincha,C,12,0,157.16969420375224
2017-08-17,17,FROZEN FOODS,Quito,Pichincha,C,12,0,85.88709554794306
2017-08-17,17,GROCERY I,Quito,Pichincha,C,12,0,3574.891216621398
2017-08-17,17,GROCERY II,Quito,Pichincha,C,12,0,8.990016976758442
2017-08-17,17,HARDWARE,Quito,Pichincha,C,12,0,0.1693775464826619
2017-08-17,17,HOME AND KITCHEN I,Quito,Pichincha,C,12,0,20.98493437612867
2017-08-17,17,HOME AND KITCHEN II,Quito,Pichincha,C,12,0,17.723660458547304
2017-08-17,17,HOME APPLIANCES,Quito,Pichincha,C,12,0,0.0
2017-08-17,17,HOME CARE,Quito,Pichincha,C,12,0,230.1253458141198
2017-08-17,17,LADIESWEAR,Quito,Pichincha,C,12,0,0.2741347899058152
2017-08-17,17,LAWN AND GARDEN,Quito,Pichincha,C,12,0,0.29360227283038787
2017-08-17,17,LINGERIE,Quito,Pichincha,C,12,0,4.987625141796969
2017-08-17,17,"LIQUOR,WINE,BEER",Quito,Pichincha,C,12,0,43.54792189348605
2017-08-17,17,MAGAZINES,Quito,Pichincha,C,12,0,2.277997217272482
2017-08-17,17,MEATS,Quito,Pichincha,C,12,0,270.79106928517325
2017-08-17,17,PERSONAL CARE,Quito,Pichincha,C,12,0,209.9794858782501
2017-08-17,17,PET SUPPLIES,Quito,Pichincha,C,12,0,1.071425355784116
2017-08-17,17,PLAYERS AND ELECTRONICS,Quito,Pichincha,C,12,0,3.6248289534093985
2017-08-17,17,POULTRY,Quito,Pichincha,C,12,0,288.494434217637
2017-08-17,17,PREPARED FOODS,Quito,Pichincha,C,12,0,50.4825445539059
2017-08-17,17,PRODUCE,Quito,Pichincha,C,12,0,1024.8969332103502
2017-08-17,17,SCHOOL AND OFFICE SUPPLIES,Quito,Pichincha,C,12,0,19.86495606070841
2017-08-17,17,SEAFOOD,Quito,Pichincha,C,12,0,7.255095622680137
2017-08-17,18,AUTOMOTIVE,Quito,Pichincha,B,16,0,1.759166277836066
2017-08-17,18,BABY CARE,Quito,Pichincha,B,16,0,0.0
2017-08-17,18,BEAUTY,Quito,Pichincha,B,16,0,1.7523535265513879
2017-08-17,18,BEVERAGES,Quito,Pichincha,B,16,0,1789.2069451298987
2017-08-17,18,BOOKS,Quito,Pichincha,B,16,0,0.0
2017-08-17,18,BREAD/BAKERY,Quito,Pichincha,B,16,0,471.42183730046213
2017-08-17,18,CELEBRATION,Quito,Pichincha,B,16,0,5.473142314568361
2017-08-17,18,CLEANING,Quito,Pichincha,B,16,0,481.6836204580064
2017-08-17,18,DAIRY,Quito,Pichincha,B,16,0,439.8067157133255
2017-08-17,18,DELI,Quito,Pichincha,B,16,0,150.6476550359878
2017-08-17,18,EGGS,Quito,Pichincha,B,16,0,133.51022124501245
2017-08-17,18,FROZEN FOODS,Quito,Pichincha,B,16,0,44.57206040733494
2017-08-17,18,GROCERY I,Quito,Pichincha,B,16,0,2260.43135810627
2017-08-17,18,GROCERY II,Quito,Pichincha,B,16,0,7.827431907815924
2017-08-17,18,HARDWARE,Quito,Pichincha,B,16,0,0.03370199677772227
2017-08-17,18,HOME AND KITCHEN I,Quito,Pichincha,B,16,0,15.765921271799717
2017-08-17,18,HOME AND KITCHEN II,Quito,Pichincha,B,16,0,18.385410213403038
2017-08-17,18,HOME APPLIANCES,Quito,Pichincha,B,16,0,0.0
2017-08-17,18,HOME CARE,Quito,Pichincha,B,16,0,140.34538901405526
2017-08-17,18,LADIESWEAR,Quito,Pichincha,B,16,0,2.887399215583402
2017-08-17,18,LAWN AND GARDEN,Quito,Pichincha,B,16,0,0.6150132390381525
2017-08-17,18,LINGERIE,Quito,Pichincha,B,16,0,1.986814140510574
2017-08-17,18,"LIQUOR,WINE,BEER",Quito,Pichincha,B,16,0,50.881174610992254
2017-08-17,18,MAGAZINES,Quito,Pichincha,B,16,0,1.1376292336481253
2017-08-17,18,MEATS,Quito,Pichincha,B,16,0,125.52060637028197
2017-08-17,18,PERSONAL CARE,Quito,Pichincha,B,16,0,114.09172138173318
2017-08-17,18,PET SUPPLIES,Quito,Pichincha,B,16,0,1.3543611935538977
2017-08-17,18,PLAYERS AND ELECTRONICS,Quito,Pichincha,B,16,0,2.977387918815732
2017-08-17,18,POULTRY,Quito,Pichincha,B,16,0,131.4976050963366
2017-08-17,18,PREPARED FOODS,Quito,Pichincha,B,16,0,45.986063933404296
2017-08-17,18,PRODUCE,Quito,Pichincha,B,16,0,1151.5799443476785
2017-08-17,18,SCHOOL AND OFFICE SUPPLIES,Quito,Pichincha,B,16,0,37.427255066703204
2017-08-17,18,SEAFOOD,Quito,Pichincha,B,16,0,9.94057493688302
2017-08-17,19,AUTOMOTIVE,Guaranda,Bolivar,C,15,0,3.0793422431370545
2017-08-17,19,BABY CARE,Guaranda,Bolivar,C,15,0,0.16093614753716856
2017-08-17,19,BEAUTY,Guaranda,Bolivar,C,15,0,1.8490525766273842
2017-08-17,19,BEVERAGES,Guaranda,Bolivar,C,15,0,2046.437356238997
2017-08-17,19,BOOKS,Guaranda,Bolivar,C,15,0,0.0
2017-08-17,19,BREAD/BAKERY,Guaranda,Bolivar,C,15,0,137.6417587743868
2017-08-17,19,CELEBRATION,Guaranda,Bolivar,C,15,0,4.339418409412419
2017-08-17,19,CLEANING,Guaranda,Bolivar,C,15,0,681.3508661067615
2017-08-17,19,DAIRY,Guaranda,Bolivar,C,15,0,280.8468990365965
2017-08-17,19,DELI,Guaranda,Bolivar,C,15,0,224.962464248006
2017-08-17,19,EGGS,Guaranda,Bolivar,C,15,0,45.05070320009824
2017-08-17,19,FROZEN FOODS,Guaranda,Bolivar,C,15,0,34.52503682963804
2017-08-17,19,GROCERY I,Guaranda,Bolivar,C,15,0,2516.595717092433
2017-08-17,19,GROCERY II,Guaranda,Bolivar,C,15,0,7.210879312047934
2017-08-17,19,HARDWARE,Guaranda,Bolivar,C,15,0,0.516618180437031
2017-08-17,19,HOME AND KITCHEN I,Guaranda,Bolivar,C,15,0,9.8580818221735
2017-08-17,19,HOME AND KITCHEN II,Guaranda,Bolivar,C,15,0,7.712419905749817
2017-08-17,19,HOME APPLIANCES,Guaranda,Bolivar,C,15,0,0.07128555163798231
2017-08-17,19,HOME CARE,Guaranda,Bolivar,C,15,0,128.90489365913433
2017-08-17,19,LADIESWEAR,Guaranda,Bolivar,C,15,0,3.810229200807452
2017-08-17,19,LAWN AND GARDEN,Guaranda,Bolivar,C,15,0,0.640842906784758
2017-08-17,19,LINGERIE,Guaranda,Bolivar,C,15,0,2.4768161696201916
2017-08-17,19,"LIQUOR,WINE,BEER",Guaranda,Bolivar,C,15,0,31.023912256723158
2017-08-17,19,MAGAZINES,Guaranda,Bolivar,C,15,0,2.1058207093106227
2017-08-17,19,MEATS,Guaranda,Bolivar,C,15,0,124.84684850569319
2017-08-17,19,PERSONAL CARE,Guaranda,Bolivar,C,15,0,144.21073614132195
2017-08-17,19,PET SUPPLIES,Guaranda,Bolivar,C,15,0,1.2564939154022712
2017-08-17,19,PLAYERS AND ELECTRONICS,Guaranda,Bolivar,C,15,0,3.324628552770103
2017-08-17,19,POULTRY,Guaranda,Bolivar,C,15,0,151.2987136520759
2017-08-17,19,PREPARED FOODS,Guaranda,Bolivar,C,15,0,20.485949513750075
2017-08-17,19,PRODUCE,Guaranda,Bolivar,C,15,0,380.74340039621654
2017-08-17,19,SCHOOL AND OFFICE SUPPLIES,Guaranda,Bolivar,C,15,0,4.788094688785812
2017-08-17,19,SEAFOOD,Guaranda,Bolivar,C,15,0,3.5202140515464797
2017-08-17,20,AUTOMOTIVE,Quito,Pichincha,B,6,0,5.297841250734843
2017-08-17,20,BABY CARE,Quito,Pichincha,B,6,0,0.0
2017-08-17,20,BEAUTY,Quito,Pichincha,B,6,0,1.9004698752273053
2017-08-17,20,BEVERAGES,Quito,Pichincha,B,6,0,3636.946049579948
2017-08-17,20,BOOKS,Quito,Pichincha,B,6,0,0.0
2017-08-17,20,BREAD/BAKERY,Quito,Pichincha,B,6,0,372.7688594962955
2017-08-17,20,CELEBRATION,Quito,Pichincha,B,6,0,3.204623288730267
2017-08-17,20,CLEANING,Quito,Pichincha,B,6,0,1102.9200668733022
2017-08-17,20,DAIRY,Quito,Pichincha,B,6,0,603.2794043535032
2017-08-17,20,DELI,Quito,Pichincha,B,6,0,505.6286509962212
2017-08-17,20,EGGS,Quito,Pichincha,B,6,0,83.418880861909
2017-08-17,20,FROZEN FOODS,Quito,Pichincha,B,6,0,84.69230513430333
2017-08-17,20,GROCERY I,Quito,Pichincha,B,6,0,4910.938284859362
2017-08-17,20,GROCERY II,Quito,Pichincha,B,6,0,9.138133325434357
2017-08-17,20,HARDWARE,Quito,Pichincha,B,6,0,0.06971012577730565
2017-08-17,20,HOME AND KITCHEN I,Quito,Pichincha,B,6,0,13.224358921937704
2017-08-17,20,HOME AND KITCHEN II,Quito,Pichincha,B,6,0,10.198774934674246
2017-08-17,20,HOME APPLIANCES,Quito,Pichincha,B,6,0,0.0
2017-08-17,20,HOME CARE,Quito,Pichincha,B,6,0,270.2824945685518
2017-08-17,20,LADIESWEAR,Quito,Pichincha,B,6,0,0.7077362631275038
2017-08-17,20,LAWN AND GARDEN,Quito,Pichincha,B,6,0,3.6664982401155664
2017-08-17,20,LINGERIE,Quito,Pichincha,B,6,0,2.9398704214132145
2017-08-17,20,"LIQUOR,WINE,BEER",Quito,Pichincha,B,6,0,51.760304265910776
2017-08-17,20,MAGAZINES,Quito,Pichincha,B,6,0,1.2857455823240427
2017-08-17,20,MEATS,Quito,Pichincha,B,6,0,575.6283846005041
2017-08-17,20,PERSONAL CARE,Quito,Pichincha,B,6,0,315.75976266551515
2017-08-17,20,PET SUPPLIES,Quito,Pichincha,B,6,0,1.3760134063736547
2017-08-17,20,PLAYERS AND ELECTRONICS,Quito,Pichincha,B,6,0,4.0252492612333715
2017-08-17,20,POULTRY,Quito,Pichincha,B,6,0,233.7697511185681
2017-08-17,20,PREPARED FOODS,Quito,Pichincha,B,6,0,56.309856930832915
2017-08-17,20,PRODUCE,Quito,Pichincha,B,6,0,767.1886254464104
2017-08-17,20,SCHOOL AND OFFICE SUPPLIES,Quito,Pichincha,B,6,0,63.195056457663924
2017-08-17,20,SEAFOOD,Quito,Pichincha,B,6,0,7.403211971356054
2017-08-17,21,AUTOMOTIVE,Santo Domingo,Santo Domingo de los Tsachilas,B,6,0,6.233611427930899
2017-08-17,21,BABY CARE,Santo Domingo,Santo Domingo de los Tsachilas,B,6,0,0.0
2017-08-17,21,BEAUTY,Santo Domingo,Santo Domingo de los Tsachilas,B,6,0,1.3951630155260057
2017-08-17,21,BEVERAGES,Santo Domingo,Santo Domingo de los Tsachilas,B,6,0,2367.915103458185
2017-08-17,21,BOOKS,Santo Domingo,Santo Domingo de los Tsachilas,B,6,0,0.0
2017-08-17,21,BREAD/BAKERY,Santo Domingo,Santo Domingo de los Tsachilas,B,6,0,323.40902763836647
2017-08-17,21,CELEBRATION,Santo Domingo,Santo Domingo de los Tsachilas,B,6,0,4.620174817193282
2017-08-17,21,CLEANING,Santo Domingo,Santo Domingo de los Tsachilas,B,6,0,933.7711941841283
2017-08-17,21,DAIRY,Santo Domingo,Santo Domingo de los Tsachilas,B,6,0,475.091894380705
2017-08-17,21,DELI,Santo Domingo,Santo Domingo de los Tsachilas,B,6,0,224.4875597845055
2017-08-17,21,EGGS,Santo Domingo,Santo Domingo de los Tsachilas,B,6,0,200.11028705111266
2017-08-17,21,FROZEN FOODS,Santo Domingo,Santo Domingo de los Tsachilas,B,6,0,80.24560806609419
2017-08-17,21,GROCERY I,Santo Domingo,Santo Domingo de los Tsachilas,B,6,0,3022.3587384370826
2017-08-17,21,GROCERY II,Santo Domingo,Santo Domingo de los Tsachilas,B,6,0,8.290565154249762
2017-08-17,21,HARDWARE,Santo Domingo,Santo Domingo de los Tsachilas,B,6,0,0.0
2017-08-17,21,HOME AND KITCHEN I,Santo Domingo,Santo Domingo de los Tsachilas,B,6,0,33.161392416007125
2017-08-17,21,HOME AND KITCHEN II,Santo Domingo,Santo Domingo de los Tsachilas,B,6,0,20.662145433686323
2017-08-17,21,HOME APPLIANCES,Santo Domingo,Santo Domingo de los Tsachilas,B,6,0,0.0
2017-08-17,21,HOME CARE,Santo Domingo,Santo Domingo de los Tsachilas,B,6,0,250.49836458046178
2017-08-17,21,LADIESWEAR,Santo Domingo,Santo Domingo de los Tsachilas,B,6,0,1.7885039030278194
2017-08-17,21,LAWN AND GARDEN,Santo Domingo,Santo Domingo de los Tsachilas,B,6,0,1.3297819393995145
2017-08-17,21,LINGERIE,Santo Domingo,Santo Domingo de los Tsachilas,B,6,0,3.581842715944066
2017-08-17,21,"LIQUOR,WINE,BEER",Santo Domingo,Santo Domingo de los Tsachilas,B,6,0,80.06880321683401
2017-08-17,21,MAGAZINES,Santo Domingo,Santo Domingo de los Tsachilas,B,6,0,1.0974586948556055
2017-08-17,21,MEATS,Santo Domingo,Santo Domingo de los Tsachilas,B,6,0,91.5083255879919
2017-08-17,21,PERSONAL CARE,Santo Domingo,Santo Domingo de los Tsachilas,B,6,0,199.9064990912969
2017-08-17,21,PET SUPPLIES,Santo Domingo,Santo Domingo de los Tsachilas,B,6,0,1.2607443868650239
2017-08-17,21,PLAYERS AND ELECTRONICS,Santo Domingo,Santo Domingo de los Tsachilas,B,6,0,3.5312121467205246
2017-08-17,21,POULTRY,Santo Domingo,Santo Domingo de los Tsachilas,B,6,0,132.21078783306
2017-08-17,21,PREPARED FOODS,Santo Domingo,Santo Domingo de los Tsachilas,B,6,0,139.1741359649981
2017-08-17,21,PRODUCE,Santo Domingo,Santo Domingo de los Tsachilas,B,6,0,904.4084019444812
2017-08-17,21,SCHOOL AND OFFICE SUPPLIES,Santo Domingo,Santo Domingo de los Tsachilas,B,6,0,0.0
2017-08-17,21,SEAFOOD,Santo Domingo,Santo Domingo de los Tsachilas,B,6,0,1.96504901714569
2017-08-17,22,AUTOMOTIVE,Puyo,Pastaza,C,7,0,1.7014753128091804
2017-08-17,22,BABY CARE,Puyo,Pastaza,C,7,0,0.0
2017-08-17,22,BEAUTY,Puyo,Pastaza,C,7,0,1.6587367198625074
2017-08-17,22,BEVERAGES,Puyo,Pastaza,C,7,0,1750.3664612897949
2017-08-17,22,BOOKS,Puyo,Pastaza,C,7,0,0.0
2017-08-17,22,BREAD/BAKERY,Puyo,Pastaza,C,7,0,112.30882643496548
2017-08-17,22,CELEBRATION,Puyo,Pastaza,C,7,0,2.8919804215342158
2017-08-17,22,CLEANING,Puyo,Pastaza,C,7,0,685.6262694845032
2017-08-17,22,DAIRY,Puyo,Pastaza,C,7,0,275.7068333128693
2017-08-17,22,DELI,Puyo,Pastaza,C,7,0,123.09541958665297
2017-08-17,22,EGGS,Puyo,Pastaza,C,7,0,41.23406527251807
2017-08-17,22,FROZEN FOODS,Puyo,Pastaza,C,7,0,51.4305069426243
2017-08-17,22,GROCERY I,Puyo,Pastaza,C,7,0,2398.385229557886
2017-08-17,22,GROCERY II,Puyo,Pastaza,C,7,0,3.921098500812843
2017-08-17,22,HARDWARE,Puyo,Pastaza,C,7,0,0.0
2017-08-17,22,HOME AND KITCHEN I,Puyo,Pastaza,C,7,0,18.81585365147353
2017-08-17,22,HOME AND KITCHEN II,Puyo,Pastaza,C,7,0,14.49302584972716
2017-08-17,22,HOME APPLIANCES,Puyo,Pastaza,C,7,0,0.0
2017-08-17,22,HOME CARE,Puyo,Pastaza,C,7,0,144.55746800563622
2017-08-17,22,LADIESWEAR,Puyo,Pastaza,C,7,0,0.389820729748371
2017-08-17,22,LAWN AND GARDEN,Puyo,Pastaza,C,7,0,0.23591130780350822
2017-08-17,22,LINGERIE,Puyo,Pastaza,C,7,0,2.9344016813503995
2017-08-17,22,"LIQUOR,WINE,BEER",Puyo,Pastaza,C,7,0,137.20794967270874
2017-08-17,22,MAGAZINES,Puyo,Pastaza,C,7,0,1.294554010837619
2017-08-17,22,MEATS,Puyo,Pastaza,C,7,0,106.78093261644949
2017-08-17,22,PERSONAL CARE,Puyo,Pastaza,C,7,0,123.8866728155968
2017-08-17,22,PET SUPPLIES,Puyo,Pastaza,C,7,0,0.3443001593862599
2017-08-17,22,PLAYERS AND ELECTRONICS,Puyo,Pastaza,C,7,0,2.659705916594257
2017-08-17,22,POULTRY,Puyo,Pastaza,C,7,0,130.5572087501092
2017-08-17,22,PREPARED FOODS,Puyo,Pastaza,C,7,0,25.07096867616965
2017-08-17,22,PRODUCE,Puyo,Pastaza,C,7,0,344.79940202375127
2017-08-17,22,SCHOOL AND OFFICE SUPPLIES,Puyo,Pastaza,C,7,0,3.5227340338166995
2017-08-17,22,SEAFOOD,Puyo,Pastaza,C,7,0,1.1498103789153375
2017-08-17,23,AUTOMOTIVE,Ambato,Tungurahua,D,9,0,2.509441312586317
2017-08-17,23,BABY CARE,Ambato,Tungurahua,D,9,0,0.31661638932540836
2017-08-17,23,BEAUTY,Ambato,Tungurahua,D,9,0,2.3780061326443973
2017-08-17,23,BEVERAGES,Ambato,Tungurahua,D,9,0,1200.7882328764679
2017-08-17,23,BOOKS,Ambato,Tungurahua,D,9,0,0.6555685877825893
2017-08-17,23,BREAD/BAKERY,Ambato,Tungurahua,D,9,0,250.83869397043395
2017-08-17,23,CELEBRATION,Ambato,Tungurahua,D,9,0,6.239164533915801
2017-08-17,23,CLEANING,Ambato,Tungurahua,D,9,0,461.7167532985457
2017-08-17,23,DAIRY,Ambato,Tungurahua,D,9,0,423.08204655930007
2017-08-17,23,DELI,Ambato,Tungurahua,D,9,0,106.84218346780288
2017-08-17,23,EGGS,Ambato,Tungurahua,D,9,0,38.19603113889294
2017-08-17,23,FROZEN FOODS,Ambato,Tungurahua,D,9,0,59.704026350219245
2017-08-17,23,GROCERY I,Ambato,Tungurahua,D,9,0,1822.192065230827
2017-08-17,23,GROCERY II,Ambato,Tungurahua,D,9,0,29.234126465350723
2017-08-17,23,HARDWARE,Ambato,Tungurahua,D,9,0,0.7634668513011788
2017-08-17,23,HOME AND KITCHEN I,Ambato,Tungurahua,D,9,0,8.117895684370398
2017-08-17,23,HOME AND KITCHEN II,Ambato,Tungurahua,D,9,0,10.486332827442647
2017-08-17,23,HOME APPLIANCES,Ambato,Tungurahua,D,9,0,0.7392948967528395
2017-08-17,23,HOME CARE,Ambato,Tungurahua,D,9,0,115.41252316017716
2017-08-17,23,LADIESWEAR,Ambato,Tungurahua,D,9,0,11.362289133151954
2017-08-17,23,LAWN AND GARDEN,Ambato,Tungurahua,D,9,0,2.3844794035790327
2017-08-17,23,LINGERIE,Ambato,Tungurahua,D,9,0,2.7564513086941074
2017-08-17,23,"LIQUOR,WINE,BEER",Ambato,Tungurahua,D,9,0,57.198592263592225
2017-08-17,23,MAGAZINES,Ambato,Tungurahua,D,9,0,3.1541914072438595
2017-08-17,23,MEATS,Ambato,Tungurahua,D,9,0,721.4354487015199
2017-08-17,23,PERSONAL CARE,Ambato,Tungurahua,D,9,0,120.54878326143603
2017-08-17,23,PET SUPPLIES,Ambato,Tungurahua,D,9,0,2.600686109649627
2017-08-17,23,PLAYERS AND ELECTRONICS,Ambato,Tungurahua,D,9,0,3.5104821399918804
2017-08-17,23,POULTRY,Ambato,Tungurahua,D,9,0,271.38100968304536
2017-08-17,23,PREPARED FOODS,Ambato,Tungurahua,D,9,0,22.119811996207915
2017-08-17,23,PRODUCE,Ambato,Tungurahua,D,9,0,974.3637166484287
2017-08-17,23,SCHOOL AND OFFICE SUPPLIES,Ambato,Tungurahua,D,9,0,0.27166957857291185
2017-08-17,23,SEAFOOD,Ambato,Tungurahua,D,9,0,3.761451282855404
2017-08-17,24,AUTOMOTIVE,Guayaquil,Guayas,D,1,0,2.565755926367929
2017-08-17,24,BABY CARE,Guayaquil,Guayas,D,1,0,0.43579649080311683
2017-08-17,24,BEAUTY,Guayaquil,Guayas,D,1,0,2.4343207464260086
2017-08-17,24,BEVERAGES,Guayaquil,Guayas,D,1,0,2955.914811839833
2017-08-17,24,BOOKS,Guayaquil,Guayas,D,1,0,0.43579649080311683
2017-08-17,24,BREAD/BAKERY,Guayaquil,Guayas,D,1,0,620.7145010122613
2017-08-17,24,CELEBRATION,Guayaquil,Guayas,D,1,0,11.659563154728495
2017-08-17,24,CLEANING,Guayaquil,Guayas,D,1,0,1032.2217523016436
2017-08-17,24,DAIRY,Guayaquil,Guayas,D,1,0,1120.8968360576662
2017-08-17,24,DELI,Guayaquil,Guayas,D,1,0,233.0760226697641
2017-08-17,24,EGGS,Guayaquil,Guayas,D,1,0,185.50843882669088
2017-08-17,24,FROZEN FOODS,Guayaquil,Guayas,D,1,0,146.04179902908024
2017-08-17,24,GROCERY I,Guayaquil,Guayas,D,1,0,3454.6984500314297
2017-08-17,24,GROCERY II,Guayaquil,Guayas,D,1,0,39.498209607664236
2017-08-17,24,HARDWARE,Guayaquil,Guayas,D,1,0,1.331138938800561
2017-08-17,24,HOME AND KITCHEN I,Guayaquil,Guayas,D,1,0,15.60556220076723
2017-08-17,24,HOME AND KITCHEN II,Guayaquil,Guayas,D,1,0,22.02783685669644
2017-08-17,24,HOME APPLIANCES,Guayaquil,Guayas,D,1,0,0.3461458949039313
2017-08-17,24,HOME CARE,Guayaquil,Guayas,D,1,0,231.64615845327296
2017-08-17,24,LADIESWEAR,Guayaquil,Guayas,D,1,0,4.576891617922851
2017-08-17,24,LAWN AND GARDEN,Guayaquil,Guayas,D,1,0,31.042353770042197
2017-08-17,24,LINGERIE,Guayaquil,Guayas,D,1,0,6.198475429489034
2017-08-17,24,"LIQUOR,WINE,BEER",Guayaquil,Guayas,D,1,0,86.89356211779628
2017-08-17,24,MAGAZINES,Guayaquil,Guayas,D,1,0,9.196741816228688
2017-08-17,24,MEATS,Guayaquil,Guayas,D,1,0,339.47643679524947
2017-08-17,24,PERSONAL CARE,Guayaquil,Guayas,D,1,0,225.332042943308
2017-08-17,24,PET SUPPLIES,Guayaquil,Guayas,D,1,0,14.93213251174214
2017-08-17,24,PLAYERS AND ELECTRONICS,Guayaquil,Guayas,D,1,0,7.066345073993971
2017-08-17,24,POULTRY,Guayaquil,Guayas,D,1,0,453.88048421043715
2017-08-17,24,PREPARED FOODS,Guayaquil,Guayas,D,1,0,95.74026906927342
2017-08-17,24,PRODUCE,Guayaquil,Guayas,D,1,0,2836.8095954001046
2017-08-17,24,SCHOOL AND OFFICE SUPPLIES,Guayaquil,Guayas,D,1,0,0.3279841923545229
2017-08-17,24,SEAFOOD,Guayaquil,Guayas,D,1,0,19.065073972885454
2017-08-17,25,AUTOMOTIVE,Salinas,Santa Elena,D,1,0,3.294383878676705
2017-08-17,25,BABY CARE,Salinas,Santa Elena,D,1,0,0.48670178274421333
2017-08-17,25,BEAUTY,Salinas,Santa Elena,D,1,0,2.699841780583479
2017-08-17,25,BEVERAGES,Salinas,Santa Elena,D,1,0,1653.9776275689214
2017-08-17,25,BOOKS,Salinas,Santa Elena,D,1,0,0.48670178274421333
2017-08-17,25,BREAD/BAKERY,Salinas,Santa Elena,D,1,0,342.60900478558904
2017-08-17,25,CELEBRATION,Salinas,Santa Elena,D,1,0,7.160443545511691
2017-08-17,25,CLEANING,Salinas,Santa Elena,D,1,0,401.1404932856853
2017-08-17,25,DAIRY,Salinas,Santa Elena,D,1,0,528.4150992964918
2017-08-17,25,DELI,Salinas,Santa Elena,D,1,0,144.56302695337783
2017-08-17,25,EGGS,Salinas,Santa Elena,D,1,0,139.54980193134207
2017-08-17,25,FROZEN FOODS,Salinas,Santa Elena,D,1,0,123.16980712920132
2017-08-17,25,GROCERY I,Salinas,Santa Elena,D,1,0,1623.219613657204
2017-08-17,25,GROCERY II,Salinas,Santa Elena,D,1,0,20.704237454559422
2017-08-17,25,HARDWARE,Salinas,Santa Elena,D,1,0,1.543788928687535
2017-08-17,25,HOME AND KITCHEN I,Salinas,Santa Elena,D,1,0,19.815745860985746
2017-08-17,25,HOME AND KITCHEN II,Salinas,Santa Elena,D,1,0,10.086395911342501
2017-08-17,25,HOME APPLIANCES,Salinas,Santa Elena,D,1,0,0.459916674541125
2017-08-17,25,HOME CARE,Salinas,Santa Elena,D,1,0,102.99910719307483
2017-08-17,25,LADIESWEAR,Salinas,Santa Elena,D,1,0,1.286093257524408
2017-08-17,25,LAWN AND GARDEN,Salinas,Santa Elena,D,1,0,22.576923982201524
2017-08-17,25,LINGERIE,Salinas,Santa Elena,D,1,0,4.120975147726168
2017-08-17,25,"LIQUOR,WINE,BEER",Salinas,Santa Elena,D,1,0,257.9763246022447
2017-08-17,25,MAGAZINES,Salinas,Santa Elena,D,1,0,13.999618860868974
2017-08-17,25,MEATS,Salinas,Santa Elena,D,1,0,194.40826272165546
2017-08-17,25,PERSONAL CARE,Salinas,Santa Elena,D,1,0,103.55083512329573
2017-08-17,25,PET SUPPLIES,Salinas,Santa Elena,D,1,0,3.570423126083795
2017-08-17,25,PLAYERS AND ELECTRONICS,Salinas,Santa Elena,D,1,0,4.142196261826615
2017-08-17,25,POULTRY,Salinas,Santa Elena,D,1,0,192.31781975962227
2017-08-17,25,PREPARED FOODS,Salinas,Santa Elena,D,1,0,45.34934534468961
2017-08-17,25,PRODUCE,Salinas,Santa Elena,D,1,0,1532.945911144652
2017-08-17,25,SCHOOL AND OFFICE SUPPLIES,Salinas,Santa Elena,D,1,0,1.33971057364391
2017-08-17,25,SEAFOOD,Salinas,Santa Elena,D,1,0,5.418178347419938
2017-08-17,26,AUTOMOTIVE,Guayaquil,Guayas,D,10,0,2.556590853371272
2017-08-17,26,BABY CARE,Guayaquil,Guayas,D,10,0,0.22481465443110166
2017-08-17,26,BEAUTY,Guayaquil,Guayas,D,10,0,1.0678158509154227
2017-08-17,26,BEVERAGES,Guayaquil,Guayas,D,10,0,629.6749410293093
2017-08-17,26,BOOKS,Guayaquil,Guayas,D,10,0,0.22481465443110166
2017-08-17,26,BREAD/BAKERY,Guayaquil,Guayas,D,10,0,166.7884568962016
2017-08-17,26,CELEBRATION,Guayaquil,Guayas,D,10,0,3.4022211211195845
2017-08-17,26,CLEANING,Guayaquil,Guayas,D,10,0,265.4812484518131
2017-08-17,26,DAIRY,Guayaquil,Guayas,D,10,0,188.26827268685537
2017-08-17,26,DELI,Guayaquil,Guayas,D,10,0,59.05296139831902
2017-08-17,26,EGGS,Guayaquil,Guayas,D,10,0,20.324238329001314
2017-08-17,26,FROZEN FOODS,Guayaquil,Guayas,D,10,0,25.267592816169294
2017-08-17,26,GROCERY I,Guayaquil,Guayas,D,10,0,1126.3942600158227
2017-08-17,26,GROCERY II,Guayaquil,Guayas,D,10,0,4.4629750555436605
2017-08-17,26,HARDWARE,Guayaquil,Guayas,D,10,0,0.6716651164068715
2017-08-17,26,HOME AND KITCHEN I,Guayaquil,Guayas,D,10,0,6.425540707343883
2017-08-17,26,HOME AND KITCHEN II,Guayaquil,Guayas,D,10,0,4.067962997886461
2017-08-17,26,HOME APPLIANCES,Guayaquil,Guayas,D,10,0,0.5369817446851938
2017-08-17,26,HOME CARE,Guayaquil,Guayas,D,10,0,51.650652230184875
2017-08-17,26,LADIESWEAR,Guayaquil,Guayas,D,10,0,1.0870716169073942
2017-08-17,26,LAWN AND GARDEN,Guayaquil,Guayas,D,10,0,3.348159184789816
2017-08-17,26,LINGERIE,Guayaquil,Guayas,D,10,0,1.3382023065366042
2017-08-17,26,"LIQUOR,WINE,BEER",Guayaquil,Guayas,D,10,0,22.230110909101203
2017-08-17,26,MAGAZINES,Guayaquil,Guayas,D,10,0,0.8566954290536982
2017-08-17,26,MEATS,Guayaquil,Guayas,D,10,0,203.3096721877168
2017-08-17,26,PERSONAL CARE,Guayaquil,Guayas,D,10,0,80.47816190320127
2017-08-17,26,PET SUPPLIES,Guayaquil,Guayas,D,10,0,2.1193915151976888
2017-08-17,26,PLAYERS AND ELECTRONICS,Guayaquil,Guayas,D,10,0,2.1059412435065754
2017-08-17,26,POULTRY,Guayaquil,Guayas,D,10,0,106.86003503717721
2017-08-17,26,PREPARED FOODS,Guayaquil,Guayas,D,10,0,19.432248478891474
2017-08-17,26,PRODUCE,Guayaquil,Guayas,D,10,0,411.67576801077337
2017-08-17,26,SCHOOL AND OFFICE SUPPLIES,Guayaquil,Guayas,D,10,0,0.7414396789854586
2017-08-17,26,SEAFOOD,Guayaquil,Guayas,D,10,0,2.2993332078853697
2017-08-17,27,AUTOMOTIVE,Daule,Guayas,D,1,0,3.0372575425388426
2017-08-17,27,BABY CARE,Daule,Guayas,D,1,0,0.13494712050544355
2017-08-17,27,BEAUTY,Daule,Guayas,D,1,0,1.4439514048173099
2017-08-17,27,BEVERAGES,Daule,Guayas,D,1,0,2226.6521330300566
2017-08-17,27,BOOKS,Daule,Guayas,D,1,0,0.0
2017-08-17,27,BREAD/BAKERY,Daule,Guayas,D,1,0,473.148142528554
2017-08-17,27,CELEBRATION,Daule,Guayas,D,1,0,14.550212355477354
2017-08-17,27,CLEANING,Daule,Guayas,D,1,0,679.7061619966831
2017-08-17,27,DAIRY,Daule,Guayas,D,1,0,748.8829290798045
2017-08-17,27,DELI,Daule,Guayas,D,1,0,231.14662885598645
2017-08-17,27,EGGS,Daule,Guayas,D,1,0,193.34969976097133
2017-08-17,27,FROZEN FOODS,Daule,Guayas,D,1,0,114.61211674302342
2017-08-17,27,GROCERY I,Daule,Guayas,D,1,0,2870.5400289667423
2017-08-17,27,GROCERY II,Daule,Guayas,D,1,0,28.914942898941256
2017-08-17,27,HARDWARE,Daule,Guayas,D,1,0,1.8024621825451703
2017-08-17,27,HOME AND KITCHEN I,Daule,Guayas,D,1,0,16.685831871298287
2017-08-17,27,HOME AND KITCHEN II,Daule,Guayas,D,1,0,23.458181324084002
2017-08-17,27,HOME APPLIANCES,Daule,Guayas,D,1,0,0.0
2017-08-17,27,HOME CARE,Daule,Guayas,D,1,0,167.85074562832926
2017-08-17,27,LADIESWEAR,Daule,Guayas,D,1,0,3.796383263824695
2017-08-17,27,LAWN AND GARDEN,Daule,Guayas,D,1,0,33.265237634773875
2017-08-17,27,LINGERIE,Daule,Guayas,D,1,0,7.300260518841699
2017-08-17,27,"LIQUOR,WINE,BEER",Daule,Guayas,D,1,0,140.59243199253308
2017-08-17,27,MAGAZINES,Daule,Guayas,D,1,0,2.4659235085892917
2017-08-17,27,MEATS,Daule,Guayas,D,1,0,240.88138315969107
2017-08-17,27,PERSONAL CARE,Daule,Guayas,D,1,0,188.71703962649266
2017-08-17,27,PET SUPPLIES,Daule,Guayas,D,1,0,6.038219226625023
2017-08-17,27,PLAYERS AND ELECTRONICS,Daule,Guayas,D,1,0,5.439188189491307
2017-08-17,27,POULTRY,Daule,Guayas,D,1,0,297.2050308596022
2017-08-17,27,PREPARED FOODS,Daule,Guayas,D,1,0,67.04354072774497
2017-08-17,27,PRODUCE,Daule,Guayas,D,1,0,1960.1105648030461
2017-08-17,27,SCHOOL AND OFFICE SUPPLIES,Daule,Guayas,D,1,0,0.7193816871212998
2017-08-17,27,SEAFOOD,Daule,Guayas,D,1,0,14.485798061800287
2017-08-17,28,AUTOMOTIVE,Guayaquil,Guayas,E,10,0,3.1309543901042183
2017-08-17,28,BABY CARE,Guayaquil,Guayas,E,10,0,0.0
2017-08-17,28,BEAUTY,Guayaquil,Guayas,E,10,0,2.2810647350304243
2017-08-17,28,BEVERAGES,Guayaquil,Guayas,E,10,0,2718.4864162105064
2017-08-17,28,BOOKS,Guayaquil,Guayas,E,10,0,0.0
2017-08-17,28,BREAD/BAKERY,Guayaquil,Guayas,E,10,0,486.7985665766332
2017-08-17,28,CELEBRATION,Guayaquil,Guayas,E,10,0,7.990703988286081
2017-08-17,28,CLEANING,Guayaquil,Guayas,E,10,0,921.7477456845761
2017-08-17,28,DAIRY,Guayaquil,Guayas,E,10,0,628.6452645921004
2017-08-17,28,DELI,Guayaquil,Guayas,E,10,0,277.17991908170865
2017-08-17,28,EGGS,Guayaquil,Guayas,E,10,0,183.439217978178
2017-08-17,28,FROZEN FOODS,Guayaquil,Guayas,E,10,0,69.72376050926559
2017-08-17,28,GROCERY I,Guayaquil,Guayas,E,10,0,4075.686999081484
2017-08-17,28,GROCERY II,Guayaquil,Guayas,E,10,0,17.509015705670613
2017-08-17,28,HARDWARE,Guayaquil,Guayas,E,10,0,0.314630000479504
2017-08-17,28,HOME AND KITCHEN I,Guayaquil,Guayas,E,10,0,25.32750625327659
2017-08-17,28,HOME AND KITCHEN II,Guayaquil,Guayas,E,10,0,14.347165183345892
2017-08-17,28,HOME APPLIANCES,Guayaquil,Guayas,E,10,0,0.4009694631045026
2017-08-17,28,HOME CARE,Guayaquil,Guayas,E,10,0,221.6115435442913
2017-08-17,28,LADIESWEAR,Guayaquil,Guayas,E,10,0,0.7776824304572688
2017-08-17,28,LAWN AND GARDEN,Guayaquil,Guayas,E,10,0,4.47780576417856
2017-08-17,28,LINGERIE,Guayaquil,Guayas,E,10,0,3.4629481446661736
2017-08-17,28,"LIQUOR,WINE,BEER",Guayaquil,Guayas,E,10,0,57.713756247098765
2017-08-17,28,MAGAZINES,Guayaquil,Guayas,E,10,0,1.1088780779104233
2017-08-17,28,MEATS,Guayaquil,Guayas,E,10,0,253.1336791262014
2017-08-17,28,PERSONAL CARE,Guayaquil,Guayas,E,10,0,229.4869901823574
2017-08-17,28,PET SUPPLIES,Guayaquil,Guayas,E,10,0,2.832706327609901
2017-08-17,28,PLAYERS AND ELECTRONICS,Guayaquil,Guayas,E,10,0,3.3885909535500147
2017-08-17,28,POULTRY,Guayaquil,Guayas,E,10,0,164.97621644467802
2017-08-17,28,PREPARED FOODS,Guayaquil,Guayas,E,10,0,64.98648994507127
2017-08-17,28,PRODUCE,Guayaquil,Guayas,E,10,0,1195.0922458814969
2017-08-17,28,SCHOOL AND OFFICE SUPPLIES,Guayaquil,Guayas,E,10,0,1.1777644315111913
2017-08-17,28,SEAFOOD,Guayaquil,Guayas,E,10,0,3.0950285484422246
2017-08-17,29,AUTOMOTIVE,Guayaquil,Guayas,E,10,0,3.4032956811115618
2017-08-17,29,BABY CARE,Guayaquil,Guayas,E,10,0,0.31724315413425225
2017-08-17,29,BEAUTY,Guayaquil,Guayas,E,10,0,2.1905264408362566
2017-08-17,29,BEVERAGES,Guayaquil,Guayas,E,10,0,2666.152060592438
2017-08-17,29,BOOKS,Guayaquil,Guayas,E,10,0,0.0
2017-08-17,29,BREAD/BAKERY,Guayaquil,Guayas,E,10,0,540.5871836390139
2017-08-17,29,CELEBRATION,Guayaquil,Guayas,E,10,0,9.871267927294303
2017-08-17,29,CLEANING,Guayaquil,Guayas,E,10,0,743.4378184862446
2017-08-17,29,DAIRY,Guayaquil,Guayas,E,10,0,523.3516470878159
2017-08-17,29,DELI,Guayaquil,Guayas,E,10,0,226.98799686728037
2017-08-17,29,EGGS,Guayaquil,Guayas,E,10,0,157.83372173510043
2017-08-17,29,FROZEN FOODS,Guayaquil,Guayas,E,10,0,67.11007375238975
2017-08-17,29,GROCERY I,Guayaquil,Guayas,E,10,0,3243.293202111488
2017-08-17,29,GROCERY II,Guayaquil,Guayas,E,10,0,15.68416352270339
2017-08-17,29,HARDWARE,Guayaquil,Guayas,E,10,0,1.220098088608939
2017-08-17,29,HOME AND KITCHEN I,Guayaquil,Guayas,E,10,0,24.251890230479688
2017-08-17,29,HOME AND KITCHEN II,Guayaquil,Guayas,E,10,0,15.221910886682911
2017-08-17,29,HOME APPLIANCES,Guayaquil,Guayas,E,10,0,0.0
2017-08-17,29,HOME CARE,Guayaquil,Guayas,E,10,0,189.6348014680399
2017-08-17,29,LADIESWEAR,Guayaquil,Guayas,E,10,0,0.7776824304572688
2017-08-17,29,LAWN AND GARDEN,Guayaquil,Guayas,E,10,0,3.3417963551348753
2017-08-17,29,LINGERIE,Guayaquil,Guayas,E,10,0,3.555937688710937
2017-08-17,29,"LIQUOR,WINE,BEER",Guayaquil,Guayas,E,10,0,105.90539147387122
2017-08-17,29,MAGAZINES,Guayaquil,Guayas,E,10,0,1.5156398184291064
2017-08-17,29,MEATS,Guayaquil,Guayas,E,10,0,120.17034198217354
2017-08-17,29,PERSONAL CARE,Guayaquil,Guayas,E,10,0,160.82644315712642
2017-08-17,29,PET SUPPLIES,Guayaquil,Guayas,E,10,0,2.025555265482779
2017-08-17,29,PLAYERS AND ELECTRONICS,Guayaquil,Guayas,E,10,0,3.64858199074461
2017-08-17,29,POULTRY,Guayaquil,Guayas,E,10,0,150.26170115546384
2017-08-17,29,PREPARED FOODS,Guayaquil,Guayas,E,10,0,57.48896093619037
2017-08-17,29,PRODUCE,Guayaquil,Guayas,E,10,0,884.4286415059123
2017-08-17,29,SCHOOL AND OFFICE SUPPLIES,Guayaquil,Guayas,E,10,0,0.7260914265051103
2017-08-17,29,SEAFOOD,Guayaquil,Guayas,E,10,0,3.6992125599681507
2017-08-17,30,AUTOMOTIVE,Guayaquil,Guayas,C,3,0,2.8782547761447654
2017-08-17,30,BABY CARE,Guayaquil,Guayas,C,3,0,0.5758709199835083
2017-08-17,30,BEAUTY,Guayaquil,Guayas,C,3,0,0.8588970836639757
2017-08-17,30,BEVERAGES,Guayaquil,Guayas,C,3,0,1405.7244712840861
2017-08-17,30,BOOKS,Guayaquil,Guayas,C,3,0,0.0
2017-08-17,30,BREAD/BAKERY,Guayaquil,Guayas,C,3,0,146.9671413283761
2017-08-17,30,CELEBRATION,Guayaquil,Guayas,C,3,0,3.6158263234645496
2017-08-17,30,CLEANING,Guayaquil,Guayas,C,3,0,495.89729912458137
2017-08-17,30,DAIRY,Guayaquil,Guayas,C,3,0,231.49884523662797
2017-08-17,30,DELI,Guayaquil,Guayas,C,3,0,101.63150892073867
2017-08-17,30,EGGS,Guayaquil,Guayas,C,3,0,105.69181060370511
2017-08-17,30,FROZEN FOODS,Guayaquil,Guayas,C,3,0,43.26983647224022
2017-08-17,30,GROCERY I,Guayaquil,Guayas,C,3,0,2247.121957604616
2017-08-17,30,GROCERY II,Guayaquil,Guayas,C,3,0,4.995254545049516
2017-08-17,30,HARDWARE,Guayaquil,Guayas,C,3,0,0.5732577663287596
2017-08-17,30,HOME AND KITCHEN I,Guayaquil,Guayas,C,3,0,8.449587669815715
2017-08-17,30,HOME AND KITCHEN II,Guayaquil,Guayas,C,3,0,4.245642358569425
2017-08-17,30,HOME APPLIANCES,Guayaquil,Guayas,C,3,0,0.0
2017-08-17,30,HOME CARE,Guayaquil,Guayas,C,3,0,169.48872644265455
2017-08-17,30,LADIESWEAR,Guayaquil,Guayas,C,3,0,1.2112839036789567
2017-08-17,30,LAWN AND GARDEN,Guayaquil,Guayas,C,3,0,0.9452662620577591
2017-08-17,30,LINGERIE,Guayaquil,Guayas,C,3,0,2.6274346605609886
2017-08-17,30,"LIQUOR,WINE,BEER",Guayaquil,Guayas,C,3,0,34.10764782988022
2017-08-17,30,MAGAZINES,Guayaquil,Guayas,C,3,0,1.256994426586341
2017-08-17,30,MEATS,Guayaquil,Guayas,C,3,0,103.64331308904092
2017-08-17,30,PERSONAL CARE,Guayaquil,Guayas,C,3,0,77.53863224794051
2017-08-17,30,PET SUPPLIES,Guayaquil,Guayas,C,3,0,1.736503564920275
2017-08-17,30,PLAYERS AND ELECTRONICS,Guayaquil,Guayas,C,3,0,2.970107070371064
2017-08-17,30,POULTRY,Guayaquil,Guayas,C,3,0,108.99912877295934
2017-08-17,30,PREPARED FOODS,Guayaquil,Guayas,C,3,0,24.897454398810236
2017-08-17,30,PRODUCE,Guayaquil,Guayas,C,3,0,489.9938969690328
2017-08-17,30,SCHOOL AND OFFICE SUPPLIES,Guayaquil,Guayas,C,3,0,0.0
2017-08-17,30,SEAFOOD,Guayaquil,Guayas,C,3,0,2.9488859562706167
2017-08-17,31,AUTOMOTIVE,Babahoyo,Los Rios,B,10,0,3.721956168078199
2017-08-17,31,BABY CARE,Babahoyo,Los Rios,B,10,0,0.0
2017-08-17,31,BEAUTY,Babahoyo,Los Rios,B,10,0,0.45522086385715776
2017-08-17,31,BEVERAGES,Babahoyo,Los Rios,B,10,0,2653.149276169949
2017-08-17,31,BOOKS,Babahoyo,Los Rios,B,10,0,0.0
2017-08-17,31,BREAD/BAKERY,Babahoyo,Los Rios,B,10,0,482.6227663410665
2017-08-17,31,CELEBRATION,Babahoyo,Los Rios,B,10,0,4.472058468517365
2017-08-17,31,CLEANING,Babahoyo,Los Rios,B,10,0,994.0894884206067
2017-08-17,31,DAIRY,Babahoyo,Los Rios,B,10,0,529.4527756939353
2017-08-17,31,DELI,Babahoyo,Los Rios,B,10,0,191.6049467633757
2017-08-17,31,EGGS,Babahoyo,Los Rios,B,10,0,211.95076457413018
2017-08-17,31,FROZEN FOODS,Babahoyo,Los Rios,B,10,0,79.1430321061203
2017-08-17,31,GROCERY I,Babahoyo,Los Rios,B,10,0,3599.9876731634045
2017-08-17,31,GROCERY II,Babahoyo,Los Rios,B,10,0,6.460676705785748
2017-08-17,31,HARDWARE,Babahoyo,Los Rios,B,10,0,0.0
2017-08-17,31,HOME AND KITCHEN I,Babahoyo,Los Rios,B,10,0,16.434859661433922
2017-08-17,31,HOME AND KITCHEN II,Babahoyo,Los Rios,B,10,0,14.818255258540276
2017-08-17,31,HOME APPLIANCES,Babahoyo,Los Rios,B,10,0,0.0
2017-08-17,31,HOME CARE,Babahoyo,Los Rios,B,10,0,234.84999723320095
2017-08-17,31,LADIESWEAR,Babahoyo,Los Rios,B,10,0,0.24170438107245307
2017-08-17,31,LAWN AND GARDEN,Babahoyo,Los Rios,B,10,0,3.276648736074856
2017-08-17,31,LINGERIE,Babahoyo,Los Rios,B,10,0,5.642246884082048
2017-08-17,31,"LIQUOR,WINE,BEER",Babahoyo,Los Rios,B,10,0,16.68727119372695
2017-08-17,31,MAGAZINES,Babahoyo,Los Rios,B,10,0,0.2591119626000301
2017-08-17,31,MEATS,Babahoyo,Los Rios,B,10,0,552.342468042656
2017-08-17,31,PERSONAL CARE,Babahoyo,Los Rios,B,10,0,191.7743989618855
2017-08-17,31,PET SUPPLIES,Babahoyo,Los Rios,B,10,0,2.049358996168328
2017-08-17,31,PLAYERS AND ELECTRONICS,Babahoyo,Los Rios,B,10,0,2.3688281727630915
2017-08-17,31,POULTRY,Babahoyo,Los Rios,B,10,0,116.41937766603661
2017-08-17,31,PREPARED FOODS,Babahoyo,Los Rios,B,10,0,58.67868656206419
2017-08-17,31,PRODUCE,Babahoyo,Los Rios,B,10,0,953.5159626628653
2017-08-17,31,SCHOOL AND OFFICE SUPPLIES,Babahoyo,Los Rios,B,10,0,0.0
2017-08-17,31,SEAFOOD,Babahoyo,Los Rios,B,10,0,2.479111205541244
2017-08-17,32,AUTOMOTIVE,Guayaquil,Guayas,C,3,0,2.1889838388832312
2017-08-17,32,BABY CARE,Guayaquil,Guayas,C,3,0,0.0
2017-08-17,32,BEAUTY,Guayaquil,Guayas,C,3,0,1.4932789809796672
2017-08-17,32,BEVERAGES,Guayaquil,Guayas,C,3,0,887.5100170134433
2017-08-17,32,BOOKS,Guayaquil,Guayas,C,3,0,0.0
2017-08-17,32,BREAD/BAKERY,Guayaquil,Guayas,C,3,0,125.7172590368888
2017-08-17,32,CELEBRATION,Guayaquil,Guayas,C,3,0,3.164797795639965
2017-08-17,32,CLEANING,Guayaquil,Guayas,C,3,0,605.3160111591394
2017-08-17,32,DAIRY,Guayaquil,Guayas,C,3,0,132.0116715695684
2017-08-17,32,DELI,Guayaquil,Guayas,C,3,0,78.18685272203969
2017-08-17,32,EGGS,Guayaquil,Guayas,C,3,0,193.74646141029677
2017-08-17,32,FROZEN FOODS,Guayaquil,Guayas,C,3,0,15.24574656659791
2017-08-17,32,GROCERY I,Guayaquil,Guayas,C,3,0,1692.5317654888759
2017-08-17,32,GROCERY II,Guayaquil,Guayas,C,3,0,2.87066161688689
2017-08-17,32,HARDWARE,Guayaquil,Guayas,C,3,0,0.46274634915542145
2017-08-17,32,HOME AND KITCHEN I,Guayaquil,Guayas,C,3,0,4.51074033598487
2017-08-17,32,HOME AND KITCHEN II,Guayaquil,Guayas,C,3,0,3.957412557759382
2017-08-17,32,HOME APPLIANCES,Guayaquil,Guayas,C,3,0,0.37570890691098446
2017-08-17,32,HOME CARE,Guayaquil,Guayas,C,3,0,69.3747842985041
2017-08-17,32,LADIESWEAR,Guayaquil,Guayas,C,3,0,0.9257987791331864
2017-08-17,32,LAWN AND GARDEN,Guayaquil,Guayas,C,3,0,0.9452662620577591
2017-08-17,32,LINGERIE,Guayaquil,Guayas,C,3,0,1.7636654366008482
2017-08-17,32,"LIQUOR,WINE,BEER",Guayaquil,Guayas,C,3,0,30.56213846768386
2017-08-17,32,MAGAZINES,Guayaquil,Guayas,C,3,0,0.8687994961489275
2017-08-17,32,MEATS,Guayaquil,Guayas,C,3,0,83.22303891077232
2017-08-17,32,PERSONAL CARE,Guayaquil,Guayas,C,3,0,59.32879928804596
2017-08-17,32,PET SUPPLIES,Guayaquil,Guayas,C,3,0,1.3297418244015917
2017-08-17,32,PLAYERS AND ELECTRONICS,Guayaquil,Guayas,C,3,0,1.8444606056080426
2017-08-17,32,POULTRY,Guayaquil,Guayas,C,3,0,43.3194565371895
2017-08-17,32,PREPARED FOODS,Guayaquil,Guayas,C,3,0,12.140002727740413
2017-08-17,32,PRODUCE,Guayaquil,Guayas,C,3,0,187.1354630203138
2017-08-17,32,SCHOOL AND OFFICE SUPPLIES,Guayaquil,Guayas,C,3,0,0.0
2017-08-17,32,SEAFOOD,Guayaquil,Guayas,C,3,0,2.2983253317511005
2017-08-17,33,AUTOMOTIVE,Quevedo,Los Rios,C,3,0,2.862978493417173
2017-08-17,33,BABY CARE,Quevedo,Los Rios,C,3,0,0.0
2017-08-17,33,BEAUTY,Quevedo,Los Rios,C,3,0,1.216473114971625
2017-08-17,33,BEVERAGES,Quevedo,Los Rios,C,3,0,1743.5455924111475
2017-08-17,33,BOOKS,Quevedo,Los Rios,C,3,0,0.0
2017-08-17,33,BREAD/BAKERY,Quevedo,Los Rios,C,3,0,184.38010617520598
2017-08-17,33,CELEBRATION,Quevedo,Los Rios,C,3,0,4.1215973944511095
2017-08-17,33,CLEANING,Quevedo,Los Rios,C,3,0,787.3188336922894
2017-08-17,33,DAIRY,Quevedo,Los Rios,C,3,0,324.4273747537072
2017-08-17,33,DELI,Quevedo,Los Rios,C,3,0,151.04246286213876
2017-08-17,33,EGGS,Quevedo,Los Rios,C,3,0,144.94976655801364
2017-08-17,33,FROZEN FOODS,Quevedo,Los Rios,C,3,0,50.04622058103765
2017-08-17,33,GROCERY I,Quevedo,Los Rios,C,3,0,2419.875606200066
2017-08-17,33,GROCERY II,Quevedo,Los Rios,C,3,0,2.3402306436764593
2017-08-17,33,HARDWARE,Quevedo,Los Rios,C,3,0,0.0
2017-08-17,33,HOME AND KITCHEN I,Quevedo,Los Rios,C,3,0,24.86809376190712
2017-08-17,33,HOME AND KITCHEN II,Quevedo,Los Rios,C,3,0,13.61828014639014
2017-08-17,33,HOME APPLIANCES,Quevedo,Los Rios,C,3,0,0.0
2017-08-17,33,HOME CARE,Quevedo,Los Rios,C,3,0,168.35191021993103
2017-08-17,33,LADIESWEAR,Quevedo,Los Rios,C,3,0,0.21644382487893554
2017-08-17,33,LAWN AND GARDEN,Quevedo,Los Rios,C,3,0,0.23591130780350822
2017-08-17,33,LINGERIE,Quevedo,Los Rios,C,3,0,7.197404657653257
2017-08-17,33,"LIQUOR,WINE,BEER",Quevedo,Los Rios,C,3,0,38.70602810772762
2017-08-17,33,MAGAZINES,Quevedo,Los Rios,C,3,0,0.9544012128507714
2017-08-17,33,MEATS,Quevedo,Los Rios,C,3,0,280.1366830070456
2017-08-17,33,PERSONAL CARE,Quevedo,Los Rios,C,3,0,164.09808487366433
2017-08-17,33,PET SUPPLIES,Quevedo,Los Rios,C,3,0,1.1526856664364957
2017-08-17,33,PLAYERS AND ELECTRONICS,Quevedo,Los Rios,C,3,0,1.4362290013692651
2017-08-17,33,POULTRY,Quevedo,Los Rios,C,3,0,211.71300130566183
2017-08-17,33,PREPARED FOODS,Quevedo,Los Rios,C,3,0,22.439281052085494
2017-08-17,33,PRODUCE,Quevedo,Los Rios,C,3,0,1010.5316920458638
2017-08-17,33,SCHOOL AND OFFICE SUPPLIES,Quevedo,Los Rios,C,3,0,0.0
2017-08-17,33,SEAFOOD,Quevedo,Los Rios,C,3,0,0.6425482218805753
2017-08-17,34,AUTOMOTIVE,Guayaquil,Guayas,B,6,0,2.751790640288604
2017-08-17,34,BABY CARE,Guayaquil,Guayas,B,6,0,0.5758709199835083
2017-08-17,34,BEAUTY,Guayaquil,Guayas,B,6,0,1.5887788775484089
2017-08-17,34,BEVERAGES,Guayaquil,Guayas,B,6,0,2341.8811997058237
2017-08-17,34,BOOKS,Guayaquil,Guayas,B,6,0,0.0
2017-08-17,34,BREAD/BAKERY,Guayaquil,Guayas,B,6,0,591.4638032702474
2017-08-17,34,CELEBRATION,Guayaquil,Guayas,B,6,0,8.102894495300006
2017-08-17,34,CLEANING,Guayaquil,Guayas,B,6,0,780.0561984658882
2017-08-17,34,DAIRY,Guayaquil,Guayas,B,6,0,543.1930552591003
2017-08-17,34,DELI,Guayaquil,Guayas,B,6,0,198.11651453875672
2017-08-17,34,EGGS,Guayaquil,Guayas,B,6,0,99.34168256072135
2017-08-17,34,FROZEN FOODS,Guayaquil,Guayas,B,6,0,56.86033521277523
2017-08-17,34,GROCERY I,Guayaquil,Guayas,B,6,0,3686.919326694772
2017-08-17,34,GROCERY II,Guayaquil,Guayas,B,6,0,6.76444888496988
2017-08-17,34,HARDWARE,Guayaquil,Guayas,B,6,0,1.6789183506671121
2017-08-17,34,HOME AND KITCHEN I,Guayaquil,Guayas,B,6,0,20.817910072249344
2017-08-17,34,HOME AND KITCHEN II,Guayaquil,Guayas,B,6,0,30.574927248190043
2017-08-17,34,HOME APPLIANCES,Guayaquil,Guayas,B,6,0,0.0
2017-08-17,34,HOME CARE,Guayaquil,Guayas,B,6,0,160.86177836390743
2017-08-17,34,LADIESWEAR,Guayaquil,Guayas,B,6,0,1.8941323549587212
2017-08-17,34,LAWN AND GARDEN,Guayaquil,Guayas,B,6,0,3.0151575540935918
2017-08-17,34,LINGERIE,Guayaquil,Guayas,B,6,0,2.842050402777364
2017-08-17,34,"LIQUOR,WINE,BEER",Guayaquil,Guayas,B,6,0,24.959090454792864
2017-08-17,34,MAGAZINES,Guayaquil,Guayas,B,6,0,2.220513358589426
2017-08-17,34,MEATS,Guayaquil,Guayas,B,6,0,192.20286456303106
2017-08-17,34,PERSONAL CARE,Guayaquil,Guayas,B,6,0,228.90795049356174
2017-08-17,34,PET SUPPLIES,Guayaquil,Guayas,B,6,0,2.5440808719884545
2017-08-17,34,PLAYERS AND ELECTRONICS,Guayaquil,Guayas,B,6,0,3.832624181082522
2017-08-17,34,POULTRY,Guayaquil,Guayas,B,6,0,133.25294917364215
2017-08-17,34,PREPARED FOODS,Guayaquil,Guayas,B,6,0,26.913458040475383
2017-08-17,34,PRODUCE,Guayaquil,Guayas,B,6,0,523.3711911903505
2017-08-17,34,SCHOOL AND OFFICE SUPPLIES,Guayaquil,Guayas,B,6,0,2.1331795555498774
2017-08-17,34,SEAFOOD,Guayaquil,Guayas,B,6,0,2.2983253317511005
2017-08-17,35,AUTOMOTIVE,Playas,Guayas,C,3,0,1.96504901714569
2017-08-17,35,BABY CARE,Playas,Guayas,C,3,0,0.0
2017-08-17,35,BEAUTY,Playas,Guayas,C,3,0,0.37216176625939545
2017-08-17,35,BEVERAGES,Playas,Guayas,C,3,0,1313.9407727913392
2017-08-17,35,BOOKS,Playas,Guayas,C,3,0,0.0
2017-08-17,35,BREAD/BAKERY,Playas,Guayas,C,3,0,101.43942459325777
2017-08-17,35,CELEBRATION,Playas,Guayas,C,3,0,1.389810966837409
2017-08-17,35,CLEANING,Playas,Guayas,C,3,0,385.9150973299572
2017-08-17,35,DAIRY,Playas,Guayas,C,3,0,147.1616341142405
2017-08-17,35,DELI,Playas,Guayas,C,3,0,83.50490687798367
2017-08-17,35,EGGS,Playas,Guayas,C,3,0,96.54896517073468
2017-08-17,35,FROZEN FOODS,Playas,Guayas,C,3,0,56.38364087808104
2017-08-17,35,GROCERY I,Playas,Guayas,C,3,0,1643.4597924392747
2017-08-17,35,GROCERY II,Playas,Guayas,C,3,0,3.0495922706865755
2017-08-17,35,HARDWARE,Playas,Guayas,C,3,0,0.0
2017-08-17,35,HOME AND KITCHEN I,Playas,Guayas,C,3,0,7.3267719245273835
2017-08-17,35,HOME AND KITCHEN II,Playas,Guayas,C,3,0,2.3693916071085264
2017-08-17,35,HOME APPLIANCES,Playas,Guayas,C,3,0,0.0
2017-08-17,35,HOME CARE,Playas,Guayas,C,3,0,89.82234101192797
2017-08-17,35,LADIESWEAR,Playas,Guayas,C,3,0,0.21644382487893554
2017-08-17,35,LAWN AND GARDEN,Playas,Guayas,C,3,0,0.23591130780350822
2017-08-17,35,LINGERIE,Playas,Guayas,C,3,0,0.4199285850309026
2017-08-17,35,"LIQUOR,WINE,BEER",Playas,Guayas,C,3,0,57.34705489401257
2017-08-17,35,MAGAZINES,Playas,Guayas,C,3,0,0.40722831127594805
2017-08-17,35,MEATS,Playas,Guayas,C,3,0,240.67953338297468
2017-08-17,35,PERSONAL CARE,Playas,Guayas,C,3,0,53.14741540038716
2017-08-17,35,PET SUPPLIES,Playas,Guayas,C,3,0,0.3443001593862599
2017-08-17,35,PLAYERS AND ELECTRONICS,Playas,Guayas,C,3,0,0.6278434943190302
2017-08-17,35,POULTRY,Playas,Guayas,C,3,0,64.97335378869164
2017-08-17,35,PREPARED FOODS,Playas,Guayas,C,3,0,18.53577179533775
2017-08-17,35,PRODUCE,Playas,Guayas,C,3,0,340.77278647680987
2017-08-17,35,SCHOOL AND OFFICE SUPPLIES,Playas,Guayas,C,3,0,0.0
2017-08-17,35,SEAFOOD,Playas,Guayas,C,3,0,1.3253966731603397
2017-08-17,36,AUTOMOTIVE,Libertad,Guayas,E,10,0,3.421786049405209
2017-08-17,36,BABY CARE,Libertad,Guayas,E,10,0,0.0
2017-08-17,36,BEAUTY,Libertad,Guayas,E,10,0,0.9878165817933696
2017-08-17,36,BEVERAGES,Libertad,Guayas,E,10,0,2931.188359593244
2017-08-17,36,BOOKS,Libertad,Guayas,E,10,0,0.0
2017-08-17,36,BREAD/BAKERY,Libertad,Guayas,E,10,0,494.75471468589063
2017-08-17,36,CELEBRATION,Libertad,Guayas,E,10,0,8.045120198241722
2017-08-17,36,CLEANING,Libertad,Guayas,E,10,0,741.9560734885185
2017-08-17,36,DAIRY,Libertad,Guayas,E,10,0,480.5117131471238
2017-08-17,36,DELI,Libertad,Guayas,E,10,0,159.89307187646668
2017-08-17,36,EGGS,Libertad,Guayas,E,10,0,151.47306134719926
2017-08-17,36,FROZEN FOODS,Libertad,Guayas,E,10,0,75.65294710954963
2017-08-17,36,GROCERY I,Libertad,Guayas,E,10,0,3256.3550027685424
2017-08-17,36,GROCERY II,Libertad,Guayas,E,10,0,7.55332311831609
2017-08-17,36,HARDWARE,Libertad,Guayas,E,10,0,0.36904621043514474
2017-08-17,36,HOME AND KITCHEN I,Libertad,Guayas,E,10,0,26.00873360032198
2017-08-17,36,HOME AND KITCHEN II,Libertad,Guayas,E,10,0,4.763457412780808
2017-08-17,36,HOME APPLIANCES,Libertad,Guayas,E,10,0,0.0
2017-08-17,36,HOME CARE,Libertad,Guayas,E,10,0,161.0320453313225
2017-08-17,36,LADIESWEAR,Libertad,Guayas,E,10,0,0.8320986404129099
2017-08-17,36,LAWN AND GARDEN,Libertad,Guayas,E,10,0,28.35643306123241
2017-08-17,36,LINGERIE,Libertad,Guayas,E,10,0,2.855185817550339
2017-08-17,36,"LIQUOR,WINE,BEER",Libertad,Guayas,E,10,0,70.31515200629416
2017-08-17,36,MAGAZINES,Libertad,Guayas,E,10,0,1.9878619441898846
2017-08-17,36,MEATS,Libertad,Guayas,E,10,0,359.8376553700994
2017-08-17,36,PERSONAL CARE,Libertad,Guayas,E,10,0,172.54205910356586
2017-08-17,36,PET SUPPLIES,Libertad,Guayas,E,10,0,2.556937755056021
2017-08-17,36,PLAYERS AND ELECTRONICS,Libertad,Guayas,E,10,0,2.48310395261717
2017-08-17,36,POULTRY,Libertad,Guayas,E,10,0,111.79550406475782
2017-08-17,36,PREPARED FOODS,Libertad,Guayas,E,10,0,37.564412441149685
2017-08-17,36,PRODUCE,Libertad,Guayas,E,10,0,1062.8673133826233
2017-08-17,36,SCHOOL AND OFFICE SUPPLIES,Libertad,Guayas,E,10,0,0.9610944506530895
2017-08-17,36,SEAFOOD,Libertad,Guayas,E,10,0,1.9410514886943167
2017-08-17,37,AUTOMOTIVE,Cuenca,Azuay,D,2,0,2.842075841888093
2017-08-17,37,BABY CARE,Cuenca,Azuay,D,2,0,0.8317314151707421
2017-08-17,37,BEAUTY,Cuenca,Azuay,D,2,0,4.566972648364082
2017-08-17,37,BEVERAGES,Cuenca,Azuay,D,2,0,2356.675559028337
2017-08-17,37,BOOKS,Cuenca,Azuay,D,2,0,0.8317314151707421
2017-08-17,37,BREAD/BAKERY,Cuenca,Azuay,D,2,0,460.28403201226985
2017-08-17,37,CELEBRATION,Cuenca,Azuay,D,2,0,4.254332363068684
2017-08-17,37,CLEANING,Cuenca,Azuay,D,2,0,848.7060729935466
2017-08-17,37,DAIRY,Cuenca,Azuay,D,2,0,742.1340303537567
2017-08-17,37,DELI,Cuenca,Azuay,D,2,0,139.51779660138072
2017-08-17,37,EGGS,Cuenca,Azuay,D,2,0,111.94877393044702
2017-08-17,37,FROZEN FOODS,Cuenca,Azuay,D,2,0,107.5985971768604
2017-08-17,37,GROCERY I,Cuenca,Azuay,D,2,0,3137.8981343327473
2017-08-17,37,GROCERY II,Cuenca,Azuay,D,2,0,38.903011555792574
2017-08-17,37,HARDWARE,Cuenca,Azuay,D,2,0,1.546487048975846
2017-08-17,37,HOME AND KITCHEN I,Cuenca,Azuay,D,2,0,23.860477751222472
2017-08-17,37,HOME AND KITCHEN II,Cuenca,Azuay,D,2,0,23.450109544940407
2017-08-17,37,HOME APPLIANCES,Cuenca,Azuay,D,2,0,0.8049463069676538
2017-08-17,37,HOME CARE,Cuenca,Azuay,D,2,0,196.36556767252807
2017-08-17,37,LADIESWEAR,Cuenca,Azuay,D,2,0,17.249037911181798
2017-08-17,37,LAWN AND GARDEN,Cuenca,Azuay,D,2,0,18.5870096748195
2017-08-17,37,LINGERIE,Cuenca,Azuay,D,2,0,1.9818487928319002
2017-08-17,37,"LIQUOR,WINE,BEER",Cuenca,Azuay,D,2,0,109.96593669083596
2017-08-17,37,MAGAZINES,Cuenca,Azuay,D,2,0,8.511674654640576
2017-08-17,37,MEATS,Cuenca,Azuay,D,2,0,211.9932029716591
2017-08-17,37,PERSONAL CARE,Cuenca,Azuay,D,2,0,228.65677607751508
2017-08-17,37,PET SUPPLIES,Cuenca,Azuay,D,2,0,6.902649952667742
2017-08-17,37,PLAYERS AND ELECTRONICS,Cuenca,Azuay,D,2,0,10.537707278153938
2017-08-17,37,POULTRY,Cuenca,Azuay,D,2,0,221.60310323449102
2017-08-17,37,PREPARED FOODS,Cuenca,Azuay,D,2,0,69.55897160648436
2017-08-17,37,PRODUCE,Cuenca,Azuay,D,2,0,2061.16307176456
2017-08-17,37,SCHOOL AND OFFICE SUPPLIES,Cuenca,Azuay,D,2,0,0.7867846044182455
2017-08-17,37,SEAFOOD,Cuenca,Azuay,D,2,0,8.882670114950155
2017-08-17,38,AUTOMOTIVE,Loja,Loja,D,4,0,3.2344630518782047
2017-08-17,38,BABY CARE,Loja,Loja,D,4,0,0.0
2017-08-17,38,BEAUTY,Loja,Loja,D,4,0,3.7759303628286807
2017-08-17,38,BEVERAGES,Loja,Loja,D,4,0,1563.6935761802563
2017-08-17,38,BOOKS,Loja,Loja,D,4,0,0.0
2017-08-17,38,BREAD/BAKERY,Loja,Loja,D,4,0,378.24044379738154
2017-08-17,38,CELEBRATION,Loja,Loja,D,4,0,9.31862719203429
2017-08-17,38,CLEANING,Loja,Loja,D,4,0,752.6910582997893
2017-08-17,38,DAIRY,Loja,Loja,D,4,0,589.1380248811728
2017-08-17,38,DELI,Loja,Loja,D,4,0,111.22296200513443
2017-08-17,38,EGGS,Loja,Loja,D,4,0,72.15416947271738
2017-08-17,38,FROZEN FOODS,Loja,Loja,D,4,0,110.89477527422623
2017-08-17,38,GROCERY I,Loja,Loja,D,4,0,2794.6928419016276
2017-08-17,38,GROCERY II,Loja,Loja,D,4,0,23.45536632372769
2017-08-17,38,HARDWARE,Loja,Loja,D,4,0,0.316233824531335
2017-08-17,38,HOME AND KITCHEN I,Loja,Loja,D,4,0,38.62986087713034
2017-08-17,38,HOME AND KITCHEN II,Loja,Loja,D,4,0,23.081141444021142
2017-08-17,38,HOME APPLIANCES,Loja,Loja,D,4,0,0.0
2017-08-17,38,HOME CARE,Loja,Loja,D,4,0,249.52078156202467
2017-08-17,38,LADIESWEAR,Loja,Loja,D,4,0,18.25326062850071
2017-08-17,38,LAWN AND GARDEN,Loja,Loja,D,4,0,9.133061108825922
2017-08-17,38,LINGERIE,Loja,Loja,D,4,0,6.409855729626643
2017-08-17,38,"LIQUOR,WINE,BEER",Loja,Loja,D,4,0,96.98128090670879
2017-08-17,38,MAGAZINES,Loja,Loja,D,4,0,8.165238567981918
2017-08-17,38,MEATS,Loja,Loja,D,4,0,137.2777281030446
2017-08-17,38,PERSONAL CARE,Loja,Loja,D,4,0,268.3846130074511
2017-08-17,38,PET SUPPLIES,Loja,Loja,D,4,0,5.193107453403845
2017-08-17,38,PLAYERS AND ELECTRONICS,Loja,Loja,D,4,0,6.395151002065094
2017-08-17,38,POULTRY,Loja,Loja,D,4,0,111.2909063206371
2017-08-17,38,PREPARED FOODS,Loja,Loja,D,4,0,76.43772928644125
2017-08-17,38,PRODUCE,Loja,Loja,D,4,0,1560.8593895106076
2017-08-17,38,SCHOOL AND OFFICE SUPPLIES,Loja,Loja,D,4,0,9.016573031290598
2017-08-17,38,SEAFOOD,Loja,Loja,D,4,0,12.181844660811285
2017-08-17,39,AUTOMOTIVE,Cuenca,Azuay,B,6,0,3.967177122250611
2017-08-17,39,BABY CARE,Cuenca,Azuay,B,6,0,0.522342228720614
2017-08-17,39,BEAUTY,Cuenca,Azuay,B,6,0,2.440970576884356
2017-08-17,39,BEVERAGES,Cuenca,Azuay,B,6,0,2972.5565881208713
2017-08-17,39,BOOKS,Cuenca,Azuay,B,6,0,0.522342228720614
2017-08-17,39,BREAD/BAKERY,Cuenca,Azuay,B,6,0,592.2291865875785
2017-08-17,39,CELEBRATION,Cuenca,Azuay,B,6,0,3.831252842287697
2017-08-17,39,CLEANING,Cuenca,Azuay,B,6,0,1108.722555259232
2017-08-17,39,DAIRY,Cuenca,Azuay,B,6,0,520.4607094437062
2017-08-17,39,DELI,Cuenca,Azuay,B,6,0,143.26336997342457
2017-08-17,39,EGGS,Cuenca,Azuay,B,6,0,258.9524342426929
2017-08-17,39,FROZEN FOODS,Cuenca,Azuay,B,6,0,54.62413301787909
2017-08-17,39,GROCERY I,Cuenca,Azuay,B,6,0,4522.865022389151
2017-08-17,39,GROCERY II,Cuenca,Azuay,B,6,0,24.973926903640685
2017-08-17,39,HARDWARE,Cuenca,Azuay,B,6,0,0.8052141996116368
2017-08-17,39,HOME AND KITCHEN I,Cuenca,Azuay,B,6,0,23.790437520551546
2017-08-17,39,HOME AND KITCHEN II,Cuenca,Azuay,B,6,0,11.85464373578034
2017-08-17,39,HOME APPLIANCES,Cuenca,Azuay,B,6,0,0.49555712051752593
2017-08-17,39,HOME CARE,Cuenca,Azuay,B,6,0,272.8228633403022
2017-08-17,39,LADIESWEAR,Cuenca,Azuay,B,6,0,3.7906320081327465
2017-08-17,39,LAWN AND GARDEN,Cuenca,Azuay,B,6,0,8.791081337425918
2017-08-17,39,LINGERIE,Cuenca,Azuay,B,6,0,4.055068349420677
2017-08-17,39,"LIQUOR,WINE,BEER",Cuenca,Azuay,B,6,0,49.75626355603762
2017-08-17,39,MAGAZINES,Cuenca,Azuay,B,6,0,3.5602558202790497
2017-08-17,39,MEATS,Cuenca,Azuay,B,6,0,186.21629848447995
2017-08-17,39,PERSONAL CARE,Cuenca,Azuay,B,6,0,256.6161400761365
2017-08-17,39,PET SUPPLIES,Cuenca,Azuay,B,6,0,3.6689290597562936
2017-08-17,39,PLAYERS AND ELECTRONICS,Cuenca,Azuay,B,6,0,4.852217388430769
2017-08-17,39,POULTRY,Cuenca,Azuay,B,6,0,200.58613315925993
2017-08-17,39,PREPARED FOODS,Cuenca,Azuay,B,6,0,38.27320179908802
2017-08-17,39,PRODUCE,Cuenca,Azuay,B,6,0,1280.6573799715893
2017-08-17,39,SCHOOL AND OFFICE SUPPLIES,Cuenca,Azuay,B,6,0,4.843739275526944
2017-08-17,39,SEAFOOD,Cuenca,Azuay,B,6,0,10.879733571094352
2017-08-17,40,AUTOMOTIVE,Machala,El Oro,C,3,0,2.311280843085718
2017-08-17,40,BABY CARE,Machala,El Oro,C,3,0,0.0
2017-08-17,40,BEAUTY,Machala,El Oro,C,3,0,1.9162719588072894
2017-08-17,40,BEVERAGES,Machala,El Oro,C,3,0,4368.961545098065
2017-08-17,40,BOOKS,Machala,El Oro,C,3,0,0.0
2017-08-17,40,BREAD/BAKERY,Machala,El Oro,C,3,0,357.49124961153825
2017-08-17,40,CELEBRATION,Machala,El Oro,C,3,0,7.9616177951659886
2017-08-17,40,CLEANING,Machala,El Oro,C,3,0,1248.832037637753
2017-08-17,40,DAIRY,Machala,El Oro,C,3,0,555.4933215235203
2017-08-17,40,DELI,Machala,El Oro,C,3,0,220.25218079600938
2017-08-17,40,EGGS,Machala,El Oro,C,3,0,149.2928964139347
2017-08-17,40,FROZEN FOODS,Machala,El Oro,C,3,0,56.74154387559662
2017-08-17,40,GROCERY I,Machala,El Oro,C,3,0,4848.473493521725
2017-08-17,40,GROCERY II,Machala,El Oro,C,3,0,5.827895652487667
2017-08-17,40,HARDWARE,Machala,El Oro,C,3,0,1.3811699486194753
2017-08-17,40,HOME AND KITCHEN I,Machala,El Oro,C,3,0,24.515647331295114
2017-08-17,40,HOME AND KITCHEN II,Machala,El Oro,C,3,0,19.06344393387381
2017-08-17,40,HOME APPLIANCES,Machala,El Oro,C,3,0,0.0
2017-08-17,40,HOME CARE,Machala,El Oro,C,3,0,368.38932480299326
2017-08-17,40,LADIESWEAR,Machala,El Oro,C,3,0,0.9521685103765921
2017-08-17,40,LAWN AND GARDEN,Machala,El Oro,C,3,0,1.0345014809972624
2017-08-17,40,LINGERIE,Machala,El Oro,C,3,0,5.863684464191698
2017-08-17,40,"LIQUOR,WINE,BEER",Machala,El Oro,C,3,0,26.464903318456475
2017-08-17,40,MAGAZINES,Machala,El Oro,C,3,0,2.0792366584554056
2017-08-17,40,MEATS,Machala,El Oro,C,3,0,133.0083135437384
2017-08-17,40,PERSONAL CARE,Machala,El Oro,C,3,0,252.5935798440786
2017-08-17,40,PET SUPPLIES,Machala,El Oro,C,3,0,2.187909897932655
2017-08-17,40,PLAYERS AND ELECTRONICS,Machala,El Oro,C,3,0,5.848979736630149
2017-08-17,40,POULTRY,Machala,El Oro,C,3,0,157.56332213324595
2017-08-17,40,PREPARED FOODS,Machala,El Oro,C,3,0,46.168856648263564
2017-08-17,40,PRODUCE,Machala,El Oro,C,3,0,917.5027123864618
2017-08-17,40,SCHOOL AND OFFICE SUPPLIES,Machala,El Oro,C,3,0,0.0
2017-08-17,40,SEAFOOD,Machala,El Oro,C,3,0,3.3742094879914695
2017-08-17,41,AUTOMOTIVE,Machala,El Oro,D,4,0,4.536918252490858
2017-08-17,41,BABY CARE,Machala,El Oro,D,4,0,0.4621662220465223
2017-08-17,41,BEAUTY,Machala,El Oro,D,4,0,6.669386645800324
2017-08-17,41,BEVERAGES,Machala,El Oro,D,4,0,1551.8138559960462
2017-08-17,41,BOOKS,Machala,El Oro,D,4,0,0.4621662220465223
2017-08-17,41,BREAD/BAKERY,Machala,El Oro,D,4,0,371.6071435169089
2017-08-17,41,CELEBRATION,Machala,El Oro,D,4,0,7.004187395098572
2017-08-17,41,CLEANING,Machala,El Oro,D,4,0,793.1268247596396
2017-08-17,41,DAIRY,Machala,El Oro,D,4,0,565.106317146867
2017-08-17,41,DELI,Machala,El Oro,D,4,0,179.3642580685253
2017-08-17,41,EGGS,Machala,El Oro,D,4,0,110.86149905346572
2017-08-17,41,FROZEN FOODS,Machala,El Oro,D,4,0,129.76097934312656
2017-08-17,41,GROCERY I,Machala,El Oro,D,4,0,3012.0551719179575
2017-08-17,41,GROCERY II,Machala,El Oro,D,4,0,23.435568656296972
2017-08-17,41,HARDWARE,Machala,El Oro,D,4,0,1.6285948608577114
2017-08-17,41,HOME AND KITCHEN I,Machala,El Oro,D,4,0,31.725724385356454
2017-08-17,41,HOME AND KITCHEN II,Machala,El Oro,D,4,0,22.71639856800297
2017-08-17,41,HOME APPLIANCES,Machala,El Oro,D,4,0,0.435381113843434
2017-08-17,41,HOME CARE,Machala,El Oro,D,4,0,178.43366777128918
2017-08-17,41,LADIESWEAR,Machala,El Oro,D,4,0,16.773336784613793
2017-08-17,41,LAWN AND GARDEN,Machala,El Oro,D,4,0,9.662978480620776
2017-08-17,41,LINGERIE,Machala,El Oro,D,4,0,5.79819561052265
2017-08-17,41,"LIQUOR,WINE,BEER",Machala,El Oro,D,4,0,104.23504100067309
2017-08-17,41,MAGAZINES,Machala,El Oro,D,4,0,8.250549740900002
2017-08-17,41,MEATS,Machala,El Oro,D,4,0,191.90883880467035
2017-08-17,41,PERSONAL CARE,Machala,El Oro,D,4,0,256.76100183002956
2017-08-17,41,PET SUPPLIES,Machala,El Oro,D,4,0,11.15562409842309
2017-08-17,41,PLAYERS AND ELECTRONICS,Machala,El Oro,D,4,0,5.819416724623095
2017-08-17,41,POULTRY,Machala,El Oro,D,4,0,155.40914616272565
2017-08-17,41,PREPARED FOODS,Machala,El Oro,D,4,0,55.183026190524004
2017-08-17,41,PRODUCE,Machala,El Oro,D,4,0,1607.8482686446412
2017-08-17,41,SCHOOL AND OFFICE SUPPLIES,Machala,El Oro,D,4,0,0.8038175392284469
2017-08-17,41,SEAFOOD,Machala,El Oro,D,4,0,4.500992410828865
2017-08-17,42,AUTOMOTIVE,Cuenca,Azuay,D,2,0,3.075096999532099
2017-08-17,42,BABY CARE,Cuenca,Azuay,D,2,0,0.8317314151707421
2017-08-17,42,BEAUTY,Cuenca,Azuay,D,2,0,3.667227654622376
2017-08-17,42,BEVERAGES,Cuenca,Azuay,D,2,0,1822.4471796959772
2017-08-17,42,BOOKS,Cuenca,Azuay,D,2,0,0.8317314151707421
2017-08-17,42,BREAD/BAKERY,Cuenca,Azuay,D,2,0,347.4353678439717
2017-08-17,42,CELEBRATION,Cuenca,Azuay,D,2,0,5.697049930010531
2017-08-17,42,CLEANING,Cuenca,Azuay,D,2,0,573.7305878240703
2017-08-17,42,DAIRY,Cuenca,Azuay,D,2,0,661.8781474933942
2017-08-17,42,DELI,Cuenca,Azuay,D,2,0,133.9309604528562
2017-08-17,42,EGGS,Cuenca,Azuay,D,2,0,107.71693594631522
2017-08-17,42,FROZEN FOODS,Cuenca,Azuay,D,2,0,97.16926157174775
2017-08-17,42,GROCERY I,Cuenca,Azuay,D,2,0,2438.636603657621
2017-08-17,42,GROCERY II,Cuenca,Azuay,D,2,0,23.696693570037528
2017-08-17,42,HARDWARE,Cuenca,Azuay,D,2,0,1.0517378983656653
2017-08-17,42,HOME AND KITCHEN I,Cuenca,Azuay,D,2,0,31.98684929909701
2017-08-17,42,HOME AND KITCHEN II,Cuenca,Azuay,D,2,0,28.06945066736739
2017-08-17,42,HOME APPLIANCES,Cuenca,Azuay,D,2,0,0.8049463069676538
2017-08-17,42,HOME CARE,Cuenca,Azuay,D,2,0,158.6891849409282
2017-08-17,42,LADIESWEAR,Cuenca,Azuay,D,2,0,8.024071972428553
2017-08-17,42,LAWN AND GARDEN,Cuenca,Azuay,D,2,0,30.43397701114291
2017-08-17,42,LINGERIE,Cuenca,Azuay,D,2,0,3.039171157870106
2017-08-17,42,"LIQUOR,WINE,BEER",Cuenca,Azuay,D,2,0,70.8535797347345
2017-08-17,42,MAGAZINES,Cuenca,Azuay,D,2,0,6.829902554852492
2017-08-17,42,MEATS,Cuenca,Azuay,D,2,0,220.9378607341984
2017-08-17,42,PERSONAL CARE,Cuenca,Azuay,D,2,0,165.62799016954992
2017-08-17,42,PET SUPPLIES,Cuenca,Azuay,D,2,0,6.020075580601256
2017-08-17,42,PLAYERS AND ELECTRONICS,Cuenca,Azuay,D,2,0,5.617930908771914
2017-08-17,42,POULTRY,Cuenca,Azuay,D,2,0,189.49105021646625
2017-08-17,42,PREPARED FOODS,Cuenca,Azuay,D,2,0,42.29485781832863
2017-08-17,42,PRODUCE,Cuenca,Azuay,D,2,0,1908.6311335853743
2017-08-17,42,SCHOOL AND OFFICE SUPPLIES,Cuenca,Azuay,D,2,0,0.8972960215915841
2017-08-17,42,SEAFOOD,Cuenca,Azuay,D,2,0,8.164691244884422
2017-08-17,43,AUTOMOTIVE,Esmeraldas,Esmeraldas,E,10,0,4.310727752899809
2017-08-17,43,BABY CARE,Esmeraldas,Esmeraldas,E,10,0,0.0
2017-08-17,43,BEAUTY,Esmeraldas,Esmeraldas,E,10,0,3.392900262684975
2017-08-17,43,BEVERAGES,Esmeraldas,Esmeraldas,E,10,0,3930.629777404992
2017-08-17,43,BOOKS,Esmeraldas,Esmeraldas,E,10,0,0.0
2017-08-17,43,BREAD/BAKERY,Esmeraldas,Esmeraldas,E,10,0,431.48677918484924
2017-08-17,43,CELEBRATION,Esmeraldas,Esmeraldas,E,10,0,15.54916614950375
2017-08-17,43,CLEANING,Esmeraldas,Esmeraldas,E,10,0,946.652417525488
2017-08-17,43,DAIRY,Esmeraldas,Esmeraldas,E,10,0,528.9544660578593
2017-08-17,43,DELI,Esmeraldas,Esmeraldas,E,10,0,244.76132888152685
2017-08-17,43,EGGS,Esmeraldas,Esmeraldas,E,10,0,161.97048370464339
2017-08-17,43,FROZEN FOODS,Esmeraldas,Esmeraldas,E,10,0,82.77929953219737
2017-08-17,43,GROCERY I,Esmeraldas,Esmeraldas,E,10,0,3633.6827140617547
2017-08-17,43,GROCERY II,Esmeraldas,Esmeraldas,E,10,0,14.773491977704376
2017-08-17,43,HARDWARE,Esmeraldas,Esmeraldas,E,10,0,0.2517645127834064
2017-08-17,43,HOME AND KITCHEN I,Esmeraldas,Esmeraldas,E,10,0,16.178345799067003
2017-08-17,43,HOME AND KITCHEN II,Esmeraldas,Esmeraldas,E,10,0,17.046763069650137
2017-08-17,43,HOME APPLIANCES,Esmeraldas,Esmeraldas,E,10,0,0.0
2017-08-17,43,HOME CARE,Esmeraldas,Esmeraldas,E,10,0,213.43807041891307
2017-08-17,43,LADIESWEAR,Esmeraldas,Esmeraldas,E,10,0,0.7776824304572688
2017-08-17,43,LAWN AND GARDEN,Esmeraldas,Esmeraldas,E,10,0,5.735693026118498
2017-08-17,43,LINGERIE,Esmeraldas,Esmeraldas,E,10,0,2.040867490207313
2017-08-17,43,"LIQUOR,WINE,BEER",Esmeraldas,Esmeraldas,E,10,0,89.43358927676576
2017-08-17,43,MAGAZINES,Esmeraldas,Esmeraldas,E,10,0,2.3232171254972855
2017-08-17,43,MEATS,Esmeraldas,Esmeraldas,E,10,0,216.657676516473
2017-08-17,43,PERSONAL CARE,Esmeraldas,Esmeraldas,E,10,0,260.97282433168266
2017-08-17,43,PET SUPPLIES,Esmeraldas,Esmeraldas,E,10,0,2.3597601499451346
2017-08-17,43,PLAYERS AND ELECTRONICS,Esmeraldas,Esmeraldas,E,10,0,1.7287425149949462
2017-08-17,43,POULTRY,Esmeraldas,Esmeraldas,E,10,0,218.1794129174908
2017-08-17,43,PREPARED FOODS,Esmeraldas,Esmeraldas,E,10,0,105.33135703595036
2017-08-17,43,PRODUCE,Esmeraldas,Esmeraldas,E,10,0,1003.0033760256194
2017-08-17,43,SCHOOL AND OFFICE SUPPLIES,Esmeraldas,Esmeraldas,E,10,0,1.5790066390876143
2017-08-17,43,SEAFOOD,Esmeraldas,Esmeraldas,E,10,0,1.2037868274589092
2017-08-17,44,AUTOMOTIVE,Quito,Pichincha,A,5,0,12.181844660811285
2017-08-17,44,BABY CARE,Quito,Pichincha,A,5,0,0.0
2017-08-17,44,BEAUTY,Quito,Pichincha,A,5,0,8.265847572670333
2017-08-17,44,BEVERAGES,Quito,Pichincha,A,5,0,7722.883706157719
2017-08-17,44,BOOKS,Quito,Pichincha,A,5,0,0.0
2017-08-17,44,BREAD/BAKERY,Quito,Pichincha,A,5,0,1233.3700159484317
2017-08-17,44,CELEBRATION,Quito,Pichincha,A,5,0,24.55245324536855
2017-08-17,44,CLEANING,Quito,Pichincha,A,5,0,1873.8341839917655
2017-08-17,44,DAIRY,Quito,Pichincha,A,5,0,1908.7090671668261
2017-08-17,44,DELI,Quito,Pichincha,A,5,0,391.57759321902563
2017-08-17,44,EGGS,Quito,Pichincha,A,5,0,435.15325091142785
2017-08-17,44,FROZEN FOODS,Quito,Pichincha,A,5,0,354.0084159140649
2017-08-17,44,GROCERY I,Quito,Pichincha,A,5,0,7867.8516939633555
2017-08-17,44,GROCERY II,Quito,Pichincha,A,5,0,80.21367089540612
2017-08-17,44,HARDWARE,Quito,Pichincha,A,5,0,1.8758506230524725
2017-08-17,44,HOME AND KITCHEN I,Quito,Pichincha,A,5,0,100.0416527425154
2017-08-17,44,HOME AND KITCHEN II,Quito,Pichincha,A,5,0,101.35493142447184
2017-08-17,44,HOME APPLIANCES,Quito,Pichincha,A,5,0,0.0
2017-08-17,44,HOME CARE,Quito,Pichincha,A,5,0,488.83614468886816
2017-08-17,44,LADIESWEAR,Quito,Pichincha,A,5,0,19.601352089326763
2017-08-17,44,LAWN AND GARDEN,Quito,Pichincha,A,5,0,21.85482461833156
2017-08-17,44,LINGERIE,Quito,Pichincha,A,5,0,43.57383489159096
2017-08-17,44,"LIQUOR,WINE,BEER",Quito,Pichincha,A,5,0,305.2051093037781
2017-08-17,44,MAGAZINES,Quito,Pichincha,A,5,0,18.022884440647015
2017-08-17,44,MEATS,Quito,Pichincha,A,5,0,695.3222058724775
2017-08-17,44,PERSONAL CARE,Quito,Pichincha,A,5,0,402.08290619107464
2017-08-17,44,PET SUPPLIES,Quito,Pichincha,A,5,0,29.46583845264448
2017-08-17,44,PLAYERS AND ELECTRONICS,Quito,Pichincha,A,5,0,31.642770142790468
2017-08-17,44,POULTRY,Quito,Pichincha,A,5,0,892.7278411029356
2017-08-17,44,PREPARED FOODS,Quito,Pichincha,A,5,0,295.28934373228924
2017-08-17,44,PRODUCE,Quito,Pichincha,A,5,0,6922.556726640491
2017-08-17,44,SCHOOL AND OFFICE SUPPLIES,Quito,Pichincha,A,5,0,265.78425154205416
2017-08-17,44,SEAFOOD,Quito,Pichincha,A,5,0,75.47779184917846
2017-08-17,45,AUTOMOTIVE,Quito,Pichincha,A,11,0,12.431764314099258
2017-08-17,45,BABY CARE,Quito,Pichincha,A,11,0,0.0
2017-08-17,45,BEAUTY,Quito,Pichincha,A,11,0,8.595976473435424
2017-08-17,45,BEVERAGES,Quito,Pichincha,A,11,0,6777.63757486239
2017-08-17,45,BOOKS,Quito,Pichincha,A,11,0,0.0
2017-08-17,45,BREAD/BAKERY,Quito,Pichincha,A,11,0,950.2264416922849
2017-08-17,45,CELEBRATION,Quito,Pichincha,A,11,0,23.8645745837883
2017-08-17,45,CLEANING,Quito,Pichincha,A,11,0,1955.4322679168613
2017-08-17,45,DAIRY,Quito,Pichincha,A,11,0,1705.7697018708936
2017-08-17,45,DELI,Quito,Pichincha,A,11,0,528.3820678545625
2017-08-17,45,EGGS,Quito,Pichincha,A,11,0,285.79749488914234
2017-08-17,45,FROZEN FOODS,Quito,Pichincha,A,11,0,271.3439678639443
2017-08-17,45,GROCERY I,Quito,Pichincha,A,11,0,8154.566630367388
2017-08-17,45,GROCERY II,Quito,Pichincha,A,11,0,108.55432580832006
2017-08-17,45,HARDWARE,Quito,Pichincha,A,11,0,0.4338395955169407
2017-08-17,45,HOME AND KITCHEN I,Quito,Pichincha,A,11,0,67.17237430673583
2017-08-17,45,HOME AND KITCHEN II,Quito,Pichincha,A,11,0,69.93624396551014
2017-08-17,45,HOME APPLIANCES,Quito,Pichincha,A,11,0,0.0
2017-08-17,45,HOME CARE,Quito,Pichincha,A,11,0,491.0905569091348
2017-08-17,45,LADIESWEAR,Quito,Pichincha,A,11,0,14.030717260551093
2017-08-17,45,LAWN AND GARDEN,Quito,Pichincha,A,11,0,28.00741443471079
2017-08-17,45,LINGERIE,Quito,Pichincha,A,11,0,3.8063023469037702
2017-08-17,45,"LIQUOR,WINE,BEER",Quito,Pichincha,A,11,0,237.78408389354846
2017-08-17,45,MAGAZINES,Quito,Pichincha,A,11,0,16.316530190633276
2017-08-17,45,MEATS,Quito,Pichincha,A,11,0,851.1698367768433
2017-08-17,45,PERSONAL CARE,Quito,Pichincha,A,11,0,535.888606786465
2017-08-17,45,PET SUPPLIES,Quito,Pichincha,A,11,0,18.723703773758718
2017-08-17,45,PLAYERS AND ELECTRONICS,Quito,Pichincha,A,11,0,20.325751389404584
2017-08-17,45,POULTRY,Quito,Pichincha,A,11,0,913.3507529561496
2017-08-17,45,PREPARED FOODS,Quito,Pichincha,A,11,0,217.04891073731434
2017-08-17,45,PRODUCE,Quito,Pichincha,A,11,0,4496.185255940467
2017-08-17,45,SCHOOL AND OFFICE SUPPLIES,Quito,Pichincha,A,11,0,337.6845795415781
2017-08-17,45,SEAFOOD,Quito,Pichincha,A,11,0,75.08994187987781
2017-08-17,46,AUTOMOTIVE,Quito,Pichincha,A,14,0,9.671278304251256
2017-08-17,46,BABY CARE,Quito,Pichincha,A,14,0,0.0
2017-08-17,46,BEAUTY,Quito,Pichincha,A,14,0,20.070069661344945
2017-08-17,46,BEVERAGES,Quito,Pichincha,A,14,0,4146.317620176344
2017-08-17,46,BOOKS,Quito,Pichincha,A,14,0,0.0
2017-08-17,46,BREAD/BAKERY,Quito,Pichincha,A,14,0,697.0205303012206
2017-08-17,46,CELEBRATION,Quito,Pichincha,A,14,0,8.212798352667974
2017-08-17,46,CLEANING,Quito,Pichincha,A,14,0,1571.8004983418455
2017-08-17,46,DAIRY,Quito,Pichincha,A,14,0,1090.39781586242
2017-08-17,46,DELI,Quito,Pichincha,A,14,0,591.3858892291689
2017-08-17,46,EGGS,Quito,Pichincha,A,14,0,99.56612012121381
2017-08-17,46,FROZEN FOODS,Quito,Pichincha,A,14,0,211.93838440145416
2017-08-17,46,GROCERY I,Quito,Pichincha,A,14,0,7111.8993908593475
2017-08-17,46,GROCERY II,Quito,Pichincha,A,14,0,33.89270552957558
2017-08-17,46,HARDWARE,Quito,Pichincha,A,14,0,1.6175805496039444
2017-08-17,46,HOME AND KITCHEN I,Quito,Pichincha,A,14,0,49.47007697486871
2017-08-17,46,HOME AND KITCHEN II,Quito,Pichincha,A,14,0,18.045279621654267
2017-08-17,46,HOME APPLIANCES,Quito,Pichincha,A,14,0,0.0
2017-08-17,46,HOME CARE,Quito,Pichincha,A,14,0,458.0249834887163
2017-08-17,46,LADIESWEAR,Quito,Pichincha,A,14,0,20.199836844510255
2017-08-17,46,LAWN AND GARDEN,Quito,Pichincha,A,14,0,20.21930432743483
2017-08-17,46,LINGERIE,Quito,Pichincha,A,14,0,5.798928483155647
2017-08-17,46,"LIQUOR,WINE,BEER",Quito,Pichincha,A,14,0,113.68888270885473
2017-08-17,46,MAGAZINES,Quito,Pichincha,A,14,0,12.889669527698386
2017-08-17,46,MEATS,Quito,Pichincha,A,14,0,762.724320919561
2017-08-17,46,PERSONAL CARE,Quito,Pichincha,A,14,0,527.0223370963323
2017-08-17,46,PET SUPPLIES,Quito,Pichincha,A,14,0,17.737369049274566
2017-08-17,46,PLAYERS AND ELECTRONICS,Quito,Pichincha,A,14,0,33.30566451687823
2017-08-17,46,POULTRY,Quito,Pichincha,A,14,0,582.9760511462895
2017-08-17,46,PREPARED FOODS,Quito,Pichincha,A,14,0,111.66838495485621
2017-08-17,46,PRODUCE,Quito,Pichincha,A,14,0,1961.3856982409354
2017-08-17,46,SCHOOL AND OFFICE SUPPLIES,Quito,Pichincha,A,14,0,227.00808851860313
2017-08-17,46,SEAFOOD,Quito,Pichincha,A,14,0,37.947603027164625
2017-08-17,47,AUTOMOTIVE,Quito,Pichincha,A,14,0,10.90887006883888
2017-08-17,47,BABY CARE,Quito,Pichincha,A,14,0,0.0
2017-08-17,47,BEAUTY,Quito,Pichincha,A,14,0,17.735643476034774
2017-08-17,47,BEVERAGES,Quito,Pichincha,A,14,0,6831.668207829537
2017-08-17,47,BOOKS,Quito,Pichincha,A,14,0,0.0
2017-08-17,47,BREAD/BAKERY,Quito,Pichincha,A,14,0,899.040654316503
2017-08-17,47,CELEBRATION,Quito,Pichincha,A,14,0,16.283639435333207
2017-08-17,47,CLEANING,Quito,Pichincha,A,14,0,1657.2609573236086
2017-08-17,47,DAIRY,Quito,Pichincha,A,14,0,1619.456769814894
2017-08-17,47,DELI,Quito,Pichincha,A,14,0,496.7735639424612
2017-08-17,47,EGGS,Quito,Pichincha,A,14,0,256.0238036368966
2017-08-17,47,FROZEN FOODS,Quito,Pichincha,A,14,0,207.78363575219294
2017-08-17,47,GROCERY I,Quito,Pichincha,A,14,0,8508.99478236294
2017-08-17,47,GROCERY II,Quito,Pichincha,A,14,0,37.22887829534501
2017-08-17,47,HARDWARE,Quito,Pichincha,A,14,0,0.27166752118072646
2017-08-17,47,HOME AND KITCHEN I,Quito,Pichincha,A,14,0,101.56738777383467
2017-08-17,47,HOME AND KITCHEN II,Quito,Pichincha,A,14,0,53.803872059339206
2017-08-17,47,HOME APPLIANCES,Quito,Pichincha,A,14,0,0.016320120358705816
2017-08-17,47,HOME CARE,Quito,Pichincha,A,14,0,465.3968072441257
2017-08-17,47,LADIESWEAR,Quito,Pichincha,A,14,0,14.504063018040124
2017-08-17,47,LAWN AND GARDEN,Quito,Pichincha,A,14,0,27.658551946552898
2017-08-17,47,LINGERIE,Quito,Pichincha,A,14,0,16.14525190702669
2017-08-17,47,"LIQUOR,WINE,BEER",Quito,Pichincha,A,14,0,205.09301318905136
2017-08-17,47,MAGAZINES,Quito,Pichincha,A,14,0,13.8003410726974
2017-08-17,47,MEATS,Quito,Pichincha,A,14,0,721.9349139030271
2017-08-17,47,PERSONAL CARE,Quito,Pichincha,A,14,0,548.7792093202155
2017-08-17,47,PET SUPPLIES,Quito,Pichincha,A,14,0,15.697940653479893
2017-08-17,47,PLAYERS AND ELECTRONICS,Quito,Pichincha,A,14,0,22.921513171826728
2017-08-17,47,POULTRY,Quito,Pichincha,A,14,0,880.4714694219269
2017-08-17,47,PREPARED FOODS,Quito,Pichincha,A,14,0,199.30091123479144
2017-08-17,47,PRODUCE,Quito,Pichincha,A,14,0,4211.883823302781
2017-08-17,47,SCHOOL AND OFFICE SUPPLIES,Quito,Pichincha,A,14,0,305.9760887666597
2017-08-17,47,SEAFOOD,Quito,Pichincha,A,14,0,58.317951815965266
2017-08-17,48,AUTOMOTIVE,Quito,Pichincha,A,14,0,6.985798990048378
2017-08-17,48,BABY CARE,Quito,Pichincha,A,14,0,0.0
2017-08-17,48,BEAUTY,Quito,Pichincha,A,14,0,17.07389372117904
2017-08-17,48,BEVERAGES,Quito,Pichincha,A,14,0,3450.798413012438
2017-08-17,48,BOOKS,Quito,Pichincha,A,14,0,0.0
2017-08-17,48,BREAD/BAKERY,Quito,Pichincha,A,14,0,651.8774530089951
2017-08-17,48,CELEBRATION,Quito,Pichincha,A,14,0,12.496178607776326
2017-08-17,48,CLEANING,Quito,Pichincha,A,14,0,1462.9623134254985
2017-08-17,48,DAIRY,Quito,Pichincha,A,14,0,935.7390137557114
2017-08-17,48,DELI,Quito,Pichincha,A,14,0,483.1267197628777
2017-08-17,48,EGGS,Quito,Pichincha,A,14,0,77.19727251795938
2017-08-17,48,FROZEN FOODS,Quito,Pichincha,A,14,0,155.31257445450416
2017-08-17,48,GROCERY I,Quito,Pichincha,A,14,0,5715.255889148073
2017-08-17,48,GROCERY II,Quito,Pichincha,A,14,0,38.66220199211665
2017-08-17,48,HARDWARE,Quito,Pichincha,A,14,0,0.0
2017-08-17,48,HOME AND KITCHEN I,Quito,Pichincha,A,14,0,32.156048505087064
2017-08-17,48,HOME AND KITCHEN II,Quito,Pichincha,A,14,0,20.843177391884584
2017-08-17,48,HOME APPLIANCES,Quito,Pichincha,A,14,0,0.0
2017-08-17,48,HOME CARE,Quito,Pichincha,A,14,0,406.16237374204906
2017-08-17,48,LADIESWEAR,Quito,Pichincha,A,14,0,17.865410659200084
2017-08-17,48,LAWN AND GARDEN,Quito,Pichincha,A,14,0,6.86464720051708
2017-08-17,48,LINGERIE,Quito,Pichincha,A,14,0,2.0477022903883357
2017-08-17,48,"LIQUOR,WINE,BEER",Quito,Pichincha,A,14,0,125.92958024597829
2017-08-17,48,MAGAZINES,Quito,Pichincha,A,14,0,3.2515455471776766
2017-08-17,48,MEATS,Quito,Pichincha,A,14,0,640.0604317041194
2017-08-17,48,PERSONAL CARE,Quito,Pichincha,A,14,0,572.4816690833442
2017-08-17,48,PET SUPPLIES,Quito,Pichincha,A,14,0,15.697940653479893
2017-08-17,48,PLAYERS AND ELECTRONICS,Quito,Pichincha,A,14,0,15.981483988412663
2017-08-17,48,POULTRY,Quito,Pichincha,A,14,0,605.798776109274
2017-08-17,48,PREPARED FOODS,Quito,Pichincha,A,14,0,80.72972849326521
2017-08-17,48,PRODUCE,Quito,Pichincha,A,14,0,1401.3132697347367
2017-08-17,48,SCHOOL AND OFFICE SUPPLIES,Quito,Pichincha,A,14,0,333.490153472381
2017-08-17,48,SEAFOOD,Quito,Pichincha,A,14,0,16.687525650942842
2017-08-17,49,AUTOMOTIVE,Quito,Pichincha,A,11,0,6.022005760326019
2017-08-17,49,BABY CARE,Quito,Pichincha,A,11,0,0.0
2017-08-17,49,BEAUTY,Quito,Pichincha,A,11,0,10.265718364200755
2017-08-17,49,BEVERAGES,Quito,Pichincha,A,11,0,5005.357539780189
2017-08-17,49,BOOKS,Quito,Pichincha,A,11,0,0.0
2017-08-17,49,BREAD/BAKERY,Quito,Pichincha,A,11,0,962.867000560289
2017-08-17,49,CELEBRATION,Quito,Pichincha,A,11,0,19.89299862142921
2017-08-17,49,CLEANING,Quito,Pichincha,A,11,0,1452.2695618105793
2017-08-17,49,DAIRY,Quito,Pichincha,A,11,0,1692.041406145023
2017-08-17,49,DELI,Quito,Pichincha,A,11,0,314.6741779471717
2017-08-17,49,EGGS,Quito,Pichincha,A,11,0,352.4767145411692
2017-08-17,49,FROZEN FOODS,Quito,Pichincha,A,11,0,275.4285143802151
2017-08-17,49,GROCERY I,Quito,Pichincha,A,11,0,6517.417561753248
2017-08-17,49,GROCERY II,Quito,Pichincha,A,11,0,66.92364925307598
2017-08-17,49,HARDWARE,Quito,Pichincha,A,11,0,0.4472538154257281
2017-08-17,49,HOME AND KITCHEN I,Quito,Pichincha,A,11,0,45.08141706700987
2017-08-17,49,HOME AND KITCHEN II,Quito,Pichincha,A,11,0,42.3055100877646
2017-08-17,49,HOME APPLIANCES,Quito,Pichincha,A,11,0,0.0
2017-08-17,49,HOME CARE,Quito,Pichincha,A,11,0,348.65130163436015
2017-08-17,49,LADIESWEAR,Quito,Pichincha,A,11,0,5.881386487870149
2017-08-17,49,LAWN AND GARDEN,Quito,Pichincha,A,11,0,23.0719835621305
2017-08-17,49,LINGERIE,Quito,Pichincha,A,11,0,3.658466849149237
2017-08-17,49,"LIQUOR,WINE,BEER",Quito,Pichincha,A,11,0,240.975263598343
2017-08-17,49,MAGAZINES,Quito,Pichincha,A,11,0,13.8003410726974
2017-08-17,49,MEATS,Quito,Pichincha,A,11,0,610.0130613437161
2017-08-17,49,PERSONAL CARE,Quito,Pichincha,A,11,0,375.3526320223825
2017-08-17,49,PET SUPPLIES,Quito,Pichincha,A,11,0,12.133516251604938
2017-08-17,49,PLAYERS AND ELECTRONICS,Quito,Pichincha,A,11,0,21.573421711000687
2017-08-17,49,POULTRY,Quito,Pichincha,A,11,0,744.8171910484925
2017-08-17,49,PREPARED FOODS,Quito,Pichincha,A,11,0,184.60038962739344
2017-08-17,49,PRODUCE,Quito,Pichincha,A,11,0,5864.960972176868
2017-08-17,49,SCHOOL AND OFFICE SUPPLIES,Quito,Pichincha,A,11,0,195.80674378134447
2017-08-17,49,SEAFOOD,Quito,Pichincha,A,11,0,57.55148509245698
2017-08-17,50,AUTOMOTIVE,Ambato,Tungurahua,A,14,0,7.748794796871561
2017-08-17,50,BABY CARE,Ambato,Tungurahua,A,14,0,0.31661638932540836
2017-08-17,50,BEAUTY,Ambato,Tungurahua,A,14,0,12.286604042712659
2017-08-17,50,BEVERAGES,Ambato,Tungurahua,A,14,0,3462.2405024175255
2017-08-17,50,BOOKS,Ambato,Tungurahua,A,14,0,0.31661638932540836
2017-08-17,50,BREAD/BAKERY,Ambato,Tungurahua,A,14,0,476.8895350049119
2017-08-17,50,CELEBRATION,Ambato,Tungurahua,A,14,0,33.625051648053635
2017-08-17,50,CLEANING,Ambato,Tungurahua,A,14,0,1288.7716131609457
2017-08-17,50,DAIRY,Ambato,Tungurahua,A,14,0,895.1193706418137
2017-08-17,50,DELI,Ambato,Tungurahua,A,14,0,380.3546663593628
2017-08-17,50,EGGS,Ambato,Tungurahua,A,14,0,90.77637265201581
2017-08-17,50,FROZEN FOODS,Ambato,Tungurahua,A,14,0,166.79518136779544
2017-08-17,50,GROCERY I,Ambato,Tungurahua,A,14,0,5310.976559928235
2017-08-17,50,GROCERY II,Ambato,Tungurahua,A,14,0,64.35250790623182
2017-08-17,50,HARDWARE,Ambato,Tungurahua,A,14,0,1.4604091066766238
2017-08-17,50,HOME AND KITCHEN I,Ambato,Tungurahua,A,14,0,64.70402767044672
2017-08-17,50,HOME AND KITCHEN II,Ambato,Tungurahua,A,14,0,27.765616064769674
2017-08-17,50,HOME APPLIANCES,Ambato,Tungurahua,A,14,0,0.2898312811223201
2017-08-17,50,HOME CARE,Ambato,Tungurahua,A,14,0,302.6731430198667
2017-08-17,50,LADIESWEAR,Ambato,Tungurahua,A,14,0,5.5387306454564715
2017-08-17,50,LAWN AND GARDEN,Ambato,Tungurahua,A,14,0,5.5581981283810435
2017-08-17,50,LINGERIE,Ambato,Tungurahua,A,14,0,3.285453246928721
2017-08-17,50,"LIQUOR,WINE,BEER",Ambato,Tungurahua,A,14,0,124.42163037450568
2017-08-17,50,MAGAZINES,Ambato,Tungurahua,A,14,0,9.25836327557021
2017-08-17,50,MEATS,Ambato,Tungurahua,A,14,0,459.8847567277618
2017-08-17,50,PERSONAL CARE,Ambato,Tungurahua,A,14,0,413.62440741920705
2017-08-17,50,PET SUPPLIES,Ambato,Tungurahua,A,14,0,8.613131803319758
2017-08-17,50,PLAYERS AND ELECTRONICS,Ambato,Tungurahua,A,14,0,18.75432101091759
2017-08-17,50,POULTRY,Ambato,Tungurahua,A,14,0,331.4991901861194
2017-08-17,50,PREPARED FOODS,Ambato,Tungurahua,A,14,0,92.53125591102884
2017-08-17,50,PRODUCE,Ambato,Tungurahua,A,14,0,1680.7364928698703
2017-08-17,50,SCHOOL AND OFFICE SUPPLIES,Ambato,Tungurahua,A,14,0,272.12296340760935
2017-08-17,50,SEAFOOD,Ambato,Tungurahua,A,14,0,14.934332339830144
2017-08-17,51,AUTOMOTIVE,Guayaquil,Guayas,A,17,0,5.124937453426298
2017-08-17,51,BABY CARE,Guayaquil,Guayas,A,17,0,0.22481465443110166
2017-08-17,51,BEAUTY,Guayaquil,Guayas,A,17,0,2.2970123610037514
2017-08-17,51,BEVERAGES,Guayaquil,Guayas,A,17,0,3493.438704257102
2017-08-17,51,BOOKS,Guayaquil,Guayas,A,17,0,0.22481465443110166
2017-08-17,51,BREAD/BAKERY,Guayaquil,Guayas,A,17,0,648.0099034557596
2017-08-17,51,CELEBRATION,Guayaquil,Guayas,A,17,0,9.244301600914705
2017-08-17,51,CLEANING,Guayaquil,Guayas,A,17,0,1085.4513111906663
2017-08-17,51,DAIRY,Guayaquil,Guayas,A,17,0,1277.6231641471577
2017-08-17,51,DELI,Guayaquil,Guayas,A,17,0,194.0446220866611
2017-08-17,51,EGGS,Guayaquil,Guayas,A,17,0,263.22311105229437
2017-08-17,51,FROZEN FOODS,Guayaquil,Guayas,A,17,0,221.61464410761153
2017-08-17,51,GROCERY I,Guayaquil,Guayas,A,17,0,3847.9407195389167
2017-08-17,51,GROCERY II,Guayaquil,Guayas,A,17,0,38.669460333172886
2017-08-17,51,HARDWARE,Guayaquil,Guayas,A,17,0,1.3686073717823168
2017-08-17,51,HOME AND KITCHEN I,Guayaquil,Guayas,A,17,0,29.07452078347179
2017-08-17,51,HOME AND KITCHEN II,Guayaquil,Guayas,A,17,0,26.768014241145174
2017-08-17,51,HOME APPLIANCES,Guayaquil,Guayas,A,17,0,0.19802954622801333
2017-08-17,51,HOME CARE,Guayaquil,Guayas,A,17,0,237.54943544470876
2017-08-17,51,LADIESWEAR,Guayaquil,Guayas,A,17,0,2.3908537025070675
2017-08-17,51,LAWN AND GARDEN,Guayaquil,Guayas,A,17,0,45.033241297194756
2017-08-17,51,LINGERIE,Guayaquil,Guayas,A,17,0,3.133999048479802
2017-08-17,51,"LIQUOR,WINE,BEER",Guayaquil,Guayas,A,17,0,147.1402687164386
2017-08-17,51,MAGAZINES,Guayaquil,Guayas,A,17,0,9.166561540675902
2017-08-17,51,MEATS,Guayaquil,Guayas,A,17,0,475.54561246537
2017-08-17,51,PERSONAL CARE,Guayaquil,Guayas,A,17,0,199.66889273706346
2017-08-17,51,PET SUPPLIES,Guayaquil,Guayas,A,17,0,16.369134725408742
2017-08-17,51,PLAYERS AND ELECTRONICS,Guayaquil,Guayas,A,17,0,9.994083253584776
2017-08-17,51,POULTRY,Guayaquil,Guayas,A,17,0,566.323885673326
2017-08-17,51,PREPARED FOODS,Guayaquil,Guayas,A,17,0,110.68121434556846
2017-08-17,51,PRODUCE,Guayaquil,Guayas,A,17,0,3935.481537991994
2017-08-17,51,SCHOOL AND OFFICE SUPPLIES,Guayaquil,Guayas,A,17,0,0.5017060583607524
2017-08-17,51,SEAFOOD,Guayaquil,Guayas,A,17,0,36.502372318198425
2017-08-17,52,AUTOMOTIVE,Manta,Manabi,A,11,0,4.138347542208537
2017-08-17,52,BABY CARE,Manta,Manabi,A,11,0,0.0
2017-08-17,52,BEAUTY,Manta,Manabi,A,11,0,2.8940432790152064
2017-08-17,52,BEVERAGES,Manta,Manabi,A,11,0,3511.1542948190613
2017-08-17,52,BOOKS,Manta,Manabi,A,11,0,0.0
2017-08-17,52,BREAD/BAKERY,Manta,Manabi,A,11,0,672.0863758105621
2017-08-17,52,CELEBRATION,Manta,Manabi,A,11,0,11.652601671484934
2017-08-17,52,CLEANING,Manta,Manabi,A,11,0,1342.571842157333
2017-08-17,52,DAIRY,Manta,Manabi,A,11,0,981.9807566054642
2017-08-17,52,DELI,Manta,Manabi,A,11,0,297.7575249352769
2017-08-17,52,EGGS,Manta,Manabi,A,11,0,189.9008967852785
2017-08-17,52,FROZEN FOODS,Manta,Manabi,A,11,0,315.3946008764469
2017-08-17,52,GROCERY I,Manta,Manabi,A,11,0,4564.854315423592
2017-08-17,52,GROCERY II,Manta,Manabi,A,11,0,32.27945628617787
2017-08-17,52,HARDWARE,Manta,Manabi,A,11,0,0.36698355749340256
2017-08-17,52,HOME AND KITCHEN I,Manta,Manabi,A,11,0,51.355963101151836
2017-08-17,52,HOME AND KITCHEN II,Manta,Manabi,A,11,0,35.11803393506547
2017-08-17,52,HOME APPLIANCES,Manta,Manabi,A,11,0,0.0
2017-08-17,52,HOME CARE,Manta,Manabi,A,11,0,281.81057917419054
2017-08-17,52,LADIESWEAR,Manta,Manabi,A,11,0,3.997728269752683
2017-08-17,52,LAWN AND GARDEN,Manta,Manabi,A,11,0,42.2214456612105
2017-08-17,52,LINGERIE,Manta,Manabi,A,11,0,6.779991676345581
2017-08-17,52,"LIQUOR,WINE,BEER",Manta,Manabi,A,11,0,242.28500718578601
2017-08-17,52,MAGAZINES,Manta,Manabi,A,11,0,9.094475530238892
2017-08-17,52,MEATS,Manta,Manabi,A,11,0,394.82425709477997
2017-08-17,52,PERSONAL CARE,Manta,Manabi,A,11,0,273.3903237968786
2017-08-17,52,PET SUPPLIES,Manta,Manabi,A,11,0,11.122793562707486
2017-08-17,52,PLAYERS AND ELECTRONICS,Manta,Manabi,A,11,0,20.638197125087274
2017-08-17,52,POULTRY,Manta,Manabi,A,11,0,386.9069222850007
2017-08-17,52,PREPARED FOODS,Manta,Manabi,A,11,0,116.58424416653541
2017-08-17,52,PRODUCE,Manta,Manabi,A,11,0,3631.6211254982
2017-08-17,52,SCHOOL AND OFFICE SUPPLIES,Manta,Manabi,A,11,0,2.89162418597349
2017-08-17,52,SEAFOOD,Manta,Manabi,A,11,0,4.710546797386362
2017-08-17,53,AUTOMOTIVE,Manta,Manabi,D,13,0,2.8052185008527726
2017-08-17,53,BABY CARE,Manta,Manabi,D,13,0,0.0
2017-08-17,53,BEAUTY,Manta,Manabi,D,13,0,1.3840851337100781
2017-08-17,53,BEVERAGES,Manta,Manabi,D,13,0,1627.3322239674562
2017-08-17,53,BOOKS,Manta,Manabi,D,13,0,0.0
2017-08-17,53,BREAD/BAKERY,Manta,Manabi,D,13,0,391.4899562349218
2017-08-17,53,CELEBRATION,Manta,Manabi,D,13,0,2.6173288353817847
2017-08-17,53,CLEANING,Manta,Manabi,D,13,0,706.5265781974412
2017-08-17,53,DAIRY,Manta,Manabi,D,13,0,388.46807140565386
2017-08-17,53,DELI,Manta,Manabi,D,13,0,185.15177260420202
2017-08-17,53,EGGS,Manta,Manabi,D,13,0,72.39067890569211
2017-08-17,53,FROZEN FOODS,Manta,Manabi,D,13,0,105.9855510675848
2017-08-17,53,GROCERY I,Manta,Manabi,D,13,0,2401.8350457271013
2017-08-17,53,GROCERY II,Manta,Manabi,D,13,0,9.840652617079227
2017-08-17,53,HARDWARE,Manta,Manabi,D,13,0,0.0
2017-08-17,53,HOME AND KITCHEN I,Manta,Manabi,D,13,0,30.60214973055817
2017-08-17,53,HOME AND KITCHEN II,Manta,Manabi,D,13,0,14.07561286841948
2017-08-17,53,HOME APPLIANCES,Manta,Manabi,D,13,0,0.0
2017-08-17,53,HOME CARE,Manta,Manabi,D,13,0,147.18629158443403
2017-08-17,53,LADIESWEAR,Manta,Manabi,D,13,0,6.603446562227717
2017-08-17,53,LAWN AND GARDEN,Manta,Manabi,D,13,0,8.539403825822507
2017-08-17,53,LINGERIE,Manta,Manabi,D,13,0,3.1644297346363883
2017-08-17,53,"LIQUOR,WINE,BEER",Manta,Manabi,D,13,0,91.36715668791976
2017-08-17,53,MAGAZINES,Manta,Manabi,D,13,0,2.145993239733156
2017-08-17,53,MEATS,Manta,Manabi,D,13,0,228.5350531430225
2017-08-17,53,PERSONAL CARE,Manta,Manabi,D,13,0,172.62863979749108
2017-08-17,53,PET SUPPLIES,Manta,Manabi,D,13,0,1.6504824676844696
2017-08-17,53,PLAYERS AND ELECTRONICS,Manta,Manabi,D,13,0,2.301945398841191
2017-08-17,53,POULTRY,Manta,Manabi,D,13,0,138.82938891003553
2017-08-17,53,PREPARED FOODS,Manta,Manabi,D,13,0,53.838804812271896
2017-08-17,53,PRODUCE,Manta,Manabi,D,13,0,1533.3165989204988
2017-08-17,53,SCHOOL AND OFFICE SUPPLIES,Manta,Manabi,D,13,0,0.0
2017-08-17,53,SEAFOOD,Manta,Manabi,D,13,0,2.516988700042722
2017-08-17,54,AUTOMOTIVE,El Carmen,Manabi,C,3,0,3.306183253657366
2017-08-17,54,BABY CARE,El Carmen,Manabi,C,3,0,0.0
2017-08-17,54,BEAUTY,El Carmen,Manabi,C,3,0,0.0
2017-08-17,54,BEVERAGES,El Carmen,Manabi,C,3,0,2872.6935256801826
2017-08-17,54,BOOKS,El Carmen,Manabi,C,3,0,0.0
2017-08-17,54,BREAD/BAKERY,El Carmen,Manabi,C,3,0,184.08940620747921
2017-08-17,54,CELEBRATION,El Carmen,Manabi,C,3,0,2.35632992205292
2017-08-17,54,CLEANING,El Carmen,Manabi,C,3,0,832.6913240037434
2017-08-17,54,DAIRY,El Carmen,Manabi,C,3,0,205.27198532820367
2017-08-17,54,DELI,El Carmen,Manabi,C,3,0,166.16644441191238
2017-08-17,54,EGGS,El Carmen,Manabi,C,3,0,51.03258559420048
2017-08-17,54,FROZEN FOODS,El Carmen,Manabi,C,3,0,27.131852063317403
2017-08-17,54,GROCERY I,El Carmen,Manabi,C,3,0,2779.7459913665025
2017-08-17,54,GROCERY II,El Carmen,Manabi,C,3,0,19.40184901997418
2017-08-17,54,HARDWARE,El Carmen,Manabi,C,3,0,0.0
2017-08-17,54,HOME AND KITCHEN I,El Carmen,Manabi,C,3,0,16.343242389485145
2017-08-17,54,HOME AND KITCHEN II,El Carmen,Manabi,C,3,0,6.103961456421503
2017-08-17,54,HOME APPLIANCES,El Carmen,Manabi,C,3,0,0.0
2017-08-17,54,HOME CARE,El Carmen,Manabi,C,3,0,163.256678742303
2017-08-17,54,LADIESWEAR,El Carmen,Manabi,C,3,0,0.21644382487893554
2017-08-17,54,LAWN AND GARDEN,El Carmen,Manabi,C,3,0,0.23591130780350822
2017-08-17,54,LINGERIE,El Carmen,Manabi,C,3,0,2.3515680919304627
2017-08-17,54,"LIQUOR,WINE,BEER",El Carmen,Manabi,C,3,0,36.773237180542324
2017-08-17,54,MAGAZINES,El Carmen,Manabi,C,3,0,0.40722831127594805
2017-08-17,54,MEATS,El Carmen,Manabi,C,3,0,44.5332316573348
2017-08-17,54,PERSONAL CARE,El Carmen,Manabi,C,3,0,135.28344494800956
2017-08-17,54,PET SUPPLIES,El Carmen,Manabi,C,3,0,0.0
2017-08-17,54,PLAYERS AND ELECTRONICS,El Carmen,Manabi,C,3,0,0.8357979758223356
2017-08-17,54,POULTRY,El Carmen,Manabi,C,3,0,53.03875030186485
2017-08-17,54,PREPARED FOODS,El Carmen,Manabi,C,3,0,75.37995012293489
2017-08-17,54,PRODUCE,El Carmen,Manabi,C,3,0,493.3331588265722
2017-08-17,54,SCHOOL AND OFFICE SUPPLIES,El Carmen,Manabi,C,3,0,0.0
2017-08-17,54,SEAFOOD,El Carmen,Manabi,C,3,0,0.8505027033838833
2017-08-18,1,AUTOMOTIVE,Quito,Pichincha,D,13,0,8.580137314878948
2017-08-18,1,BABY CARE,Quito,Pichincha,D,13,0,4.150902983090507
2017-08-18,1,BEAUTY,Quito,Pichincha,D,13,0,8.309750859257775
2017-08-18,1,BEVERAGES,Quito,Pichincha,D,13,0,1997.828076700761
2017-08-18,1,BOOKS,Quito,Pichincha,D,13,0,4.150902983090507
2017-08-18,1,BREAD/BAKERY,Quito,Pichincha,D,13,0,293.3306840368515
2017-08-18,1,CELEBRATION,Quito,Pichincha,D,13,0,12.311483007660499
2017-08-18,1,CLEANING,Quito,Pichincha,D,13,0,575.5419174625401
2017-08-18,1,DAIRY,Quito,Pichincha,D,13,0,612.8489963787201
2017-08-18,1,DELI,Quito,Pichincha,D,13,0,111.36760304629037
2017-08-18,1,EGGS,Quito,Pichincha,D,13,0,120.93766157744575
2017-08-18,1,FROZEN FOODS,Quito,Pichincha,D,13,0,114.75549668146695
2017-08-18,1,GROCERY I,Quito,Pichincha,D,13,0,2243.189282908649
2017-08-18,1,GROCERY II,Quito,Pichincha,D,13,0,18.97189532681374
2017-08-18,1,HARDWARE,Quito,Pichincha,D,13,0,5.492941469039572
2017-08-18,1,HOME AND KITCHEN I,Quito,Pichincha,D,13,0,36.640384363310325
2017-08-18,1,HOME AND KITCHEN II,Quito,Pichincha,D,13,0,24.65205670338257
2017-08-18,1,HOME APPLIANCES,Quito,Pichincha,D,13,0,4.124117874887419
2017-08-18,1,HOME CARE,Quito,Pichincha,D,13,0,130.05491381756065
2017-08-18,1,LADIESWEAR,Quito,Pichincha,D,13,0,11.987222073095019
2017-08-18,1,LAWN AND GARDEN,Quito,Pichincha,D,13,0,21.277464801055583
2017-08-18,1,LINGERIE,Quito,Pichincha,D,13,0,10.72417446872307
2017-08-18,1,"LIQUOR,WINE,BEER",Quito,Pichincha,D,13,0,110.3901799102747
2017-08-18,1,MAGAZINES,Quito,Pichincha,D,13,0,8.83539454997885
2017-08-18,1,MEATS,Quito,Pichincha,D,13,0,444.14742579171997
2017-08-18,1,PERSONAL CARE,Quito,Pichincha,D,13,0,113.83376314369518
2017-08-18,1,PET SUPPLIES,Quito,Pichincha,D,13,0,8.28188925238464
2017-08-18,1,PLAYERS AND ELECTRONICS,Quito,Pichincha,D,13,0,12.918051993183997
2017-08-18,1,POULTRY,Quito,Pichincha,D,13,0,364.2373195576087
2017-08-18,1,PREPARED FOODS,Quito,Pichincha,D,13,0,47.00797583129047
2017-08-18,1,PRODUCE,Quito,Pichincha,D,13,0,2023.850649493904
2017-08-18,1,SCHOOL AND OFFICE SUPPLIES,Quito,Pichincha,D,13,0,4.105956172338011
2017-08-18,1,SEAFOOD,Quito,Pichincha,D,13,0,25.982578915253118
2017-08-18,2,AUTOMOTIVE,Quito,Pichincha,D,13,0,6.506083665027608
2017-08-18,2,BABY CARE,Quito,Pichincha,D,13,0,2.7058502629882666
2017-08-18,2,BEAUTY,Quito,Pichincha,D,13,0,6.8699301677624725
2017-08-18,2,BEVERAGES,Quito,Pichincha,D,13,0,2560.0981012117722
2017-08-18,2,BOOKS,Quito,Pichincha,D,13,0,2.7058502629882666
2017-08-18,2,BREAD/BAKERY,Quito,Pichincha,D,13,0,590.8769904422944
2017-08-18,2,CELEBRATION,Quito,Pichincha,D,13,0,8.949786353155815
2017-08-18,2,CLEANING,Quito,Pichincha,D,13,0,788.0948620866908
2017-08-18,2,DAIRY,Quito,Pichincha,D,13,0,790.4192706353754
2017-08-18,2,DELI,Quito,Pichincha,D,13,0,214.0921790129004
2017-08-18,2,EGGS,Quito,Pichincha,D,13,0,143.37961115236254
2017-08-18,2,FROZEN FOODS,Quito,Pichincha,D,13,0,121.51029274130326
2017-08-18,2,GROCERY I,Quito,Pichincha,D,13,0,3522.394375119773
2017-08-18,2,GROCERY II,Quito,Pichincha,D,13,0,28.80755944472335
2017-08-18,2,HARDWARE,Quito,Pichincha,D,13,0,3.4565317384553693
2017-08-18,2,HOME AND KITCHEN I,Quito,Pichincha,D,13,0,20.695180719137287
2017-08-18,2,HOME AND KITCHEN II,Quito,Pichincha,D,13,0,29.07253908502259
2017-08-18,2,HOME APPLIANCES,Quito,Pichincha,D,13,0,2.6790651547851785
2017-08-18,2,HOME CARE,Quito,Pichincha,D,13,0,203.46109155663282
2017-08-18,2,LADIESWEAR,Quito,Pichincha,D,13,0,18.04216996715591
2017-08-18,2,LAWN AND GARDEN,Quito,Pichincha,D,13,0,17.79612541469481
2017-08-18,2,LINGERIE,Quito,Pichincha,D,13,0,6.004307214339956
2017-08-18,2,"LIQUOR,WINE,BEER",Quito,Pichincha,D,13,0,127.02593565852402
2017-08-18,2,MAGAZINES,Quito,Pichincha,D,13,0,9.396950971235675
2017-08-18,2,MEATS,Quito,Pichincha,D,13,0,891.6561986550741
2017-08-18,2,PERSONAL CARE,Quito,Pichincha,D,13,0,245.41520451335214
2017-08-18,2,PET SUPPLIES,Quito,Pichincha,D,13,0,7.071654754613018
2017-08-18,2,PLAYERS AND ELECTRONICS,Quito,Pichincha,D,13,0,6.225866902080385
2017-08-18,2,POULTRY,Quito,Pichincha,D,13,0,544.7416720836508
2017-08-18,2,PREPARED FOODS,Quito,Pichincha,D,13,0,108.19345245691667
2017-08-18,2,PRODUCE,Quito,Pichincha,D,13,0,2113.797724968295
2017-08-18,2,SCHOOL AND OFFICE SUPPLIES,Quito,Pichincha,D,13,0,2.66090345223577
2017-08-18,2,SEAFOOD,Quito,Pichincha,D,13,0,31.375846190949968
2017-08-18,3,AUTOMOTIVE,Quito,Pichincha,D,8,0,8.546320233999538
2017-08-18,3,BABY CARE,Quito,Pichincha,D,8,0,2.964478028837523
2017-08-18,3,BEAUTY,Quito,Pichincha,D,8,0,18.060519132666517
2017-08-18,3,BEVERAGES,Quito,Pichincha,D,8,0,8705.64537012762
2017-08-18,3,BOOKS,Quito,Pichincha,D,8,0,2.964478028837523
2017-08-18,3,BREAD/BAKERY,Quito,Pichincha,D,8,0,1142.5698220398733
2017-08-18,3,CELEBRATION,Quito,Pichincha,D,8,0,33.112785890827524
2017-08-18,3,CLEANING,Quito,Pichincha,D,8,0,1825.7123392403885
2017-08-18,3,DAIRY,Quito,Pichincha,D,8,0,2089.9931151908218
2017-08-18,3,DELI,Quito,Pichincha,D,8,0,380.21137877720025
2017-08-18,3,EGGS,Quito,Pichincha,D,8,0,464.300886933469
2017-08-18,3,FROZEN FOODS,Quito,Pichincha,D,8,0,365.7904760778394
2017-08-18,3,GROCERY I,Quito,Pichincha,D,8,0,8380.945793962977
2017-08-18,3,GROCERY II,Quito,Pichincha,D,8,0,68.0264094463515
2017-08-18,3,HARDWARE,Quito,Pichincha,D,8,0,4.2278767278150875
2017-08-18,3,HOME AND KITCHEN I,Quito,Pichincha,D,8,0,72.46496951708613
2017-08-18,3,HOME AND KITCHEN II,Quito,Pichincha,D,8,0,45.1826850832342
2017-08-18,3,HOME APPLIANCES,Quito,Pichincha,D,8,0,2.937692920634435
2017-08-18,3,HOME CARE,Quito,Pichincha,D,8,0,480.0667653330604
2017-08-18,3,LADIESWEAR,Quito,Pichincha,D,8,0,36.192948077274494
2017-08-18,3,LAWN AND GARDEN,Quito,Pichincha,D,8,0,45.4466906501991
2017-08-18,3,LINGERIE,Quito,Pichincha,D,8,0,23.51369044776279
2017-08-18,3,"LIQUOR,WINE,BEER",Quito,Pichincha,D,8,0,332.8509127084398
2017-08-18,3,MAGAZINES,Quito,Pichincha,D,8,0,31.66438294711183
2017-08-18,3,MEATS,Quito,Pichincha,D,8,0,1097.1903601079293
2017-08-18,3,PERSONAL CARE,Quito,Pichincha,D,8,0,474.745051707921
2017-08-18,3,PET SUPPLIES,Quito,Pichincha,D,8,0,20.94077697824302
2017-08-18,3,PLAYERS AND ELECTRONICS,Quito,Pichincha,D,8,0,22.39241797028565
2017-08-18,3,POULTRY,Quito,Pichincha,D,8,0,1376.4850618777614
2017-08-18,3,PREPARED FOODS,Quito,Pichincha,D,8,0,245.06630695288806
2017-08-18,3,PRODUCE,Quito,Pichincha,D,8,0,7572.389645621746
2017-08-18,3,SCHOOL AND OFFICE SUPPLIES,Quito,Pichincha,D,8,0,3.0316394377613607
2017-08-18,3,SEAFOOD,Quito,Pichincha,D,8,0,86.28139929775743
2017-08-18,4,AUTOMOTIVE,Quito,Pichincha,D,9,0,4.076603476053913
2017-08-18,4,BABY CARE,Quito,Pichincha,D,9,0,0.865877134340212
2017-08-18,4,BEAUTY,Quito,Pichincha,D,9,0,4.136401802942251
2017-08-18,4,BEVERAGES,Quito,Pichincha,D,9,0,2280.254244314249
2017-08-18,4,BOOKS,Quito,Pichincha,D,9,0,0.865877134340212
2017-08-18,4,BREAD/BAKERY,Quito,Pichincha,D,9,0,314.0335560531832
2017-08-18,4,CELEBRATION,Quito,Pichincha,D,9,0,5.79373731019135
2017-08-18,4,CLEANING,Quito,Pichincha,D,9,0,763.3860268414479
2017-08-18,4,DAIRY,Quito,Pichincha,D,9,0,695.1989177106523
2017-08-18,4,DELI,Quito,Pichincha,D,9,0,191.3232050999349
2017-08-18,4,EGGS,Quito,Pichincha,D,9,0,120.9332015829592
2017-08-18,4,FROZEN FOODS,Quito,Pichincha,D,9,0,98.29222484199573
2017-08-18,4,GROCERY I,Quito,Pichincha,D,9,0,3007.17067939915
2017-08-18,4,GROCERY II,Quito,Pichincha,D,9,0,21.017241893279095
2017-08-18,4,HARDWARE,Quito,Pichincha,D,9,0,1.4973074320512663
2017-08-18,4,HOME AND KITCHEN I,Quito,Pichincha,D,9,0,18.995235051706832
2017-08-18,4,HOME AND KITCHEN II,Quito,Pichincha,D,9,0,6.525094672391704
2017-08-18,4,HOME APPLIANCES,Quito,Pichincha,D,9,0,0.9019575138332215
2017-08-18,4,HOME CARE,Quito,Pichincha,D,9,0,165.47740106392376
2017-08-18,4,LADIESWEAR,Quito,Pichincha,D,9,0,16.044660457759583
2017-08-18,4,LAWN AND GARDEN,Quito,Pichincha,D,9,0,21.671845279438063
2017-08-18,4,LINGERIE,Quito,Pichincha,D,9,0,2.876391870772292
2017-08-18,4,"LIQUOR,WINE,BEER",Quito,Pichincha,D,9,0,131.00689501124234
2017-08-18,4,MAGAZINES,Quito,Pichincha,D,9,0,5.623839591590391
2017-08-18,4,MEATS,Quito,Pichincha,D,9,0,526.4041947957195
2017-08-18,4,PERSONAL CARE,Quito,Pichincha,D,9,0,205.50314158072288
2017-08-18,4,PET SUPPLIES,Quito,Pichincha,D,9,0,4.676798365933045
2017-08-18,4,PLAYERS AND ELECTRONICS,Quito,Pichincha,D,9,0,5.7146182889527335
2017-08-18,4,POULTRY,Quito,Pichincha,D,9,0,422.75886087862494
2017-08-18,4,PREPARED FOODS,Quito,Pichincha,D,9,0,53.7048823916957
2017-08-18,4,PRODUCE,Quito,Pichincha,D,9,0,2000.8178971234033
2017-08-18,4,SCHOOL AND OFFICE SUPPLIES,Quito,Pichincha,D,9,0,0.8837958112838132
2017-08-18,4,SEAFOOD,Quito,Pichincha,D,9,0,21.79299706896936
2017-08-18,5,AUTOMOTIVE,Santo Domingo,Santo Domingo de los Tsachilas,D,4,0,5.671632051487403
2017-08-18,5,BABY CARE,Santo Domingo,Santo Domingo de los Tsachilas,D,4,0,0.871051657009429
2017-08-18,5,BEAUTY,Santo Domingo,Santo Domingo de los Tsachilas,D,4,0,4.539619978184082
2017-08-18,5,BEVERAGES,Santo Domingo,Santo Domingo de los Tsachilas,D,4,0,1610.9198243135756
2017-08-18,5,BOOKS,Santo Domingo,Santo Domingo de los Tsachilas,D,4,0,0.8081861693133313
2017-08-18,5,BREAD/BAKERY,Santo Domingo,Santo Domingo de los Tsachilas,D,4,0,306.11343576830865
2017-08-18,5,CELEBRATION,Santo Domingo,Santo Domingo de los Tsachilas,D,4,0,23.036354226975337
2017-08-18,5,CLEANING,Santo Domingo,Santo Domingo de los Tsachilas,D,4,0,752.8578825755262
2017-08-18,5,DAIRY,Santo Domingo,Santo Domingo de los Tsachilas,D,4,0,459.71240957513737
2017-08-18,5,DELI,Santo Domingo,Santo Domingo de los Tsachilas,D,4,0,216.37281325081636
2017-08-18,5,EGGS,Santo Domingo,Santo Domingo de los Tsachilas,D,4,0,80.06983027972508
2017-08-18,5,FROZEN FOODS,Santo Domingo,Santo Domingo de los Tsachilas,D,4,0,108.18710763700989
2017-08-18,5,GROCERY I,Santo Domingo,Santo Domingo de los Tsachilas,D,4,0,2660.955911995806
2017-08-18,5,GROCERY II,Santo Domingo,Santo Domingo de los Tsachilas,D,4,0,26.731994732661608
2017-08-18,5,HARDWARE,Santo Domingo,Santo Domingo de los Tsachilas,D,4,0,1.575292016729325
2017-08-18,5,HOME AND KITCHEN I,Santo Domingo,Santo Domingo de los Tsachilas,D,4,0,28.2828004702467
2017-08-18,5,HOME AND KITCHEN II,Santo Domingo,Santo Domingo de los Tsachilas,D,4,0,18.672446109264484
2017-08-18,5,HOME APPLIANCES,Santo Domingo,Santo Domingo de los Tsachilas,D,4,0,0.781401061110243
2017-08-18,5,HOME CARE,Santo Domingo,Santo Domingo de los Tsachilas,D,4,0,173.72945215533625
2017-08-18,5,LADIESWEAR,Santo Domingo,Santo Domingo de los Tsachilas,D,4,0,7.387504958670179
2017-08-18,5,LAWN AND GARDEN,Santo Domingo,Santo Domingo de los Tsachilas,D,4,0,5.81599229734178
2017-08-18,5,LINGERIE,Santo Domingo,Santo Domingo de los Tsachilas,D,4,0,7.181823272575397
2017-08-18,5,"LIQUOR,WINE,BEER",Santo Domingo,Santo Domingo de los Tsachilas,D,4,0,87.17500966391273
2017-08-18,5,MAGAZINES,Santo Domingo,Santo Domingo de los Tsachilas,D,4,0,7.729328025994307
2017-08-18,5,MEATS,Santo Domingo,Santo Domingo de los Tsachilas,D,4,0,284.88845880218156
2017-08-18,5,PERSONAL CARE,Santo Domingo,Santo Domingo de los Tsachilas,D,4,0,185.9353324428159
2017-08-18,5,PET SUPPLIES,Santo Domingo,Santo Domingo de los Tsachilas,D,4,0,2.9680951896898935
2017-08-18,5,PLAYERS AND ELECTRONICS,Santo Domingo,Santo Domingo de los Tsachilas,D,4,0,5.045412130994184
2017-08-18,5,POULTRY,Santo Domingo,Santo Domingo de los Tsachilas,D,4,0,265.4832813289829
2017-08-18,5,PREPARED FOODS,Santo Domingo,Santo Domingo de los Tsachilas,D,4,0,48.458315141950685
2017-08-18,5,PRODUCE,Santo Domingo,Santo Domingo de los Tsachilas,D,4,0,1474.084544169579
2017-08-18,5,SCHOOL AND OFFICE SUPPLIES,Santo Domingo,Santo Domingo de los Tsachilas,D,4,0,1.0487244831066056
2017-08-18,5,SEAFOOD,Santo Domingo,Santo Domingo de los Tsachilas,D,4,0,5.959861852297453
2017-08-18,6,AUTOMOTIVE,Quito,Pichincha,D,13,0,5.117807823582611
2017-08-18,6,BABY CARE,Quito,Pichincha,D,13,0,0.865877134340212
2017-08-18,6,BEAUTY,Quito,Pichincha,D,13,0,4.597310943210964
2017-08-18,6,BEVERAGES,Quito,Pichincha,D,13,0,2975.6594686063527
2017-08-18,6,BOOKS,Quito,Pichincha,D,13,0,0.865877134340212
2017-08-18,6,BREAD/BAKERY,Quito,Pichincha,D,13,0,490.3825369737454
2017-08-18,6,CELEBRATION,Quito,Pichincha,D,13,0,6.767655117763512
2017-08-18,6,CLEANING,Quito,Pichincha,D,13,0,1066.1439007406302
2017-08-18,6,DAIRY,Quito,Pichincha,D,13,0,917.6771952015227
2017-08-18,6,DELI,Quito,Pichincha,D,13,0,320.11268038246516
2017-08-18,6,EGGS,Quito,Pichincha,D,13,0,153.60872278912888
2017-08-18,6,FROZEN FOODS,Quito,Pichincha,D,13,0,146.01393742093126
2017-08-18,6,GROCERY I,Quito,Pichincha,D,13,0,4245.593907871057
2017-08-18,6,GROCERY II,Quito,Pichincha,D,13,0,35.55424973426523
2017-08-18,6,HARDWARE,Quito,Pichincha,D,13,0,1.3851992123749317
2017-08-18,6,HOME AND KITCHEN I,Quito,Pichincha,D,13,0,23.4313173757338
2017-08-18,6,HOME AND KITCHEN II,Quito,Pichincha,D,13,0,41.54454939934712
2017-08-18,6,HOME APPLIANCES,Quito,Pichincha,D,13,0,0.8390920261371236
2017-08-18,6,HOME CARE,Quito,Pichincha,D,13,0,249.46218796688294
2017-08-18,6,LADIESWEAR,Quito,Pichincha,D,13,0,16.044660457759583
2017-08-18,6,LAWN AND GARDEN,Quito,Pichincha,D,13,0,16.376485610711637
2017-08-18,6,LINGERIE,Quito,Pichincha,D,13,0,7.281110529499591
2017-08-18,6,"LIQUOR,WINE,BEER",Quito,Pichincha,D,13,0,129.01641129273656
2017-08-18,6,MAGAZINES,Quito,Pichincha,D,13,0,4.604050968117795
2017-08-18,6,MEATS,Quito,Pichincha,D,13,0,568.4924917590894
2017-08-18,6,PERSONAL CARE,Quito,Pichincha,D,13,0,274.56132658383245
2017-08-18,6,PET SUPPLIES,Quito,Pichincha,D,13,0,6.404992761592128
2017-08-18,6,PLAYERS AND ELECTRONICS,Quito,Pichincha,D,13,0,19.62399134949067
2017-08-18,6,POULTRY,Quito,Pichincha,D,13,0,576.3266325822592
2017-08-18,6,PREPARED FOODS,Quito,Pichincha,D,13,0,110.19806004979935
2017-08-18,6,PRODUCE,Quito,Pichincha,D,13,0,2306.0127286650127
2017-08-18,6,SCHOOL AND OFFICE SUPPLIES,Quito,Pichincha,D,13,0,0.8209303235877153
2017-08-18,6,SEAFOOD,Quito,Pichincha,D,13,0,37.71575887664111
2017-08-18,7,AUTOMOTIVE,Quito,Pichincha,D,8,0,4.260645666391819
2017-08-18,7,BABY CARE,Quito,Pichincha,D,8,0,1.425417297532263
2017-08-18,7,BEAUTY,Quito,Pichincha,D,8,0,4.99553771663735
2017-08-18,7,BEVERAGES,Quito,Pichincha,D,8,0,3436.2296902092526
2017-08-18,7,BOOKS,Quito,Pichincha,D,8,0,1.425417297532263
2017-08-18,7,BREAD/BAKERY,Quito,Pichincha,D,8,0,599.8975810725677
2017-08-18,7,CELEBRATION,Quito,Pichincha,D,8,0,11.967582471955131
2017-08-18,7,CLEANING,Quito,Pichincha,D,8,0,936.4754192786453
2017-08-18,7,DAIRY,Quito,Pichincha,D,8,0,1241.8222023079475
2017-08-18,7,DELI,Quito,Pichincha,D,8,0,163.3200518568985
2017-08-18,7,EGGS,Quito,Pichincha,D,8,0,260.9033329485102
2017-08-18,7,FROZEN FOODS,Quito,Pichincha,D,8,0,214.95692965471454
2017-08-18,7,GROCERY I,Quito,Pichincha,D,8,0,3423.6406774486045
2017-08-18,7,GROCERY II,Quito,Pichincha,D,8,0,35.70236608294115
2017-08-18,7,HARDWARE,Quito,Pichincha,D,8,0,2.344556809409683
2017-08-18,7,HOME AND KITCHEN I,Quito,Pichincha,D,8,0,34.36371977185175
2017-08-18,7,HOME AND KITCHEN II,Quito,Pichincha,D,8,0,38.701001776720794
2017-08-18,7,HOME APPLIANCES,Quito,Pichincha,D,8,0,1.6212518261788442
2017-08-18,7,HOME CARE,Quito,Pichincha,D,8,0,192.66248487633774
2017-08-18,7,LADIESWEAR,Quito,Pichincha,D,8,0,11.497036870436515
2017-08-18,7,LAWN AND GARDEN,Quito,Pichincha,D,8,0,32.578842752309825
2017-08-18,7,LINGERIE,Quito,Pichincha,D,8,0,5.265924172258528
2017-08-18,7,"LIQUOR,WINE,BEER",Quito,Pichincha,D,8,0,231.6102318969593
2017-08-18,7,MAGAZINES,Quito,Pichincha,D,8,0,17.486502768543392
2017-08-18,7,MEATS,Quito,Pichincha,D,8,0,562.4826775713301
2017-08-18,7,PERSONAL CARE,Quito,Pichincha,D,8,0,185.7230358772875
2017-08-18,7,PET SUPPLIES,Quito,Pichincha,D,8,0,4.624576140968979
2017-08-18,7,PLAYERS AND ELECTRONICS,Quito,Pichincha,D,8,0,11.888463450716513
2017-08-18,7,POULTRY,Quito,Pichincha,D,8,0,684.4383978570588
2017-08-18,7,PREPARED FOODS,Quito,Pichincha,D,8,0,121.22839868676161
2017-08-18,7,PRODUCE,Quito,Pichincha,D,8,0,4312.309950115199
2017-08-18,7,SCHOOL AND OFFICE SUPPLIES,Quito,Pichincha,D,8,0,1.4909819039531018
2017-08-18,7,SEAFOOD,Quito,Pichincha,D,8,0,35.706044549282545
2017-08-18,8,AUTOMOTIVE,Quito,Pichincha,D,8,0,3.843782990652039
2017-08-18,8,BABY CARE,Quito,Pichincha,D,8,0,1.6480369343819328
2017-08-18,8,BEAUTY,Quito,Pichincha,D,8,0,6.8464827525268594
2017-08-18,8,BEVERAGES,Quito,Pichincha,D,8,0,4226.192129168808
2017-08-18,8,BOOKS,Quito,Pichincha,D,8,0,1.0139934830161297
2017-08-18,8,BREAD/BAKERY,Quito,Pichincha,D,8,0,776.2315777842634
2017-08-18,8,CELEBRATION,Quito,Pichincha,D,8,0,17.341087824254153
2017-08-18,8,CLEANING,Quito,Pichincha,D,8,0,1088.610572021067
2017-08-18,8,DAIRY,Quito,Pichincha,D,8,0,1388.8702732966199
2017-08-18,8,DELI,Quito,Pichincha,D,8,0,273.5958441293301
2017-08-18,8,EGGS,Quito,Pichincha,D,8,0,280.053852242767
2017-08-18,8,FROZEN FOODS,Quito,Pichincha,D,8,0,162.70933498175577
2017-08-18,8,GROCERY I,Quito,Pichincha,D,8,0,4794.9240235964135
2017-08-18,8,GROCERY II,Quito,Pichincha,D,8,0,38.931452516064354
2017-08-18,8,HARDWARE,Quito,Pichincha,D,8,0,2.499827867684669
2017-08-18,8,HOME AND KITCHEN I,Quito,Pichincha,D,8,0,35.505211424336125
2017-08-18,8,HOME AND KITCHEN II,Quito,Pichincha,D,8,0,41.32607584966318
2017-08-18,8,HOME APPLIANCES,Quito,Pichincha,D,8,0,0.9872083748130412
2017-08-18,8,HOME CARE,Quito,Pichincha,D,8,0,304.14750722870804
2017-08-18,8,LADIESWEAR,Quito,Pichincha,D,8,0,28.655570548011127
2017-08-18,8,LAWN AND GARDEN,Quito,Pichincha,D,8,0,33.14954456994309
2017-08-18,8,LINGERIE,Quito,Pichincha,D,8,0,19.530340667937637
2017-08-18,8,"LIQUOR,WINE,BEER",Quito,Pichincha,D,8,0,197.01787452211823
2017-08-18,8,MAGAZINES,Quito,Pichincha,D,8,0,15.696888583196161
2017-08-18,8,MEATS,Quito,Pichincha,D,8,0,541.9675829852688
2017-08-18,8,PERSONAL CARE,Quito,Pichincha,D,8,0,309.032084674723
2017-08-18,8,PET SUPPLIES,Quito,Pichincha,D,8,0,16.035148016397102
2017-08-18,8,PLAYERS AND ELECTRONICS,Quito,Pichincha,D,8,0,16.31869135132984
2017-08-18,8,POULTRY,Quito,Pichincha,D,8,0,738.4937476340723
2017-08-18,8,PREPARED FOODS,Quito,Pichincha,D,8,0,129.60322677344865
2017-08-18,8,PRODUCE,Quito,Pichincha,D,8,0,3974.704942275526
2017-08-18,8,SCHOOL AND OFFICE SUPPLIES,Quito,Pichincha,D,8,0,1.4909819039531018
2017-08-18,8,SEAFOOD,Quito,Pichincha,D,8,0,34.060927288619695
2017-08-18,9,AUTOMOTIVE,Quito,Pichincha,B,6,0,9.2994412469333
2017-08-18,9,BABY CARE,Quito,Pichincha,B,6,0,0.3536959783756607
2017-08-18,9,BEAUTY,Quito,Pichincha,B,6,0,4.8838899172324535
2017-08-18,9,BEVERAGES,Quito,Pichincha,B,6,0,2782.5908897075255
2017-08-18,9,BOOKS,Quito,Pichincha,B,6,0,0.11588414476481428
2017-08-18,9,BREAD/BAKERY,Quito,Pichincha,B,6,0,405.5901280331312
2017-08-18,9,CELEBRATION,Quito,Pichincha,B,6,0,9.816322375290403
2017-08-18,9,CLEANING,Quito,Pichincha,B,6,0,1403.038028523817
2017-08-18,9,DAIRY,Quito,Pichincha,B,6,0,710.2282750572069
2017-08-18,9,DELI,Quito,Pichincha,B,6,0,563.8406638828382
2017-08-18,9,EGGS,Quito,Pichincha,B,6,0,147.11213905240209
2017-08-18,9,FROZEN FOODS,Quito,Pichincha,B,6,0,106.83104320881851
2017-08-18,9,GROCERY I,Quito,Pichincha,B,6,0,5649.350341211888
2017-08-18,9,GROCERY II,Quito,Pichincha,B,6,0,7.538241756125084
2017-08-18,9,HARDWARE,Quito,Pichincha,B,6,0,1.0579363380955566
2017-08-18,9,HOME AND KITCHEN I,Quito,Pichincha,B,6,0,50.32110375079801
2017-08-18,9,HOME AND KITCHEN II,Quito,Pichincha,B,6,0,37.94984117568062
2017-08-18,9,HOME APPLIANCES,Quito,Pichincha,B,6,0,0.08909903656172592
2017-08-18,9,HOME CARE,Quito,Pichincha,B,6,0,338.1731055913298
2017-08-18,9,LADIESWEAR,Quito,Pichincha,B,6,0,4.402141907466094
2017-08-18,9,LAWN AND GARDEN,Quito,Pichincha,B,6,0,4.278334519133452
2017-08-18,9,LINGERIE,Quito,Pichincha,B,6,0,5.839964379615743
2017-08-18,9,"LIQUOR,WINE,BEER",Quito,Pichincha,B,6,0,69.90954905185757
2017-08-18,9,MAGAZINES,Quito,Pichincha,B,6,0,3.8857294531999482
2017-08-18,9,MEATS,Quito,Pichincha,B,6,0,333.61446902305374
2017-08-18,9,PERSONAL CARE,Quito,Pichincha,B,6,0,367.0432809780772
2017-08-18,9,PET SUPPLIES,Quito,Pichincha,B,6,0,3.805834843415825
2017-08-18,9,PLAYERS AND ELECTRONICS,Quito,Pichincha,B,6,0,4.528056452360415
2017-08-18,9,POULTRY,Quito,Pichincha,B,6,0,463.0417202663608
2017-08-18,9,PREPARED FOODS,Quito,Pichincha,B,6,0,114.49843576718021
2017-08-18,9,PRODUCE,Quito,Pichincha,B,6,0,1301.830156048973
2017-08-18,9,SCHOOL AND OFFICE SUPPLIES,Quito,Pichincha,B,6,0,121.44634968348223
2017-08-18,9,SEAFOOD,Quito,Pichincha,B,6,0,15.922590756582302
2017-08-18,10,AUTOMOTIVE,Quito,Pichincha,C,15,0,2.1532288784357254
2017-08-18,10,BABY CARE,Quito,Pichincha,C,15,0,0.0
2017-08-18,10,BEAUTY,Quito,Pichincha,C,15,0,2.438543489681871
2017-08-18,10,BEVERAGES,Quito,Pichincha,C,15,0,1412.632380767087
2017-08-18,10,BOOKS,Quito,Pichincha,C,15,0,0.0
2017-08-18,10,BREAD/BAKERY,Quito,Pichincha,C,15,0,87.47659534626
2017-08-18,10,CELEBRATION,Quito,Pichincha,C,15,0,3.4537806190564195
2017-08-18,10,CLEANING,Quito,Pichincha,C,15,0,621.4680358392671
2017-08-18,10,DAIRY,Quito,Pichincha,C,15,0,245.5828995735794
2017-08-18,10,DELI,Quito,Pichincha,C,15,0,266.7979974745152
2017-08-18,10,EGGS,Quito,Pichincha,C,15,0,28.307679204862502
2017-08-18,10,FROZEN FOODS,Quito,Pichincha,C,15,0,32.218685384698574
2017-08-18,10,GROCERY I,Quito,Pichincha,C,15,0,2317.3857772847728
2017-08-18,10,GROCERY II,Quito,Pichincha,C,15,0,4.10446400567037
2017-08-18,10,HARDWARE,Quito,Pichincha,C,15,0,0.20296647604499368
2017-08-18,10,HOME AND KITCHEN I,Quito,Pichincha,C,15,0,4.769826457776813
2017-08-18,10,HOME AND KITCHEN II,Quito,Pichincha,C,15,0,6.090161480865189
2017-08-18,10,HOME APPLIANCES,Quito,Pichincha,C,15,0,0.1787945214966547
2017-08-18,10,HOME CARE,Quito,Pichincha,C,15,0,129.0252429157804
2017-08-18,10,LADIESWEAR,Quito,Pichincha,C,15,0,3.7794214431163518
2017-08-18,10,LAWN AND GARDEN,Quito,Pichincha,C,15,0,1.0340447157673658
2017-08-18,10,LINGERIE,Quito,Pichincha,C,15,0,1.8821426876219827
2017-08-18,10,"LIQUOR,WINE,BEER",Quito,Pichincha,C,15,0,19.45015678449542
2017-08-18,10,MAGAZINES,Quito,Pichincha,C,15,0,0.9575779498585323
2017-08-18,10,MEATS,Quito,Pichincha,C,15,0,155.28572493073008
2017-08-18,10,PERSONAL CARE,Quito,Pichincha,C,15,0,152.23634126951703
2017-08-18,10,PET SUPPLIES,Quito,Pichincha,C,15,0,1.1424335673501176
2017-08-18,10,PLAYERS AND ELECTRONICS,Quito,Pichincha,C,15,0,2.62209233897497
2017-08-18,10,POULTRY,Quito,Pichincha,C,15,0,137.2568390703088
2017-08-18,10,PREPARED FOODS,Quito,Pichincha,C,15,0,20.783199941546812
2017-08-18,10,PRODUCE,Quito,Pichincha,C,15,0,225.66800277278833
2017-08-18,10,SCHOOL AND OFFICE SUPPLIES,Quito,Pichincha,C,15,0,3.6498481423565847
2017-08-18,10,SEAFOOD,Quito,Pichincha,C,15,0,2.600871224874524
2017-08-18,11,AUTOMOTIVE,Cayambe,Pichincha,B,6,0,4.813359109612028
2017-08-18,11,BABY CARE,Cayambe,Pichincha,B,6,0,0.18049225648467587
2017-08-18,11,BEAUTY,Cayambe,Pichincha,B,6,0,3.501768306462159
2017-08-18,11,BEVERAGES,Cayambe,Pichincha,B,6,0,4931.608274388363
2017-08-18,11,BOOKS,Cayambe,Pichincha,B,6,0,0.0
2017-08-18,11,BREAD/BAKERY,Cayambe,Pichincha,B,6,0,725.0042083219236
2017-08-18,11,CELEBRATION,Cayambe,Pichincha,B,6,0,17.03123900302874
2017-08-18,11,CLEANING,Cayambe,Pichincha,B,6,0,1648.785768977026
2017-08-18,11,DAIRY,Cayambe,Pichincha,B,6,0,556.8058260287673
2017-08-18,11,DELI,Cayambe,Pichincha,B,6,0,509.02979225632276
2017-08-18,11,EGGS,Cayambe,Pichincha,B,6,0,245.5898122757868
2017-08-18,11,FROZEN FOODS,Cayambe,Pichincha,B,6,0,97.68734467432982
2017-08-18,11,GROCERY I,Cayambe,Pichincha,B,6,0,7372.233008518527
2017-08-18,11,GROCERY II,Cayambe,Pichincha,B,6,0,24.23090978871478
2017-08-18,11,HARDWARE,Cayambe,Pichincha,B,6,0,0.8025926498535866
2017-08-18,11,HOME AND KITCHEN I,Cayambe,Pichincha,B,6,0,29.40636595855462
2017-08-18,11,HOME AND KITCHEN II,Cayambe,Pichincha,B,6,0,11.480681121244752
2017-08-18,11,HOME APPLIANCES,Cayambe,Pichincha,B,6,0,0.0
2017-08-18,11,HOME CARE,Cayambe,Pichincha,B,6,0,392.5365121659623
2017-08-18,11,LADIESWEAR,Cayambe,Pichincha,B,6,0,4.6727398371561595
2017-08-18,11,LAWN AND GARDEN,Cayambe,Pichincha,B,6,0,3.3059919801362323
2017-08-18,11,LINGERIE,Cayambe,Pichincha,B,6,0,4.813359109612028
2017-08-18,11,"LIQUOR,WINE,BEER",Cayambe,Pichincha,B,6,0,44.974447361897134
2017-08-18,11,MAGAZINES,Cayambe,Pichincha,B,6,0,2.0333012651147198
2017-08-18,11,MEATS,Cayambe,Pichincha,B,6,0,617.2720642983724
2017-08-18,11,PERSONAL CARE,Cayambe,Pichincha,B,6,0,327.1989361170363
2017-08-18,11,PET SUPPLIES,Cayambe,Pichincha,B,6,0,2.10604866292997
2017-08-18,11,PLAYERS AND ELECTRONICS,Cayambe,Pichincha,B,6,0,15.001299773112676
2017-08-18,11,POULTRY,Cayambe,Pichincha,B,6,0,458.71606550467965
2017-08-18,11,PREPARED FOODS,Cayambe,Pichincha,B,6,0,98.56877657817576
2017-08-18,11,PRODUCE,Cayambe,Pichincha,B,6,0,1415.3811201945482
2017-08-18,11,SCHOOL AND OFFICE SUPPLIES,Cayambe,Pichincha,B,6,0,21.441427262627016
2017-08-18,11,SEAFOOD,Cayambe,Pichincha,B,6,0,4.813359109612028
2017-08-18,12,AUTOMOTIVE,Latacunga,Cotopaxi,C,15,0,4.9584898735797
2017-08-18,12,BABY CARE,Latacunga,Cotopaxi,C,15,0,0.1951602164367245
2017-08-18,12,BEAUTY,Latacunga,Cotopaxi,C,15,0,2.386390063365999
2017-08-18,12,BEVERAGES,Latacunga,Cotopaxi,C,15,0,1371.1654548439315
2017-08-18,12,BOOKS,Latacunga,Cotopaxi,C,15,0,0.1951602164367245
2017-08-18,12,BREAD/BAKERY,Latacunga,Cotopaxi,C,15,0,155.96145064211404
2017-08-18,12,CELEBRATION,Latacunga,Cotopaxi,C,15,0,23.652304592793662
2017-08-18,12,CLEANING,Latacunga,Cotopaxi,C,15,0,706.90702976244
2017-08-18,12,DAIRY,Latacunga,Cotopaxi,C,15,0,326.20221559321595
2017-08-18,12,DELI,Latacunga,Cotopaxi,C,15,0,198.1866732689386
2017-08-18,12,EGGS,Latacunga,Cotopaxi,C,15,0,55.87926932124231
2017-08-18,12,FROZEN FOODS,Latacunga,Cotopaxi,C,15,0,43.98746572936289
2017-08-18,12,GROCERY I,Latacunga,Cotopaxi,C,15,0,2380.2653239993224
2017-08-18,12,GROCERY II,Latacunga,Cotopaxi,C,15,0,5.638175188310709
2017-08-18,12,HARDWARE,Latacunga,Cotopaxi,C,15,0,0.9922069557203824
2017-08-18,12,HOME AND KITCHEN I,Latacunga,Cotopaxi,C,15,0,10.650167431397062
2017-08-18,12,HOME AND KITCHEN II,Latacunga,Cotopaxi,C,15,0,17.118140162260108
2017-08-18,12,HOME APPLIANCES,Latacunga,Cotopaxi,C,15,0,0.16837510823363616
2017-08-18,12,HOME CARE,Latacunga,Cotopaxi,C,15,0,124.06261608754231
2017-08-18,12,LADIESWEAR,Latacunga,Cotopaxi,C,15,0,4.889293789057059
2017-08-18,12,LAWN AND GARDEN,Latacunga,Cotopaxi,C,15,0,1.53759235631882
2017-08-18,12,LINGERIE,Latacunga,Cotopaxi,C,15,0,4.060560397308213
2017-08-18,12,"LIQUOR,WINE,BEER",Latacunga,Cotopaxi,C,15,0,46.50891885789696
2017-08-18,12,MAGAZINES,Latacunga,Cotopaxi,C,15,0,2.285781058677613
2017-08-18,12,MEATS,Latacunga,Cotopaxi,C,15,0,120.89413709943247
2017-08-18,12,PERSONAL CARE,Latacunga,Cotopaxi,C,15,0,147.24137167444619
2017-08-18,12,PET SUPPLIES,Latacunga,Cotopaxi,C,15,0,2.1829421622478615
2017-08-18,12,PLAYERS AND ELECTRONICS,Latacunga,Cotopaxi,C,15,0,5.662649368545044
2017-08-18,12,POULTRY,Latacunga,Cotopaxi,C,15,0,160.132788216949
2017-08-18,12,PREPARED FOODS,Latacunga,Cotopaxi,C,15,0,30.709290303861845
2017-08-18,12,PRODUCE,Latacunga,Cotopaxi,C,15,0,313.86967398601433
2017-08-18,12,SCHOOL AND OFFICE SUPPLIES,Latacunga,Cotopaxi,C,15,0,4.932557407217115
2017-08-18,12,SEAFOOD,Latacunga,Cotopaxi,C,15,0,2.811008730455815
2017-08-18,13,AUTOMOTIVE,Latacunga,Cotopaxi,C,15,0,4.02463455564622
2017-08-18,13,BABY CARE,Latacunga,Cotopaxi,C,15,0,0.1951602164367245
2017-08-18,13,BEAUTY,Latacunga,Cotopaxi,C,15,0,3.301178387180716
2017-08-18,13,BEVERAGES,Latacunga,Cotopaxi,C,15,0,1644.168176374683
2017-08-18,13,BOOKS,Latacunga,Cotopaxi,C,15,0,0.1951602164367245
2017-08-18,13,BREAD/BAKERY,Latacunga,Cotopaxi,C,15,0,105.55254254948196
2017-08-18,13,CELEBRATION,Latacunga,Cotopaxi,C,15,0,6.007280425169337
2017-08-18,13,CLEANING,Latacunga,Cotopaxi,C,15,0,621.4408616811975
2017-08-18,13,DAIRY,Latacunga,Cotopaxi,C,15,0,243.17039955221512
2017-08-18,13,DELI,Latacunga,Cotopaxi,C,15,0,137.219313548514
2017-08-18,13,EGGS,Latacunga,Cotopaxi,C,15,0,34.70028112218208
2017-08-18,13,FROZEN FOODS,Latacunga,Cotopaxi,C,15,0,29.177863919190717
2017-08-18,13,GROCERY I,Latacunga,Cotopaxi,C,15,0,2528.454269932087
2017-08-18,13,GROCERY II,Latacunga,Cotopaxi,C,15,0,9.896579114359245
2017-08-18,13,HARDWARE,Latacunga,Cotopaxi,C,15,0,0.9922069557203824
2017-08-18,13,HOME AND KITCHEN I,Latacunga,Cotopaxi,C,15,0,12.078264535725225
2017-08-18,13,HOME AND KITCHEN II,Latacunga,Cotopaxi,C,15,0,6.761355552794066
2017-08-18,13,HOME APPLIANCES,Latacunga,Cotopaxi,C,15,0,0.16837510823363616
2017-08-18,13,HOME CARE,Latacunga,Cotopaxi,C,15,0,116.48924814650054
2017-08-18,13,LADIESWEAR,Latacunga,Cotopaxi,C,15,0,2.340570952286307
2017-08-18,13,LAWN AND GARDEN,Latacunga,Cotopaxi,C,15,0,1.53759235631882
2017-08-18,13,LINGERIE,Latacunga,Cotopaxi,C,15,0,2.6567765189871806
2017-08-18,13,"LIQUOR,WINE,BEER",Latacunga,Cotopaxi,C,15,0,50.45305155649838
2017-08-18,13,MAGAZINES,Latacunga,Cotopaxi,C,15,0,1.4611255904099862
2017-08-18,13,MEATS,Latacunga,Cotopaxi,C,15,0,127.84088457577771
2017-08-18,13,PERSONAL CARE,Latacunga,Cotopaxi,C,15,0,148.04505603881404
2017-08-18,13,PET SUPPLIES,Latacunga,Cotopaxi,C,15,0,1.6459812079015719
2017-08-18,13,PLAYERS AND ELECTRONICS,Latacunga,Cotopaxi,C,15,0,4.188617064901911
2017-08-18,13,POULTRY,Latacunga,Cotopaxi,C,15,0,95.6388851436457
2017-08-18,13,PREPARED FOODS,Latacunga,Cotopaxi,C,15,0,19.233304111038386
2017-08-18,13,PRODUCE,Latacunga,Cotopaxi,C,15,0,186.32177311676327
2017-08-18,13,SCHOOL AND OFFICE SUPPLIES,Latacunga,Cotopaxi,C,15,0,6.789049586855762
2017-08-18,13,SEAFOOD,Latacunga,Cotopaxi,C,15,0,2.2859406201304915
2017-08-18,14,AUTOMOTIVE,Riobamba,Chimborazo,C,7,0,4.47128635474592
2017-08-18,14,BABY CARE,Riobamba,Chimborazo,C,7,0,1.2627846716575921
2017-08-18,14,BEAUTY,Riobamba,Chimborazo,C,7,0,2.4787683314034576
2017-08-18,14,BEVERAGES,Riobamba,Chimborazo,C,7,0,1544.3567151530156
2017-08-18,14,BOOKS,Riobamba,Chimborazo,C,7,0,1.2627846716575921
2017-08-18,14,BREAD/BAKERY,Riobamba,Chimborazo,C,7,0,151.87758296409524
2017-08-18,14,CELEBRATION,Riobamba,Chimborazo,C,7,0,12.877510886711857
2017-08-18,14,CLEANING,Riobamba,Chimborazo,C,7,0,765.6648249041514
2017-08-18,14,DAIRY,Riobamba,Chimborazo,C,7,0,330.97836644636374
2017-08-18,14,DELI,Riobamba,Chimborazo,C,7,0,276.9778441009722
2017-08-18,14,EGGS,Riobamba,Chimborazo,C,7,0,27.56794433545879
2017-08-18,14,FROZEN FOODS,Riobamba,Chimborazo,C,7,0,41.768005242692425
2017-08-18,14,GROCERY I,Riobamba,Chimborazo,C,7,0,2582.0757209821086
2017-08-18,14,GROCERY II,Riobamba,Chimborazo,C,7,0,5.043622639881703
2017-08-18,14,HARDWARE,Riobamba,Chimborazo,C,7,0,1.260171518002843
2017-08-18,14,HOME AND KITCHEN I,Riobamba,Chimborazo,C,7,0,5.636104638813479
2017-08-18,14,HOME AND KITCHEN II,Riobamba,Chimborazo,C,7,0,17.69846239457003
2017-08-18,14,HOME APPLIANCES,Riobamba,Chimborazo,C,7,0,1.2359995634545036
2017-08-18,14,HOME CARE,Riobamba,Chimborazo,C,7,0,140.90379388472985
2017-08-18,14,LADIESWEAR,Riobamba,Chimborazo,C,7,0,2.513035618000026
2017-08-18,14,LAWN AND GARDEN,Riobamba,Chimborazo,C,7,0,1.8684224062973775
2017-08-18,14,LINGERIE,Riobamba,Chimborazo,C,7,0,3.8395294050843574
2017-08-18,14,"LIQUOR,WINE,BEER",Riobamba,Chimborazo,C,7,0,24.49172827959482
2017-08-18,14,MAGAZINES,Riobamba,Chimborazo,C,7,0,3.5406668235413243
2017-08-18,14,MEATS,Riobamba,Chimborazo,C,7,0,230.46086728645042
2017-08-18,14,PERSONAL CARE,Riobamba,Chimborazo,C,7,0,242.23901658623402
2017-08-18,14,PET SUPPLIES,Riobamba,Chimborazo,C,7,0,2.2197312782566376
2017-08-18,14,PLAYERS AND ELECTRONICS,Riobamba,Chimborazo,C,7,0,5.319098737895833
2017-08-18,14,POULTRY,Riobamba,Chimborazo,C,7,0,77.39990704274089
2017-08-18,14,PREPARED FOODS,Riobamba,Chimborazo,C,7,0,88.003940197143
2017-08-18,14,PRODUCE,Riobamba,Chimborazo,C,7,0,335.81922456942635
2017-08-18,14,SCHOOL AND OFFICE SUPPLIES,Riobamba,Chimborazo,C,7,0,4.388668202927922
2017-08-18,14,SEAFOOD,Riobamba,Chimborazo,C,7,0,4.765545295593447
2017-08-18,15,AUTOMOTIVE,Ibarra,Imbabura,C,15,0,4.5815031052555355
2017-08-18,15,BABY CARE,Ibarra,Imbabura,C,15,0,1.4001534475274449
2017-08-18,15,BEAUTY,Ibarra,Imbabura,C,15,0,4.168355254479108
2017-08-18,15,BEVERAGES,Ibarra,Imbabura,C,15,0,1605.790742941629
2017-08-18,15,BOOKS,Ibarra,Imbabura,C,15,0,0.315008430043266
2017-08-18,15,BREAD/BAKERY,Ibarra,Imbabura,C,15,0,127.35371526800762
2017-08-18,15,CELEBRATION,Ibarra,Imbabura,C,15,0,5.013836995156554
2017-08-18,15,CLEANING,Ibarra,Imbabura,C,15,0,767.2332577675411
2017-08-18,15,DAIRY,Ibarra,Imbabura,C,15,0,293.363092553267
2017-08-18,15,DELI,Ibarra,Imbabura,C,15,0,268.70750370836976
2017-08-18,15,EGGS,Ibarra,Imbabura,C,15,0,86.43242420423353
2017-08-18,15,FROZEN FOODS,Ibarra,Imbabura,C,15,0,54.884340376081404
2017-08-18,15,GROCERY I,Ibarra,Imbabura,C,15,0,2329.5569379092226
2017-08-18,15,GROCERY II,Ibarra,Imbabura,C,15,0,5.189765232053315
2017-08-18,15,HARDWARE,Ibarra,Imbabura,C,15,0,1.3975402938726957
2017-08-18,15,HOME AND KITCHEN I,Ibarra,Imbabura,C,15,0,8.471181208534722
2017-08-18,15,HOME AND KITCHEN II,Ibarra,Imbabura,C,15,0,11.667502736530635
2017-08-18,15,HOME APPLIANCES,Ibarra,Imbabura,C,15,0,0.2882233218401777
2017-08-18,15,HOME CARE,Ibarra,Imbabura,C,15,0,165.90622627097517
2017-08-18,15,LADIESWEAR,Ibarra,Imbabura,C,15,0,5.310579879711268
2017-08-18,15,LAWN AND GARDEN,Ibarra,Imbabura,C,15,0,1.6574405699253625
2017-08-18,15,LINGERIE,Ibarra,Imbabura,C,15,0,4.144482769252761
2017-08-18,15,"LIQUOR,WINE,BEER",Ibarra,Imbabura,C,15,0,28.25392358679365
2017-08-18,15,MAGAZINES,Ibarra,Imbabura,C,15,0,2.405629272284155
2017-08-18,15,MEATS,Ibarra,Imbabura,C,15,0,120.75749112097672
2017-08-18,15,PERSONAL CARE,Ibarra,Imbabura,C,15,0,138.18608880851306
2017-08-18,15,PET SUPPLIES,Ibarra,Imbabura,C,15,0,2.0716149295807207
2017-08-18,15,PLAYERS AND ELECTRONICS,Ibarra,Imbabura,C,15,0,4.308465278508452
2017-08-18,15,POULTRY,Ibarra,Imbabura,C,15,0,116.44287949088482
2017-08-18,15,PREPARED FOODS,Ibarra,Imbabura,C,15,0,36.5044776480817
2017-08-18,15,PRODUCE,Ibarra,Imbabura,C,15,0,523.4559796304421
2017-08-18,15,SCHOOL AND OFFICE SUPPLIES,Ibarra,Imbabura,C,15,0,5.7380936275857675
2017-08-18,15,SEAFOOD,Ibarra,Imbabura,C,15,0,3.655487214746445
2017-08-18,16,AUTOMOTIVE,Santo Domingo,Santo Domingo de los Tsachilas,C,3,0,3.326434755201502
2017-08-18,16,BABY CARE,Santo Domingo,Santo Domingo de los Tsachilas,C,3,0,0.147888664672862
2017-08-18,16,BEAUTY,Santo Domingo,Santo Domingo de los Tsachilas,C,3,0,1.0364218311820326
2017-08-18,16,BEVERAGES,Santo Domingo,Santo Domingo de los Tsachilas,C,3,0,1563.7312632168755
2017-08-18,16,BOOKS,Santo Domingo,Santo Domingo de los Tsachilas,C,3,0,0.0
2017-08-18,16,BREAD/BAKERY,Santo Domingo,Santo Domingo de los Tsachilas,C,3,0,121.12276738256772
2017-08-18,16,CELEBRATION,Santo Domingo,Santo Domingo de los Tsachilas,C,3,0,3.3960896540295398
2017-08-18,16,CLEANING,Santo Domingo,Santo Domingo de los Tsachilas,C,3,0,613.380463527354
2017-08-18,16,DAIRY,Santo Domingo,Santo Domingo de los Tsachilas,C,3,0,224.3059093293325
2017-08-18,16,DELI,Santo Domingo,Santo Domingo de los Tsachilas,C,3,0,137.15089730452937
2017-08-18,16,EGGS,Santo Domingo,Santo Domingo de los Tsachilas,C,3,0,103.5922234062478
2017-08-18,16,FROZEN FOODS,Santo Domingo,Santo Domingo de los Tsachilas,C,3,0,33.432093613900044
2017-08-18,16,GROCERY I,Santo Domingo,Santo Domingo de los Tsachilas,C,3,0,1766.249046934408
2017-08-18,16,GROCERY II,Santo Domingo,Santo Domingo de los Tsachilas,C,3,0,4.380292772231352
2017-08-18,16,HARDWARE,Santo Domingo,Santo Domingo de los Tsachilas,C,3,0,0.0
2017-08-18,16,HOME AND KITCHEN I,Santo Domingo,Santo Domingo de los Tsachilas,C,3,0,12.201648170419944
2017-08-18,16,HOME AND KITCHEN II,Santo Domingo,Santo Domingo de los Tsachilas,C,3,0,15.514509421967356
2017-08-18,16,HOME APPLIANCES,Santo Domingo,Santo Domingo de los Tsachilas,C,3,0,0.0
2017-08-18,16,HOME CARE,Santo Domingo,Santo Domingo de los Tsachilas,C,3,0,137.73393784223077
2017-08-18,16,LADIESWEAR,Santo Domingo,Santo Domingo de los Tsachilas,C,3,0,0.9568862678159119
2017-08-18,16,LAWN AND GARDEN,Santo Domingo,Santo Domingo de los Tsachilas,C,3,0,0.9763537507404846
2017-08-18,16,LINGERIE,Santo Domingo,Santo Domingo de los Tsachilas,C,3,0,2.5791061015096375
2017-08-18,16,"LIQUOR,WINE,BEER",Santo Domingo,Santo Domingo de los Tsachilas,C,3,0,36.64745989383369
2017-08-18,16,MAGAZINES,Santo Domingo,Santo Domingo de los Tsachilas,C,3,0,1.1476707542129256
2017-08-18,16,MEATS,Santo Domingo,Santo Domingo de los Tsachilas,C,3,0,46.263274792270764
2017-08-18,16,PERSONAL CARE,Santo Domingo,Santo Domingo de los Tsachilas,C,3,0,102.03439307026173
2017-08-18,16,PET SUPPLIES,Santo Domingo,Santo Domingo de los Tsachilas,C,3,0,1.0847426023232365
2017-08-18,16,PLAYERS AND ELECTRONICS,Santo Domingo,Santo Domingo de los Tsachilas,C,3,0,2.080833185847301
2017-08-18,16,POULTRY,Santo Domingo,Santo Domingo de los Tsachilas,C,3,0,75.222101724485
2017-08-18,16,PREPARED FOODS,Santo Domingo,Santo Domingo de los Tsachilas,C,3,0,24.688320530234332
2017-08-18,16,PRODUCE,Santo Domingo,Santo Domingo de los Tsachilas,C,3,0,432.01074933815755
2017-08-18,16,SCHOOL AND OFFICE SUPPLIES,Santo Domingo,Santo Domingo de los Tsachilas,C,3,0,0.0
2017-08-18,16,SEAFOOD,Santo Domingo,Santo Domingo de los Tsachilas,C,3,0,1.518666214522493
2017-08-18,17,AUTOMOTIVE,Quito,Pichincha,C,12,0,4.394644831246045
2017-08-18,17,BABY CARE,Quito,Pichincha,C,12,0,0.20557962969974292
2017-08-18,17,BEAUTY,Quito,Pichincha,C,12,0,1.8828424228145464
2017-08-18,17,BEVERAGES,Quito,Pichincha,C,12,0,2615.9120553875246
2017-08-18,17,BOOKS,Quito,Pichincha,C,12,0,0.0
2017-08-18,17,BREAD/BAKERY,Quito,Pichincha,C,12,0,267.42618680544246
2017-08-18,17,CELEBRATION,Quito,Pichincha,C,12,0,4.7245711603087885
2017-08-18,17,CLEANING,Quito,Pichincha,C,12,0,905.2994394030637
2017-08-18,17,DAIRY,Quito,Pichincha,C,12,0,575.0914035610353
2017-08-18,17,DELI,Quito,Pichincha,C,12,0,517.9041931705628
2017-08-18,17,EGGS,Quito,Pichincha,C,12,0,147.78973401893805
2017-08-18,17,FROZEN FOODS,Quito,Pichincha,C,12,0,98.72246840351916
2017-08-18,17,GROCERY I,Quito,Pichincha,C,12,0,3810.904439937064
2017-08-18,17,GROCERY II,Quito,Pichincha,C,12,0,10.620734216949986
2017-08-18,17,HARDWARE,Quito,Pichincha,C,12,0,0.9098199894196387
2017-08-18,17,HOME AND KITCHEN I,Quito,Pichincha,C,12,0,24.441191643329468
2017-08-18,17,HOME AND KITCHEN II,Quito,Pichincha,C,12,0,18.58415594332595
2017-08-18,17,HOME APPLIANCES,Quito,Pichincha,C,12,0,0.0
2017-08-18,17,HOME CARE,Quito,Pichincha,C,12,0,237.7964508715886
2017-08-18,17,LADIESWEAR,Quito,Pichincha,C,12,0,1.0145772328427933
2017-08-18,17,LAWN AND GARDEN,Quito,Pichincha,C,12,0,1.0340447157673658
2017-08-18,17,LINGERIE,Quito,Pichincha,C,12,0,4.358718989584051
2017-08-18,17,"LIQUOR,WINE,BEER",Quito,Pichincha,C,12,0,56.26445166154205
2017-08-18,17,MAGAZINES,Quito,Pichincha,C,12,0,3.549045255262663
2017-08-18,17,MEATS,Quito,Pichincha,C,12,0,230.22105369978186
2017-08-18,17,PERSONAL CARE,Quito,Pichincha,C,12,0,213.96362098156695
2017-08-18,17,PET SUPPLIES,Quito,Pichincha,C,12,0,1.5491953078688008
2017-08-18,17,PLAYERS AND ELECTRONICS,Quito,Pichincha,C,12,0,4.609526297408178
2017-08-18,17,POULTRY,Quito,Pichincha,C,12,0,328.0789526253782
2017-08-18,17,PREPARED FOODS,Quito,Pichincha,C,12,0,53.77127421318961
2017-08-18,17,PRODUCE,Quito,Pichincha,C,12,0,1134.3837647635414
2017-08-18,17,SCHOOL AND OFFICE SUPPLIES,Quito,Pichincha,C,12,0,20.75503872560001
2017-08-18,17,SEAFOOD,Quito,Pichincha,C,12,0,7.922019633149348
2017-08-18,18,AUTOMOTIVE,Quito,Pichincha,B,16,0,3.0898667793808565
2017-08-18,18,BABY CARE,Quito,Pichincha,B,16,0,0.3160910468730812
2017-08-18,18,BEAUTY,Quito,Pichincha,B,16,0,2.438543489681871
2017-08-18,18,BEVERAGES,Quito,Pichincha,B,16,0,1683.443613675277
2017-08-18,18,BOOKS,Quito,Pichincha,B,16,0,0.0
2017-08-18,18,BREAD/BAKERY,Quito,Pichincha,B,16,0,446.10762736725434
2017-08-18,18,CELEBRATION,Quito,Pichincha,B,16,0,6.044492125426946
2017-08-18,18,CLEANING,Quito,Pichincha,B,16,0,475.714884318787
2017-08-18,18,DAIRY,Quito,Pichincha,B,16,0,439.61952264873855
2017-08-18,18,DELI,Quito,Pichincha,B,16,0,174.7757632204884
2017-08-18,18,EGGS,Quito,Pichincha,B,16,0,130.85627577320366
2017-08-18,18,FROZEN FOODS,Quito,Pichincha,B,16,0,48.04543930215949
2017-08-18,18,GROCERY I,Quito,Pichincha,B,16,0,2228.322163240174
2017-08-18,18,GROCERY II,Quito,Pichincha,B,16,0,7.611781546218622
2017-08-18,18,HARDWARE,Quito,Pichincha,B,16,0,0.7741444397146994
2017-08-18,18,HOME AND KITCHEN I,Quito,Pichincha,B,16,0,24.643384279196688
2017-08-18,18,HOME AND KITCHEN II,Quito,Pichincha,B,16,0,19.831826264922054
2017-08-18,18,HOME APPLIANCES,Quito,Pichincha,B,16,0,0.0
2017-08-18,18,HOME CARE,Quito,Pichincha,B,16,0,141.5931241786116
2017-08-18,18,LADIESWEAR,Quito,Pichincha,B,16,0,4.075338321972935
2017-08-18,18,LAWN AND GARDEN,Quito,Pichincha,B,16,0,1.2433474622987954
2017-08-18,18,LINGERIE,Quito,Pichincha,B,16,0,3.1257926210428497
2017-08-18,18,"LIQUOR,WINE,BEER",Quito,Pichincha,B,16,0,76.66329362271662
2017-08-18,18,MAGAZINES,Quito,Pichincha,B,16,0,2.229875764564956
2017-08-18,18,MEATS,Quito,Pichincha,B,16,0,83.46128670153757
2017-08-18,18,PERSONAL CARE,Quito,Pichincha,B,16,0,112.35080608625574
2017-08-18,18,PET SUPPLIES,Quito,Pichincha,B,16,0,2.3026231623802067
2017-08-18,18,PLAYERS AND ELECTRONICS,Quito,Pichincha,B,16,0,4.237178708529249
2017-08-18,18,POULTRY,Quito,Pichincha,B,16,0,151.17697565134978
2017-08-18,18,PREPARED FOODS,Quito,Pichincha,B,16,0,48.06127515578307
2017-08-18,18,PRODUCE,Quito,Pichincha,B,16,0,1206.8149673107866
2017-08-18,18,SCHOOL AND OFFICE SUPPLIES,Quito,Pichincha,B,16,0,38.28775055148187
2017-08-18,18,SEAFOOD,Quito,Pichincha,B,16,0,10.048397931814197
2017-08-18,19,AUTOMOTIVE,Guaranda,Bolivar,C,15,0,4.4100427446818316
2017-08-18,19,BABY CARE,Guaranda,Bolivar,C,15,0,0.9013785904741473
2017-08-18,19,BEAUTY,Guaranda,Bolivar,C,15,0,2.6777254032077127
2017-08-18,19,BEVERAGES,Guaranda,Bolivar,C,15,0,2490.50200409298
2017-08-18,19,BOOKS,Guaranda,Bolivar,C,15,0,0.315008430043266
2017-08-18,19,BREAD/BAKERY,Guaranda,Bolivar,C,15,0,138.1027414408746
2017-08-18,19,CELEBRATION,Guaranda,Bolivar,C,15,0,4.806299758877481
2017-08-18,19,CLEANING,Guaranda,Bolivar,C,15,0,727.8164472967596
2017-08-18,19,DAIRY,Guaranda,Bolivar,C,15,0,287.26105569399846
2017-08-18,19,DELI,Guaranda,Bolivar,C,15,0,245.42903686617785
2017-08-18,19,EGGS,Guaranda,Bolivar,C,15,0,52.38378590440854
2017-08-18,19,FROZEN FOODS,Guaranda,Bolivar,C,15,0,38.170037234994176
2017-08-18,19,GROCERY I,Guaranda,Bolivar,C,15,0,2786.9097149188447
2017-08-18,19,GROCERY II,Guaranda,Bolivar,C,15,0,10.412724438747462
2017-08-18,19,HARDWARE,Guaranda,Bolivar,C,15,0,1.2929864650360021
2017-08-18,19,HOME AND KITCHEN I,Guaranda,Bolivar,C,15,0,10.186104828769988
2017-08-18,19,HOME AND KITCHEN II,Guaranda,Bolivar,C,15,0,10.771234250269549
2017-08-18,19,HOME APPLIANCES,Guaranda,Bolivar,C,15,0,0.811727994574961
2017-08-18,19,HOME CARE,Guaranda,Bolivar,C,15,0,149.63233870562703
2017-08-18,19,LADIESWEAR,Guaranda,Bolivar,C,15,0,5.176855544014222
2017-08-18,19,LAWN AND GARDEN,Guaranda,Bolivar,C,15,0,1.3812853497217359
2017-08-18,19,LINGERIE,Guaranda,Bolivar,C,15,0,4.030865900181245
2017-08-18,19,"LIQUOR,WINE,BEER",Guaranda,Bolivar,C,15,0,58.954657231101315
2017-08-18,19,MAGAZINES,Guaranda,Bolivar,C,15,0,3.3296856573621603
2017-08-18,19,MEATS,Guaranda,Bolivar,C,15,0,123.54756008288491
2017-08-18,19,PERSONAL CARE,Guaranda,Bolivar,C,15,0,170.3216153633483
2017-08-18,19,PET SUPPLIES,Guaranda,Bolivar,C,15,0,2.2022214498957795
2017-08-18,19,PLAYERS AND ELECTRONICS,Guaranda,Bolivar,C,15,0,4.691254895976874
2017-08-18,19,POULTRY,Guaranda,Bolivar,C,15,0,115.77272229359922
2017-08-18,19,PREPARED FOODS,Guaranda,Bolivar,C,15,0,21.395952610886855
2017-08-18,19,PRODUCE,Guaranda,Bolivar,C,15,0,413.7559998874631
2017-08-18,19,SCHOOL AND OFFICE SUPPLIES,Guaranda,Bolivar,C,15,0,5.294291976004718
2017-08-18,19,SEAFOOD,Guaranda,Bolivar,C,15,0,4.505621049898437
2017-08-18,20,AUTOMOTIVE,Quito,Pichincha,B,6,0,5.40658033200169
2017-08-18,20,BABY CARE,Quito,Pichincha,B,6,0,0.3536959783756607
2017-08-18,20,BEAUTY,Quito,Pichincha,B,6,0,2.5866598383577895
2017-08-18,20,BEVERAGES,Quito,Pichincha,B,6,0,3721.1403368259407
2017-08-18,20,BOOKS,Quito,Pichincha,B,6,0,0.11588414476481428
2017-08-18,20,BREAD/BAKERY,Quito,Pichincha,B,6,0,409.43904193311977
2017-08-18,20,CELEBRATION,Quito,Pichincha,B,6,0,4.60717547359903
2017-08-18,20,CLEANING,Quito,Pichincha,B,6,0,1177.3816024936277
2017-08-18,20,DAIRY,Quito,Pichincha,B,6,0,625.5347269106219
2017-08-18,20,DELI,Quito,Pichincha,B,6,0,814.8208228404953
2017-08-18,20,EGGS,Quito,Pichincha,B,6,0,97.12647794707017
2017-08-18,20,FROZEN FOODS,Quito,Pichincha,B,6,0,109.4423951040467
2017-08-18,20,GROCERY I,Quito,Pichincha,B,6,0,5526.837147567678
2017-08-18,20,GROCERY II,Quito,Pichincha,B,6,0,9.871777532069089
2017-08-18,20,HARDWARE,Quito,Pichincha,B,6,0,0.8101525687142829
2017-08-18,20,HOME AND KITCHEN I,Quito,Pichincha,B,6,0,14.795176244953797
2017-08-18,20,HOME AND KITCHEN II,Quito,Pichincha,B,6,0,12.282466671359847
2017-08-18,20,HOME APPLIANCES,Quito,Pichincha,B,6,0,0.08909903656172592
2017-08-18,20,HOME CARE,Quito,Pichincha,B,6,0,280.93351553405245
2017-08-18,20,LADIESWEAR,Quito,Pichincha,B,6,0,1.4481787060644817
2017-08-18,20,LAWN AND GARDEN,Quito,Pichincha,B,6,0,4.421609390390666
2017-08-18,20,LINGERIE,Quito,Pichincha,B,6,0,4.163735369464739
2017-08-18,20,"LIQUOR,WINE,BEER",Quito,Pichincha,B,6,0,61.03783363291482
2017-08-18,20,MAGAZINES,Quito,Pichincha,B,6,0,2.3779921132408743
2017-08-18,20,MEATS,Quito,Pichincha,B,6,0,312.1409507056104
2017-08-18,20,PERSONAL CARE,Quito,Pichincha,B,6,0,307.70202240956246
2017-08-18,20,PET SUPPLIES,Quito,Pichincha,B,6,0,2.486665352718119
2017-08-18,20,PLAYERS AND ELECTRONICS,Quito,Pichincha,B,6,0,5.103645803630091
2017-08-18,20,POULTRY,Quito,Pichincha,B,6,0,475.55223058992686
2017-08-18,20,PREPARED FOODS,Quito,Pichincha,B,6,0,66.65990735068742
2017-08-18,20,PRODUCE,Quito,Pichincha,B,6,0,829.5793780140152
2017-08-18,20,SCHOOL AND OFFICE SUPPLIES,Quito,Pichincha,B,6,0,70.52813916197422
2017-08-18,20,SEAFOOD,Quito,Pichincha,B,6,0,9.611798916960767
2017-08-18,21,AUTOMOTIVE,Santo Domingo,Santo Domingo de los Tsachilas,B,6,0,7.377160493967308
2017-08-18,21,BABY CARE,Santo Domingo,Santo Domingo de los Tsachilas,B,6,0,0.147888664672862
2017-08-18,21,BEAUTY,Santo Domingo,Santo Domingo de los Tsachilas,B,6,0,2.7617893587327957
2017-08-18,21,BEVERAGES,Santo Domingo,Santo Domingo de los Tsachilas,B,6,0,2760.765590695584
2017-08-18,21,BOOKS,Santo Domingo,Santo Domingo de los Tsachilas,B,6,0,0.0
2017-08-18,21,BREAD/BAKERY,Santo Domingo,Santo Domingo de los Tsachilas,B,6,0,351.43499982349203
2017-08-18,21,CELEBRATION,Santo Domingo,Santo Domingo de los Tsachilas,B,6,0,4.97695751116591
2017-08-18,21,CLEANING,Santo Domingo,Santo Domingo de los Tsachilas,B,6,0,1046.8257750173382
2017-08-18,21,DAIRY,Santo Domingo,Santo Domingo de los Tsachilas,B,6,0,485.3352335405818
2017-08-18,21,DELI,Santo Domingo,Santo Domingo de los Tsachilas,B,6,0,268.054302195771
2017-08-18,21,EGGS,Santo Domingo,Santo Domingo de los Tsachilas,B,6,0,204.22780778496386
2017-08-18,21,FROZEN FOODS,Santo Domingo,Santo Domingo de los Tsachilas,B,6,0,93.64682658985967
2017-08-18,21,GROCERY I,Santo Domingo,Santo Domingo de los Tsachilas,B,6,0,3445.9697162600614
2017-08-18,21,GROCERY II,Santo Domingo,Santo Domingo de los Tsachilas,B,6,0,9.781173229788738
2017-08-18,21,HARDWARE,Santo Domingo,Santo Domingo de los Tsachilas,B,6,0,0.14527551101811342
2017-08-18,21,HOME AND KITCHEN I,Santo Domingo,Santo Domingo de los Tsachilas,B,6,0,36.71807082243787
2017-08-18,21,HOME AND KITCHEN II,Santo Domingo,Santo Domingo de los Tsachilas,B,6,0,26.011791056100297
2017-08-18,21,HOME APPLIANCES,Santo Domingo,Santo Domingo de los Tsachilas,B,6,0,0.0
2017-08-18,21,HOME CARE,Santo Domingo,Santo Domingo de los Tsachilas,B,6,0,254.4138106663158
2017-08-18,21,LADIESWEAR,Santo Domingo,Santo Domingo de los Tsachilas,B,6,0,3.221741324407625
2017-08-18,21,LAWN AND GARDEN,Santo Domingo,Santo Domingo de los Tsachilas,B,6,0,2.422028470316345
2017-08-18,21,LINGERIE,Santo Domingo,Santo Domingo de los Tsachilas,B,6,0,4.9484690591508365
2017-08-18,21,"LIQUOR,WINE,BEER",Santo Domingo,Santo Domingo de los Tsachilas,B,6,0,110.57887120493596
2017-08-18,21,MAGAZINES,Santo Domingo,Santo Domingo de los Tsachilas,B,6,0,2.1721847995380763
2017-08-18,21,MEATS,Santo Domingo,Santo Domingo de los Tsachilas,B,6,0,104.26920134350961
2017-08-18,21,PERSONAL CARE,Santo Domingo,Santo Domingo de los Tsachilas,B,6,0,223.13731190904025
2017-08-18,21,PET SUPPLIES,Santo Domingo,Santo Domingo de los Tsachilas,B,6,0,2.244932197353327
2017-08-18,21,PLAYERS AND ELECTRONICS,Santo Domingo,Santo Domingo de los Tsachilas,B,6,0,4.8978384899272935
2017-08-18,21,POULTRY,Santo Domingo,Santo Domingo de los Tsachilas,B,6,0,149.88423428673553
2017-08-18,21,PREPARED FOODS,Santo Domingo,Santo Domingo de los Tsachilas,B,6,0,142.96166136366423
2017-08-18,21,PRODUCE,Santo Domingo,Santo Domingo de los Tsachilas,B,6,0,1026.8115681793065
2017-08-18,21,SCHOOL AND OFFICE SUPPLIES,Santo Domingo,Santo Domingo de los Tsachilas,B,6,0,0.0
2017-08-18,21,SEAFOOD,Santo Domingo,Santo Domingo de los Tsachilas,B,6,0,3.0321758143539768
2017-08-18,22,AUTOMOTIVE,Puyo,Pastaza,C,7,0,3.0321758143539768
2017-08-18,22,BABY CARE,Puyo,Pastaza,C,7,0,0.0
2017-08-18,22,BEAUTY,Puyo,Pastaza,C,7,0,1.8117372378788745
2017-08-18,22,BEVERAGES,Puyo,Pastaza,C,7,0,1765.6221465618337
2017-08-18,22,BOOKS,Puyo,Pastaza,C,7,0,0.0
2017-08-18,22,BREAD/BAKERY,Puyo,Pastaza,C,7,0,140.1543680629907
2017-08-18,22,CELEBRATION,Puyo,Pastaza,C,7,0,4.115331893483768
2017-08-18,22,CLEANING,Puyo,Pastaza,C,7,0,608.0899460057668
2017-08-18,22,DAIRY,Puyo,Pastaza,C,7,0,275.63228925290827
2017-08-18,22,DELI,Puyo,Pastaza,C,7,0,108.17005557093312
2017-08-18,22,EGGS,Puyo,Pastaza,C,7,0,49.072656308596954
2017-08-18,22,FROZEN FOODS,Puyo,Pastaza,C,7,0,60.990365512681414
2017-08-18,22,GROCERY I,Puyo,Pastaza,C,7,0,2167.4576313534226
2017-08-18,22,GROCERY II,Puyo,Pastaza,C,7,0,4.712135492749933
2017-08-18,22,HARDWARE,Puyo,Pastaza,C,7,0,0.3678951478677862
2017-08-18,22,HOME AND KITCHEN I,Puyo,Pastaza,C,7,0,21.38732473813669
2017-08-18,22,HOME AND KITCHEN II,Puyo,Pastaza,C,7,0,15.514509421967356
2017-08-18,22,HOME APPLIANCES,Puyo,Pastaza,C,7,0,0.0
2017-08-18,22,HOME CARE,Puyo,Pastaza,C,7,0,148.44995326603143
2017-08-18,22,LADIESWEAR,Puyo,Pastaza,C,7,0,1.1302631726853491
2017-08-18,22,LAWN AND GARDEN,Puyo,Pastaza,C,7,0,0.9763537507404846
2017-08-18,22,LINGERIE,Puyo,Pastaza,C,7,0,4.459704506449594
2017-08-18,22,"LIQUOR,WINE,BEER",Puyo,Pastaza,C,7,0,238.01749818051172
2017-08-18,22,MAGAZINES,Puyo,Pastaza,C,7,0,2.661180354044409
2017-08-18,22,MEATS,Puyo,Pastaza,C,7,0,95.24933695792109
2017-08-18,22,PERSONAL CARE,Puyo,Pastaza,C,7,0,126.04814913675288
2017-08-18,22,PET SUPPLIES,Puyo,Pastaza,C,7,0,1.0847426023232365
2017-08-18,22,PLAYERS AND ELECTRONICS,Puyo,Pastaza,C,7,0,3.8835708646457983
2017-08-18,22,POULTRY,Puyo,Pastaza,C,7,0,176.8043244932092
2017-08-18,22,PREPARED FOODS,Puyo,Pastaza,C,7,0,24.78874166946427
2017-08-18,22,PRODUCE,Puyo,Pastaza,C,7,0,493.4961517371798
2017-08-18,22,SCHOOL AND OFFICE SUPPLIES,Puyo,Pastaza,C,7,0,4.469184405647036
2017-08-18,22,SEAFOOD,Puyo,Pastaza,C,7,0,1.9199516191638464
2017-08-18,23,AUTOMOTIVE,Ambato,Tungurahua,D,9,0,3.7353149505545558
2017-08-18,23,BABY CARE,Ambato,Tungurahua,D,9,0,1.8097848366060056
2017-08-18,23,BEAUTY,Ambato,Tungurahua,D,9,0,4.080217272749598
2017-08-18,23,BEVERAGES,Ambato,Tungurahua,D,9,0,1330.187736467013
2017-08-18,23,BOOKS,Ambato,Tungurahua,D,9,0,1.8726503243021033
2017-08-18,23,BREAD/BAKERY,Ambato,Tungurahua,D,9,0,248.91860728763328
2017-08-18,23,CELEBRATION,Ambato,Tungurahua,D,9,0,7.41716217300241
2017-08-18,23,CLEANING,Ambato,Tungurahua,D,9,0,500.9538295914966
2017-08-18,23,DAIRY,Ambato,Tungurahua,D,9,0,478.68343532320995
2017-08-18,23,DELI,Ambato,Tungurahua,D,9,0,114.66745611292883
2017-08-18,23,EGGS,Ambato,Tungurahua,D,9,0,37.93148882153325
2017-08-18,23,FROZEN FOODS,Ambato,Tungurahua,D,9,0,82.76256581615205
2017-08-18,23,GROCERY I,Ambato,Tungurahua,D,9,0,1939.4545233611834
2017-08-18,23,GROCERY II,Ambato,Tungurahua,D,9,0,25.395087828883614
2017-08-18,23,HARDWARE,Ambato,Tungurahua,D,9,0,1.9805485878206925
2017-08-18,23,HOME AND KITCHEN I,Ambato,Tungurahua,D,9,0,9.783360058839865
2017-08-18,23,HOME AND KITCHEN II,Ambato,Tungurahua,D,9,0,27.74584098726027
2017-08-18,23,HOME APPLIANCES,Ambato,Tungurahua,D,9,0,1.9563766332723531
2017-08-18,23,HOME CARE,Ambato,Tungurahua,D,9,0,111.00594183325241
2017-08-18,23,LADIESWEAR,Ambato,Tungurahua,D,9,0,12.111916328583776
2017-08-18,23,LAWN AND GARDEN,Ambato,Tungurahua,D,9,0,3.7683953724918924
2017-08-18,23,LINGERIE,Ambato,Tungurahua,D,9,0,4.839599282877092
2017-08-18,23,"LIQUOR,WINE,BEER",Ambato,Tungurahua,D,9,0,88.21260509991878
2017-08-18,23,MAGAZINES,Ambato,Tungurahua,D,9,0,5.309469596456239
2017-08-18,23,MEATS,Ambato,Tungurahua,D,9,0,574.0614146818988
2017-08-18,23,PERSONAL CARE,Ambato,Tungurahua,D,9,0,122.34109968500469
2017-08-18,23,PET SUPPLIES,Ambato,Tungurahua,D,9,0,4.577277062044766
2017-08-18,23,PLAYERS AND ELECTRONICS,Ambato,Tungurahua,D,9,0,5.570182023987659
2017-08-18,23,POULTRY,Ambato,Tungurahua,D,9,0,349.27089052983837
2017-08-18,23,PREPARED FOODS,Ambato,Tungurahua,D,9,0,27.882521847834553
2017-08-18,23,PRODUCE,Ambato,Tungurahua,D,9,0,1179.822282948502
2017-08-18,23,SCHOOL AND OFFICE SUPPLIES,Ambato,Tungurahua,D,9,0,1.7648380258535088
2017-08-18,23,SEAFOOD,Ambato,Tungurahua,D,9,0,5.880803630405795
2017-08-18,24,AUTOMOTIVE,Guayaquil,Guayas,D,1,0,3.9817876174667957
2017-08-18,24,BABY CARE,Guayaquil,Guayas,D,1,0,1.9289649380837142
2017-08-18,24,BEAUTY,Guayaquil,Guayas,D,1,0,4.172457728193204
2017-08-18,24,BEVERAGES,Guayaquil,Guayas,D,1,0,3410.99323322357
2017-08-18,24,BOOKS,Guayaquil,Guayas,D,1,0,1.9289649380837142
2017-08-18,24,BREAD/BAKERY,Guayaquil,Guayas,D,1,0,744.7631981183949
2017-08-18,24,CELEBRATION,Guayaquil,Guayas,D,1,0,11.476191474941512
2017-08-18,24,CLEANING,Guayaquil,Guayas,D,1,0,1087.3085204122174
2017-08-18,24,DAIRY,Guayaquil,Guayas,D,1,0,1259.6730445480478
2017-08-18,24,DELI,Guayaquil,Guayas,D,1,0,278.2215003723669
2017-08-18,24,EGGS,Guayaquil,Guayas,D,1,0,222.07091001421372
2017-08-18,24,FROZEN FOODS,Guayaquil,Guayas,D,1,0,196.373254661296
2017-08-18,24,GROCERY I,Guayaquil,Guayas,D,1,0,3922.741865397733
2017-08-18,24,GROCERY II,Guayaquil,Guayas,D,1,0,50.34699897902986
2017-08-18,24,HARDWARE,Guayaquil,Guayas,D,1,0,2.590432479056182
2017-08-18,24,HOME AND KITCHEN I,Guayaquil,Guayas,D,1,0,18.566875150715518
2017-08-18,24,HOME AND KITCHEN II,Guayaquil,Guayas,D,1,0,23.17220436274767
2017-08-18,24,HOME APPLIANCES,Guayaquil,Guayas,D,1,0,1.839314342184528
2017-08-18,24,HOME CARE,Guayaquil,Guayas,D,1,0,235.72323751484208
2017-08-18,24,LADIESWEAR,Guayaquil,Guayas,D,1,0,5.796498971731537
2017-08-18,24,LAWN AND GARDEN,Guayaquil,Guayas,D,1,0,31.300539149568905
2017-08-18,24,LINGERIE,Guayaquil,Guayas,D,1,0,8.67262020528223
2017-08-18,24,"LIQUOR,WINE,BEER",Guayaquil,Guayas,D,1,0,121.98857348582524
2017-08-18,24,MAGAZINES,Guayaquil,Guayas,D,1,0,10.057290815503489
2017-08-18,24,MEATS,Guayaquil,Guayas,D,1,0,542.5500042412739
2017-08-18,24,PERSONAL CARE,Guayaquil,Guayas,D,1,0,235.04208874462836
2017-08-18,24,PET SUPPLIES,Guayaquil,Guayas,D,1,0,15.203745950166674
2017-08-18,24,PLAYERS AND ELECTRONICS,Guayaquil,Guayas,D,1,0,8.531288104800675
2017-08-18,24,POULTRY,Guayaquil,Guayas,D,1,0,587.4800853974409
2017-08-18,24,PREPARED FOODS,Guayaquil,Guayas,D,1,0,115.92486506838158
2017-08-18,24,PRODUCE,Guayaquil,Guayas,D,1,0,3325.0128044079133
2017-08-18,24,SCHOOL AND OFFICE SUPPLIES,Guayaquil,Guayas,D,1,0,1.8211526396351196
2017-08-18,24,SEAFOOD,Guayaquil,Guayas,D,1,0,24.789819530458388
2017-08-18,25,AUTOMOTIVE,Salinas,Santa Elena,D,1,0,5.125506425417041
2017-08-18,25,BABY CARE,Salinas,Santa Elena,D,1,0,1.979870230024811
2017-08-18,25,BEAUTY,Salinas,Santa Elena,D,1,0,4.712358574640613
2017-08-18,25,BEVERAGES,Salinas,Santa Elena,D,1,0,1930.2260857927922
2017-08-18,25,BOOKS,Salinas,Santa Elena,D,1,0,1.979870230024811
2017-08-18,25,BREAD/BAKERY,Salinas,Santa Elena,D,1,0,545.5610716432542
2017-08-18,25,CELEBRATION,Salinas,Santa Elena,D,1,0,11.405352658718114
2017-08-18,25,CLEANING,Salinas,Santa Elena,D,1,0,554.6422801855348
2017-08-18,25,DAIRY,Salinas,Santa Elena,D,1,0,753.4965882586155
2017-08-18,25,DELI,Salinas,Santa Elena,D,1,0,191.4719791122127
2017-08-18,25,EGGS,Salinas,Santa Elena,D,1,0,179.89552238294058
2017-08-18,25,FROZEN FOODS,Salinas,Santa Elena,D,1,0,181.2607496611608
2017-08-18,25,GROCERY I,Salinas,Santa Elena,D,1,0,2008.789289115671
2017-08-18,25,GROCERY II,Salinas,Santa Elena,D,1,0,35.90268080238183
2017-08-18,25,HARDWARE,Salinas,Santa Elena,D,1,0,3.527712739627248
2017-08-18,25,HOME AND KITCHEN I,Salinas,Santa Elena,D,1,0,30.61061756518402
2017-08-18,25,HOME AND KITCHEN II,Salinas,Santa Elena,D,1,0,11.885123792348322
2017-08-18,25,HOME APPLIANCES,Salinas,Santa Elena,D,1,0,1.9530851218217224
2017-08-18,25,HOME CARE,Salinas,Santa Elena,D,1,0,129.69139195221112
2017-08-18,25,LADIESWEAR,Salinas,Santa Elena,D,1,0,2.808960502116534
2017-08-18,25,LAWN AND GARDEN,Salinas,Santa Elena,D,1,0,27.973307209380756
2017-08-18,25,LINGERIE,Salinas,Santa Elena,D,1,0,6.217609729852184
2017-08-18,25,"LIQUOR,WINE,BEER",Salinas,Santa Elena,D,1,0,413.21860140963713
2017-08-18,25,MAGAZINES,Salinas,Santa Elena,D,1,0,22.790988010934562
2017-08-18,25,MEATS,Salinas,Santa Elena,D,1,0,377.814354148792
2017-08-18,25,PERSONAL CARE,Salinas,Santa Elena,D,1,0,138.90224218000952
2017-08-18,25,PET SUPPLIES,Salinas,Santa Elena,D,1,0,5.919361667357868
2017-08-18,25,PLAYERS AND ELECTRONICS,Salinas,Santa Elena,D,1,0,6.5511885139801
2017-08-18,25,POULTRY,Salinas,Santa Elena,D,1,0,289.4290750700589
2017-08-18,25,PREPARED FOODS,Salinas,Santa Elena,D,1,0,60.14226741465673
2017-08-18,25,PRODUCE,Salinas,Santa Elena,D,1,0,1673.8595179918266
2017-08-18,25,SCHOOL AND OFFICE SUPPLIES,Salinas,Santa Elena,D,1,0,2.694504010468275
2017-08-18,25,SEAFOOD,Salinas,Santa Elena,D,1,0,8.15132624204548
2017-08-18,26,AUTOMOTIVE,Guayaquil,Guayas,D,10,0,4.258801993476457
2017-08-18,26,BABY CARE,Guayaquil,Guayas,D,10,0,1.7179831017116987
2017-08-18,26,BEAUTY,Guayaquil,Guayas,D,10,0,2.2848975874349398
2017-08-18,26,BEVERAGES,Guayaquil,Guayas,D,10,0,723.3269911775193
2017-08-18,26,BOOKS,Guayaquil,Guayas,D,10,0,1.7179831017116987
2017-08-18,26,BREAD/BAKERY,Guayaquil,Guayas,D,10,0,205.18701474561888
2017-08-18,26,CELEBRATION,Guayaquil,Guayas,D,10,0,5.653077615548574
2017-08-18,26,CLEANING,Guayaquil,Guayas,D,10,0,320.74238257758805
2017-08-18,26,DAIRY,Guayaquil,Guayas,D,10,0,223.03117951200136
2017-08-18,26,DELI,Guayaquil,Guayas,D,10,0,86.76357970287091
2017-08-18,26,EGGS,Guayaquil,Guayas,D,10,0,28.822764185131373
2017-08-18,26,FROZEN FOODS,Guayaquil,Guayas,D,10,0,44.263387008586996
2017-08-18,26,GROCERY I,Guayaquil,Guayas,D,10,0,1375.0994839756236
2017-08-18,26,GROCERY II,Guayaquil,Guayas,D,10,0,5.498821069935811
2017-08-18,26,HARDWARE,Guayaquil,Guayas,D,10,0,1.8887468529263856
2017-08-18,26,HOME AND KITCHEN I,Guayaquil,Guayas,D,10,0,8.587327813109619
2017-08-18,26,HOME AND KITCHEN II,Guayaquil,Guayas,D,10,0,5.8990855446268
2017-08-18,26,HOME APPLIANCES,Guayaquil,Guayas,D,10,0,1.7540634812047078
2017-08-18,26,HOME CARE,Guayaquil,Guayas,D,10,0,50.991530819238925
2017-08-18,26,LADIESWEAR,Guayaquil,Guayas,D,10,0,2.6099388614995194
2017-08-18,26,LAWN AND GARDEN,Guayaquil,Guayas,D,10,0,4.805332995268728
2017-08-18,26,LINGERIE,Guayaquil,Guayas,D,10,0,2.8610695511287294
2017-08-18,26,"LIQUOR,WINE,BEER",Guayaquil,Guayas,D,10,0,38.771290659079675
2017-08-18,26,MAGAZINES,Guayaquil,Guayas,D,10,0,2.18428858274655
2017-08-18,26,MEATS,Guayaquil,Guayas,D,10,0,372.4181040204533
2017-08-18,26,PERSONAL CARE,Guayaquil,Guayas,D,10,0,114.18550576265616
2017-08-18,26,PET SUPPLIES,Guayaquil,Guayas,D,10,0,3.9605539309821527
2017-08-18,26,PLAYERS AND ELECTRONICS,Guayaquil,Guayas,D,10,0,3.628808488098702
2017-08-18,26,POULTRY,Guayaquil,Guayas,D,10,0,192.6920916830775
2017-08-18,26,PREPARED FOODS,Guayaquil,Guayas,D,10,0,22.713736508801254
2017-08-18,26,PRODUCE,Guayaquil,Guayas,D,10,0,513.4723163657512
2017-08-18,26,SCHOOL AND OFFICE SUPPLIES,Guayaquil,Guayas,D,10,0,1.9585214155049724
2017-08-18,26,SEAFOOD,Guayaquil,Guayas,D,10,0,3.7977454271288837
2017-08-18,27,AUTOMOTIVE,Daule,Guayas,D,1,0,5.156609890089235
2017-08-18,27,BABY CARE,Daule,Guayas,D,1,0,1.3520288570249608
2017-08-18,27,BEAUTY,Daule,Guayas,D,1,0,2.703244945072933
2017-08-18,27,BEVERAGES,Daule,Guayas,D,1,0,2655.7513110929826
2017-08-18,27,BOOKS,Daule,Guayas,D,1,0,1.0034705302049256
2017-08-18,27,BREAD/BAKERY,Daule,Guayas,D,1,0,525.8588878548744
2017-08-18,27,CELEBRATION,Daule,Guayas,D,1,0,19.777838278897903
2017-08-18,27,CLEANING,Daule,Guayas,D,1,0,737.3416934675071
2017-08-18,27,DAIRY,Daule,Guayas,D,1,0,893.990534644196
2017-08-18,27,DELI,Daule,Guayas,D,1,0,264.238478399922
2017-08-18,27,EGGS,Daule,Guayas,D,1,0,219.02526027552565
2017-08-18,27,FROZEN FOODS,Daule,Guayas,D,1,0,158.26769154785782
2017-08-18,27,GROCERY I,Daule,Guayas,D,1,0,3211.132713726017
2017-08-18,27,GROCERY II,Daule,Guayas,D,1,0,35.628977642433846
2017-08-18,27,HARDWARE,Daule,Guayas,D,1,0,3.515479430603831
2017-08-18,27,HOME AND KITCHEN I,Daule,Guayas,D,1,0,23.61642299673465
2017-08-18,27,HOME AND KITCHEN II,Daule,Guayas,D,1,0,32.213624632487594
2017-08-18,27,HOME APPLIANCES,Daule,Guayas,D,1,0,0.9138199343057393
2017-08-18,27,HOME CARE,Daule,Guayas,D,1,0,170.25909724529754
2017-08-18,27,LADIESWEAR,Daule,Guayas,D,1,0,5.627505810565036
2017-08-18,27,LAWN AND GARDEN,Daule,Guayas,D,1,0,41.02145197050927
2017-08-18,27,LINGERIE,Daule,Guayas,D,1,0,8.985422569040212
2017-08-18,27,"LIQUOR,WINE,BEER",Daule,Guayas,D,1,0,275.3005326852974
2017-08-18,27,MAGAZINES,Daule,Guayas,D,1,0,4.346936155767829
2017-08-18,27,MEATS,Daule,Guayas,D,1,0,348.0288221855664
2017-08-18,27,PERSONAL CARE,Daule,Guayas,D,1,0,204.21355446751664
2017-08-18,27,PET SUPPLIES,Daule,Guayas,D,1,0,7.940164747240373
2017-08-18,27,PLAYERS AND ELECTRONICS,Daule,Guayas,D,1,0,6.763264004693512
2017-08-18,27,POULTRY,Daule,Guayas,D,1,0,407.86277547184676
2017-08-18,27,PREPARED FOODS,Daule,Guayas,D,1,0,75.41993733624743
2017-08-18,27,PRODUCE,Daule,Guayas,D,1,0,2203.2813012583474
2017-08-18,27,SCHOOL AND OFFICE SUPPLIES,Daule,Guayas,D,1,0,1.7608771293958148
2017-08-18,27,SEAFOOD,Daule,Guayas,D,1,0,19.713423985220828
2017-08-18,28,AUTOMOTIVE,Guayaquil,Guayas,E,10,0,4.167395950801468
2017-08-18,28,BABY CARE,Guayaquil,Guayas,E,10,0,0.1951602164367245
2017-08-18,28,BEAUTY,Guayaquil,Guayas,E,10,0,3.2652525455187225
2017-08-18,28,BEVERAGES,Guayaquil,Guayas,E,10,0,3032.688304137632
2017-08-18,28,BOOKS,Guayaquil,Guayas,E,10,0,0.1951602164367245
2017-08-18,28,BREAD/BAKERY,Guayaquil,Guayas,E,10,0,517.9140033337151
2017-08-18,28,CELEBRATION,Guayaquil,Guayas,E,10,0,10.199290933890792
2017-08-18,28,CLEANING,Guayaquil,Guayas,E,10,0,994.6279958545814
2017-08-18,28,DAIRY,Guayaquil,Guayas,E,10,0,674.8104184047615
2017-08-18,28,DELI,Guayaquil,Guayas,E,10,0,373.03529593749084
2017-08-18,28,EGGS,Guayaquil,Guayas,E,10,0,181.16357355861172
2017-08-18,28,FROZEN FOODS,Guayaquil,Guayas,E,10,0,83.53853834409693
2017-08-18,28,GROCERY I,Guayaquil,Guayas,E,10,0,4498.798471587842
2017-08-18,28,GROCERY II,Guayaquil,Guayas,E,10,0,19.40524498124783
2017-08-18,28,HARDWARE,Guayaquil,Guayas,E,10,0,1.090998285078474
2017-08-18,28,HOME AND KITCHEN I,Guayaquil,Guayas,E,10,0,28.35386553129757
2017-08-18,28,HOME AND KITCHEN II,Guayaquil,Guayas,E,10,0,23.69797394823191
2017-08-18,28,HOME APPLIANCES,Guayaquil,Guayas,E,10,0,1.1414119060414794
2017-08-18,28,HOME CARE,Guayaquil,Guayas,E,10,0,214.28759013778475
2017-08-18,28,LADIESWEAR,Guayaquil,Guayas,E,10,0,1.5181248733942476
2017-08-18,28,LAWN AND GARDEN,Guayaquil,Guayas,E,10,0,5.520276464913301
2017-08-18,28,LINGERIE,Guayaquil,Guayas,E,10,0,5.0950865232586215
2017-08-18,28,"LIQUOR,WINE,BEER",Guayaquil,Guayas,E,10,0,79.93614218338533
2017-08-18,28,MAGAZINES,Guayaquil,Guayas,E,10,0,1.8790193181589254
2017-08-18,28,MEATS,Guayaquil,Guayas,E,10,0,191.5188402964387
2017-08-18,28,PERSONAL CARE,Guayaquil,Guayas,E,10,0,282.35899434714884
2017-08-18,28,PET SUPPLIES,Guayaquil,Guayas,E,10,0,4.056571275661434
2017-08-18,28,PLAYERS AND ELECTRONICS,Guayaquil,Guayas,E,10,0,4.446950164087446
2017-08-18,28,POULTRY,Guayaquil,Guayas,E,10,0,211.63430628532188
2017-08-18,28,PREPARED FOODS,Guayaquil,Guayas,E,10,0,90.99748090541108
2017-08-18,28,PRODUCE,Guayaquil,Guayas,E,10,0,1207.3891199322375
2017-08-18,28,SCHOOL AND OFFICE SUPPLIES,Guayaquil,Guayas,E,10,0,1.9479056717596979
2017-08-18,28,SEAFOOD,Guayaquil,Guayas,E,10,0,4.73399618265634
2017-08-18,29,AUTOMOTIVE,Guayaquil,Guayas,E,10,0,4.73399618265634
2017-08-18,29,BABY CARE,Guayaquil,Guayas,E,10,0,1.0576855970712287
2017-08-18,29,BEAUTY,Guayaquil,Guayas,E,10,0,3.754248100025053
2017-08-18,29,BEVERAGES,Guayaquil,Guayas,E,10,0,2859.3369713218854
2017-08-18,29,BOOKS,Guayaquil,Guayas,E,10,0,0.1951602164367245
2017-08-18,29,BREAD/BAKERY,Guayaquil,Guayas,E,10,0,529.5306182613697
2017-08-18,29,CELEBRATION,Guayaquil,Guayas,E,10,0,10.199290933890792
2017-08-18,29,CLEANING,Guayaquil,Guayas,E,10,0,856.4598474233571
2017-08-18,29,DAIRY,Guayaquil,Guayas,E,10,0,554.387309186823
2017-08-18,29,DELI,Guayaquil,Guayas,E,10,0,266.841577845704
2017-08-18,29,EGGS,Guayaquil,Guayas,E,10,0,163.55880514813336
2017-08-18,29,FROZEN FOODS,Guayaquil,Guayas,E,10,0,84.1228950489118
2017-08-18,29,GROCERY I,Guayaquil,Guayas,E,10,0,3432.0561111002717
2017-08-18,29,GROCERY II,Guayaquil,Guayas,E,10,0,17.580392798280585
2017-08-18,29,HARDWARE,Guayaquil,Guayas,E,10,0,1.9902393288574463
2017-08-18,29,HOME AND KITCHEN I,Guayaquil,Guayas,E,10,0,25.33542214094026
2017-08-18,29,HOME AND KITCHEN II,Guayaquil,Guayas,E,10,0,17.430497832287575
2017-08-18,29,HOME APPLIANCES,Guayaquil,Guayas,E,10,0,0.16837510823363616
2017-08-18,29,HOME CARE,Guayaquil,Guayas,E,10,0,197.54224075383976
2017-08-18,29,LADIESWEAR,Guayaquil,Guayas,E,10,0,1.5181248733942476
2017-08-18,29,LAWN AND GARDEN,Guayaquil,Guayas,E,10,0,4.3405031021176965
2017-08-18,29,LINGERIE,Guayaquil,Guayas,E,10,0,4.922564031917708
2017-08-18,29,"LIQUOR,WINE,BEER",Guayaquil,Guayas,E,10,0,154.58357824097007
2017-08-18,29,MAGAZINES,Guayaquil,Guayas,E,10,0,2.285781058677613
2017-08-18,29,MEATS,Guayaquil,Guayas,E,10,0,108.04973591483409
2017-08-18,29,PERSONAL CARE,Guayaquil,Guayas,E,10,0,165.70366119487576
2017-08-18,29,PET SUPPLIES,Guayaquil,Guayas,E,10,0,3.2733167803075798
2017-08-18,29,PLAYERS AND ELECTRONICS,Guayaquil,Guayas,E,10,0,5.015208333951381
2017-08-18,29,POULTRY,Guayaquil,Guayas,E,10,0,193.43762811892472
2017-08-18,29,PREPARED FOODS,Guayaquil,Guayas,E,10,0,62.323294834291175
2017-08-18,29,PRODUCE,Guayaquil,Guayas,E,10,0,844.3763323702284
2017-08-18,29,SCHOOL AND OFFICE SUPPLIES,Guayaquil,Guayas,E,10,0,1.4665338694420866
2017-08-18,29,SEAFOOD,Guayaquil,Guayas,E,10,0,5.029913061512928
2017-08-18,30,AUTOMOTIVE,Guayaquil,Guayas,C,3,0,3.6837553498158213
2017-08-18,30,BABY CARE,Guayaquil,Guayas,C,3,0,1.3163133629204857
2017-08-18,30,BEAUTY,Guayaquil,Guayas,C,3,0,1.5993395266009525
2017-08-18,30,BEVERAGES,Guayaquil,Guayas,C,3,0,1269.3608371170917
2017-08-18,30,BOOKS,Guayaquil,Guayas,C,3,0,0.3432765651126423
2017-08-18,30,BREAD/BAKERY,Guayaquil,Guayas,C,3,0,137.8034060517037
2017-08-18,30,CELEBRATION,Guayaquil,Guayas,C,3,0,4.946526825009325
2017-08-18,30,CLEANING,Guayaquil,Guayas,C,3,0,461.7014626862549
2017-08-18,30,DAIRY,Guayaquil,Guayas,C,3,0,227.8822813211082
2017-08-18,30,DELI,Guayaquil,Guayas,C,3,0,113.59949784338792
2017-08-18,30,EGGS,Guayaquil,Guayas,C,3,0,119.99960787459955
2017-08-18,30,FROZEN FOODS,Guayaquil,Guayas,C,3,0,46.691800451914446
2017-08-18,30,GROCERY I,Guayaquil,Guayas,C,3,0,1928.0932411346178
2017-08-18,30,GROCERY II,Guayaquil,Guayas,C,3,0,6.361880888256303
2017-08-18,30,HARDWARE,Guayaquil,Guayas,C,3,0,1.3137002092657366
2017-08-18,30,HOME AND KITCHEN I,Guayaquil,Guayas,C,3,0,10.080304910007266
2017-08-18,30,HOME AND KITCHEN II,Guayaquil,Guayas,C,3,0,5.589550936351825
2017-08-18,30,HOME APPLIANCES,Guayaquil,Guayas,C,3,0,0.316491456909554
2017-08-18,30,HOME CARE,Guayaquil,Guayas,C,3,0,119.8909766494981
2017-08-18,30,LADIESWEAR,Guayaquil,Guayas,C,3,0,2.393187404393484
2017-08-18,30,LAWN AND GARDEN,Guayaquil,Guayas,C,3,0,1.6857087049947375
2017-08-18,30,LINGERIE,Guayaquil,Guayas,C,3,0,3.719681191477815
2017-08-18,30,"LIQUOR,WINE,BEER",Guayaquil,Guayas,C,3,0,64.2011198186139
2017-08-18,30,MAGAZINES,Guayaquil,Guayas,C,3,0,2.0271356668348433
2017-08-18,30,MEATS,Guayaquil,Guayas,C,3,0,65.02247639884176
2017-08-18,30,PERSONAL CARE,Guayaquil,Guayas,C,3,0,83.94352355302863
2017-08-18,30,PET SUPPLIES,Guayaquil,Guayas,C,3,0,2.69680285829941
2017-08-18,30,PLAYERS AND ELECTRONICS,Guayaquil,Guayas,C,3,0,4.1580461767606
2017-08-18,30,POULTRY,Guayaquil,Guayas,C,3,0,118.44565416268587
2017-08-18,30,PREPARED FOODS,Guayaquil,Guayas,C,3,0,25.762476574471023
2017-08-18,30,PRODUCE,Guayaquil,Guayas,C,3,0,491.9597631068273
2017-08-18,30,SCHOOL AND OFFICE SUPPLIES,Guayaquil,Guayas,C,3,0,0.2983297543601457
2017-08-18,30,SEAFOOD,Guayaquil,Guayas,C,3,0,4.20867674598413
2017-08-18,31,AUTOMOTIVE,Babahoyo,Los Rios,B,10,0,4.188837517543248
2017-08-18,31,BABY CARE,Babahoyo,Los Rios,B,10,0,0.0
2017-08-18,31,BEAUTY,Babahoyo,Los Rios,B,10,0,1.100163410225395
2017-08-18,31,BEVERAGES,Babahoyo,Los Rios,B,10,0,2801.806538675175
2017-08-18,31,BOOKS,Babahoyo,Los Rios,B,10,0,0.0
2017-08-18,31,BREAD/BAKERY,Babahoyo,Los Rios,B,10,0,489.42624993060286
2017-08-18,31,CELEBRATION,Babahoyo,Los Rios,B,10,0,5.130279039537663
2017-08-18,31,CLEANING,Babahoyo,Los Rios,B,10,0,1009.458561110502
2017-08-18,31,DAIRY,Babahoyo,Los Rios,B,10,0,548.4179404083501
2017-08-18,31,DELI,Babahoyo,Los Rios,B,10,0,301.31685170889045
2017-08-18,31,EGGS,Babahoyo,Los Rios,B,10,0,287.60419120121907
2017-08-18,31,FROZEN FOODS,Babahoyo,Los Rios,B,10,0,92.96862012630831
2017-08-18,31,GROCERY I,Babahoyo,Los Rios,B,10,0,4148.671500258843
2017-08-18,31,GROCERY II,Babahoyo,Los Rios,B,10,0,7.604225771822159
2017-08-18,31,HARDWARE,Babahoyo,Los Rios,B,10,0,0.10767057951553394
2017-08-18,31,HOME AND KITCHEN I,Babahoyo,Los Rios,B,10,0,21.924477364281287
2017-08-18,31,HOME AND KITCHEN II,Babahoyo,Los Rios,B,10,0,16.92642106491499
2017-08-18,31,HOME APPLIANCES,Babahoyo,Los Rios,B,10,0,0.0
2017-08-18,31,HOME CARE,Babahoyo,Los Rios,B,10,0,241.60844981225947
2017-08-18,31,LADIESWEAR,Babahoyo,Los Rios,B,10,0,0.9821468240094312
2017-08-18,31,LAWN AND GARDEN,Babahoyo,Los Rios,B,10,0,4.031759886349959
2017-08-18,31,LINGERIE,Babahoyo,Los Rios,B,10,0,4.477067318353298
2017-08-18,31,"LIQUOR,WINE,BEER",Babahoyo,Los Rios,B,10,0,27.643375562912997
2017-08-18,31,MAGAZINES,Babahoyo,Los Rios,B,10,0,0.9995544055370077
2017-08-18,31,MEATS,Babahoyo,Los Rios,B,10,0,361.68992541782563
2017-08-18,31,PERSONAL CARE,Babahoyo,Los Rios,B,10,0,190.57412524611252
2017-08-18,31,PET SUPPLIES,Babahoyo,Los Rios,B,10,0,3.4159853393751147
2017-08-18,31,PLAYERS AND ELECTRONICS,Babahoyo,Los Rios,B,10,0,3.73545451596988
2017-08-18,31,POULTRY,Babahoyo,Los Rios,B,10,0,125.71363030434563
2017-08-18,31,PREPARED FOODS,Babahoyo,Los Rios,B,10,0,65.91705530162358
2017-08-18,31,PRODUCE,Babahoyo,Los Rios,B,10,0,1046.9295131121755
2017-08-18,31,SCHOOL AND OFFICE SUPPLIES,Babahoyo,Los Rios,B,10,0,0.1774451420941207
2017-08-18,31,SEAFOOD,Babahoyo,Los Rios,B,10,0,3.845737548748014
2017-08-18,32,AUTOMOTIVE,Guayaquil,Guayas,C,3,0,3.6837553498158213
2017-08-18,32,BABY CARE,Guayaquil,Guayas,C,3,0,0.3432765651126423
2017-08-18,32,BEAUTY,Guayaquil,Guayas,C,3,0,2.263420221228174
2017-08-18,32,BEVERAGES,Guayaquil,Guayas,C,3,0,1148.3829164172696
2017-08-18,32,BOOKS,Guayaquil,Guayas,C,3,0,0.3432765651126423
2017-08-18,32,BREAD/BAKERY,Guayaquil,Guayas,C,3,0,101.9327709038169
2017-08-18,32,CELEBRATION,Guayaquil,Guayas,C,3,0,4.415852434816445
2017-08-18,32,CLEANING,Guayaquil,Guayas,C,3,0,467.0511778724531
2017-08-18,32,DAIRY,Guayaquil,Guayas,C,3,0,128.99278729000017
2017-08-18,32,DELI,Guayaquil,Guayas,C,3,0,95.85055326619157
2017-08-18,32,EGGS,Guayaquil,Guayas,C,3,0,167.90005027257305
2017-08-18,32,FROZEN FOODS,Guayaquil,Guayas,C,3,0,19.915380867868205
2017-08-18,32,GROCERY I,Guayaquil,Guayas,C,3,0,1635.8639321582941
2017-08-18,32,GROCERY II,Guayaquil,Guayas,C,3,0,4.2560916349515985
2017-08-18,32,HARDWARE,Guayaquil,Guayas,C,3,0,1.2031887920923983
2017-08-18,32,HOME AND KITCHEN I,Guayaquil,Guayas,C,3,0,5.589136878381607
2017-08-18,32,HOME AND KITCHEN II,Guayaquil,Guayas,C,3,0,5.087774485664173
2017-08-18,32,HOME APPLIANCES,Guayaquil,Guayas,C,3,0,1.11615134984796
2017-08-18,32,HOME CARE,Guayaquil,Guayas,C,3,0,73.5270715979494
2017-08-18,32,LADIESWEAR,Guayaquil,Guayas,C,3,0,1.666241222070165
2017-08-18,32,LAWN AND GARDEN,Guayaquil,Guayas,C,3,0,1.6857087049947375
2017-08-18,32,LINGERIE,Guayaquil,Guayas,C,3,0,2.5338066768493537
2017-08-18,32,"LIQUOR,WINE,BEER",Guayaquil,Guayas,C,3,0,62.36434354707987
2017-08-18,32,MAGAZINES,Guayaquil,Guayas,C,3,0,1.609241939085904
2017-08-18,32,MEATS,Guayaquil,Guayas,C,3,0,64.02850514953471
2017-08-18,32,PERSONAL CARE,Guayaquil,Guayas,C,3,0,57.020401703272526
2017-08-18,32,PET SUPPLIES,Guayaquil,Guayas,C,3,0,2.099883064650095
2017-08-18,32,PLAYERS AND ELECTRONICS,Guayaquil,Guayas,C,3,0,2.727322652405454
2017-08-18,32,POULTRY,Guayaquil,Guayas,C,3,0,61.85605675089656
2017-08-18,32,PREPARED FOODS,Guayaquil,Guayas,C,3,0,13.231832893084892
2017-08-18,32,PRODUCE,Guayaquil,Guayas,C,3,0,198.7668873360462
2017-08-18,32,SCHOOL AND OFFICE SUPPLIES,Guayaquil,Guayas,C,3,0,0.2983297543601457
2017-08-18,32,SEAFOOD,Guayaquil,Guayas,C,3,0,3.068466571999601
2017-08-18,33,AUTOMOTIVE,Quevedo,Los Rios,C,3,0,4.0868434414686945
2017-08-18,33,BABY CARE,Quevedo,Los Rios,C,3,0,0.0
2017-08-18,33,BEAUTY,Quevedo,Los Rios,C,3,0,2.2727938042264624
2017-08-18,33,BEVERAGES,Quevedo,Los Rios,C,3,0,1909.6033446039748
2017-08-18,33,BOOKS,Quevedo,Los Rios,C,3,0,0.0
2017-08-18,33,BREAD/BAKERY,Quevedo,Los Rios,C,3,0,178.83287750235527
2017-08-18,33,CELEBRATION,Quevedo,Los Rios,C,3,0,5.012883352827904
2017-08-18,33,CLEANING,Quevedo,Los Rios,C,3,0,831.7540080058591
2017-08-18,33,DAIRY,Quevedo,Los Rios,C,3,0,348.70541782332015
2017-08-18,33,DELI,Quevedo,Los Rios,C,3,0,165.03587958242164
2017-08-18,33,EGGS,Quevedo,Los Rios,C,3,0,155.4015565588319
2017-08-18,33,FROZEN FOODS,Quevedo,Los Rios,C,3,0,62.86429050008857
2017-08-18,33,GROCERY I,Quevedo,Los Rios,C,3,0,2546.094393217047
2017-08-18,33,GROCERY II,Quevedo,Los Rios,C,3,0,3.6709311452212474
2017-08-18,33,HARDWARE,Quevedo,Los Rios,C,3,0,0.14527551101811342
2017-08-18,33,HOME AND KITCHEN I,Quevedo,Los Rios,C,3,0,25.82901038591571
2017-08-18,33,HOME AND KITCHEN II,Quevedo,Los Rios,C,3,0,15.514509421967356
2017-08-18,33,HOME APPLIANCES,Quevedo,Los Rios,C,3,0,0.0
2017-08-18,33,HOME CARE,Quevedo,Los Rios,C,3,0,178.80932994311635
2017-08-18,33,LADIESWEAR,Quevedo,Los Rios,C,3,0,0.9568862678159119
2017-08-18,33,LAWN AND GARDEN,Quevedo,Los Rios,C,3,0,0.9763537507404846
2017-08-18,33,LINGERIE,Quevedo,Los Rios,C,3,0,9.405991603257972
2017-08-18,33,"LIQUOR,WINE,BEER",Quevedo,Los Rios,C,3,0,45.33091409078595
2017-08-18,33,MAGAZINES,Quevedo,Los Rios,C,3,0,1.1476707542129256
2017-08-18,33,MEATS,Quevedo,Los Rios,C,3,0,221.6912462701728
2017-08-18,33,PERSONAL CARE,Quevedo,Los Rios,C,3,0,167.40914396429008
2017-08-18,33,PET SUPPLIES,Quevedo,Los Rios,C,3,0,2.244932197353327
2017-08-18,33,PLAYERS AND ELECTRONICS,Quevedo,Los Rios,C,3,0,2.5644013739480904
2017-08-18,33,POULTRY,Quevedo,Los Rios,C,3,0,267.484088967742
2017-08-18,33,PREPARED FOODS,Quevedo,Los Rios,C,3,0,26.581708885447508
2017-08-18,33,PRODUCE,Quevedo,Los Rios,C,3,0,1049.761077122207
2017-08-18,33,SCHOOL AND OFFICE SUPPLIES,Quevedo,Los Rios,C,3,0,0.0
2017-08-18,33,SEAFOOD,Quevedo,Los Rios,C,3,0,1.3829906648175545
2017-08-18,34,AUTOMOTIVE,Guayaquil,Guayas,B,6,0,3.8277399119063436
2017-08-18,34,BABY CARE,Guayaquil,Guayas,B,6,0,1.2058019457471474
2017-08-18,34,BEAUTY,Guayaquil,Guayas,B,6,0,2.263420221228174
2017-08-18,34,BEVERAGES,Guayaquil,Guayas,B,6,0,2504.7047496150462
2017-08-18,34,BOOKS,Guayaquil,Guayas,B,6,0,0.3432765651126423
2017-08-18,34,BREAD/BAKERY,Guayaquil,Guayas,B,6,0,679.9039745355431
2017-08-18,34,CELEBRATION,Guayaquil,Guayas,B,6,0,8.805744347431212
2017-08-18,34,CLEANING,Guayaquil,Guayas,B,6,0,838.1838167919809
2017-08-18,34,DAIRY,Guayaquil,Guayas,B,6,0,573.8752921328315
2017-08-18,34,DELI,Guayaquil,Guayas,B,6,0,227.9266546831097
2017-08-18,34,EGGS,Guayaquil,Guayas,B,6,0,106.2342327129722
2017-08-18,34,FROZEN FOODS,Guayaquil,Guayas,B,6,0,64.50708063212207
2017-08-18,34,GROCERY I,Guayaquil,Guayas,B,6,0,4203.390237775038
2017-08-18,34,GROCERY II,Guayaquil,Guayas,B,6,0,7.943923792668283
2017-08-18,34,HARDWARE,Guayaquil,Guayas,B,6,0,2.753644455349585
2017-08-18,34,HOME AND KITCHEN I,Guayaquil,Guayas,B,6,0,24.49720376513204
2017-08-18,34,HOME AND KITCHEN II,Guayaquil,Guayas,B,6,0,39.84078323248384
2017-08-18,34,HOME APPLIANCES,Guayaquil,Guayas,B,6,0,0.316491456909554
2017-08-18,34,HOME CARE,Guayaquil,Guayas,B,6,0,178.69931363964298
2017-08-18,34,LADIESWEAR,Guayaquil,Guayas,B,6,0,2.6642735952072276
2017-08-18,34,LAWN AND GARDEN,Guayaquil,Guayas,B,6,0,4.524545292455606
2017-08-18,34,LINGERIE,Guayaquil,Guayas,B,6,0,3.6837553498158213
2017-08-18,34,"LIQUOR,WINE,BEER",Guayaquil,Guayas,B,6,0,37.826519060919566
2017-08-18,34,MAGAZINES,Guayaquil,Guayas,B,6,0,3.3127598895062538
2017-08-18,34,MEATS,Guayaquil,Guayas,B,6,0,169.38009294270822
2017-08-18,34,PERSONAL CARE,Guayaquil,Guayas,B,6,0,228.15814075080974
2017-08-18,34,PET SUPPLIES,Guayaquil,Guayas,B,6,0,3.874502841827835
2017-08-18,34,PLAYERS AND ELECTRONICS,Guayaquil,Guayas,B,6,0,4.998911950649308
2017-08-18,34,POULTRY,Guayaquil,Guayas,B,6,0,158.9950790593443
2017-08-18,34,PREPARED FOODS,Guayaquil,Guayas,B,6,0,30.608965303609825
2017-08-18,34,PRODUCE,Guayaquil,Guayas,B,6,0,603.4488221256465
2017-08-18,34,SCHOOL AND OFFICE SUPPLIES,Guayaquil,Guayas,B,6,0,3.4638800570946704
2017-08-18,34,SEAFOOD,Guayaquil,Guayas,B,6,0,2.8928802777545988
2017-08-18,35,AUTOMOTIVE,Playas,Guayas,C,3,0,2.6871648219381656
2017-08-18,35,BABY CARE,Playas,Guayas,C,3,0,0.0
2017-08-18,35,BEAUTY,Playas,Guayas,C,3,0,1.112604209196373
2017-08-18,35,BEVERAGES,Playas,Guayas,C,3,0,1436.6315567546178
2017-08-18,35,BOOKS,Playas,Guayas,C,3,0,0.0
2017-08-18,35,BREAD/BAKERY,Playas,Guayas,C,3,0,105.49485262639482
2017-08-18,35,CELEBRATION,Playas,Guayas,C,3,0,2.1958780487479084
2017-08-18,35,CLEANING,Playas,Guayas,C,3,0,414.26065000155603
2017-08-18,35,DAIRY,Playas,Guayas,C,3,0,153.47065957424132
2017-08-18,35,DELI,Playas,Guayas,C,3,0,101.91155363689023
2017-08-18,35,EGGS,Playas,Guayas,C,3,0,118.38168311922486
2017-08-18,35,FROZEN FOODS,Playas,Guayas,C,3,0,87.97547745898979
2017-08-18,35,GROCERY I,Playas,Guayas,C,3,0,1643.2256145745985
2017-08-18,35,GROCERY II,Playas,Guayas,C,3,0,4.143877322885997
2017-08-18,35,HARDWARE,Playas,Guayas,C,3,0,0.14527551101811342
2017-08-18,35,HOME AND KITCHEN I,Playas,Guayas,C,3,0,8.239510294653238
2017-08-18,35,HOME AND KITCHEN II,Playas,Guayas,C,3,0,3.4417590094677832
2017-08-18,35,HOME APPLIANCES,Playas,Guayas,C,3,0,0.12110355646977367
2017-08-18,35,HOME CARE,Playas,Guayas,C,3,0,96.81034280314158
2017-08-18,35,LADIESWEAR,Playas,Guayas,C,3,0,0.9568862678159119
2017-08-18,35,LAWN AND GARDEN,Playas,Guayas,C,3,0,0.9763537507404846
2017-08-18,35,LINGERIE,Playas,Guayas,C,3,0,1.1603710279678816
2017-08-18,35,"LIQUOR,WINE,BEER",Playas,Guayas,C,3,0,92.4961768986916
2017-08-18,35,MAGAZINES,Playas,Guayas,C,3,0,1.1476707542129256
2017-08-18,35,MEATS,Playas,Guayas,C,3,0,171.7253020162145
2017-08-18,35,PERSONAL CARE,Playas,Guayas,C,3,0,51.357990845808445
2017-08-18,35,PET SUPPLIES,Playas,Guayas,C,3,0,1.0847426023232365
2017-08-18,35,PLAYERS AND ELECTRONICS,Playas,Guayas,C,3,0,1.404211778918
2017-08-18,35,POULTRY,Playas,Guayas,C,3,0,59.32106723601271
2017-08-18,35,PREPARED FOODS,Playas,Guayas,C,3,0,19.096382807646275
2017-08-18,35,PRODUCE,Playas,Guayas,C,3,0,352.3580923863027
2017-08-18,35,SCHOOL AND OFFICE SUPPLIES,Playas,Guayas,C,3,0,0.0
2017-08-18,35,SEAFOOD,Playas,Guayas,C,3,0,2.0955379134088457
2017-08-18,36,AUTOMOTIVE,Libertad,Guayas,E,10,0,4.824338234273974
2017-08-18,36,BABY CARE,Libertad,Guayas,E,10,0,0.24957642639236552
2017-08-18,36,BEAUTY,Libertad,Guayas,E,10,0,1.8639345744352902
2017-08-18,36,BEVERAGES,Libertad,Guayas,E,10,0,3292.872663868363
2017-08-18,36,BOOKS,Libertad,Guayas,E,10,0,0.24957642639236552
2017-08-18,36,BREAD/BAKERY,Libertad,Guayas,E,10,0,512.4953737556107
2017-08-18,36,CELEBRATION,Libertad,Guayas,E,10,0,8.97755624409661
2017-08-18,36,CLEANING,Libertad,Guayas,E,10,0,775.0702801033134
2017-08-18,36,DAIRY,Libertad,Guayas,E,10,0,553.7859281379745
2017-08-18,36,DELI,Libertad,Guayas,E,10,0,207.5027912031672
2017-08-18,36,EGGS,Libertad,Guayas,E,10,0,120.38692249758432
2017-08-18,36,FROZEN FOODS,Libertad,Guayas,E,10,0,124.19112381454683
2017-08-18,36,GROCERY I,Libertad,Guayas,E,10,0,3474.421066837875
2017-08-18,36,GROCERY II,Libertad,Guayas,E,10,0,8.602903863488837
2017-08-18,36,HARDWARE,Libertad,Guayas,E,10,0,1.1094886533721215
2017-08-18,36,HOME AND KITCHEN I,Libertad,Guayas,E,10,0,49.5351363916027
2017-08-18,36,HOME AND KITCHEN II,Libertad,Guayas,E,10,0,5.841853955177545
2017-08-18,36,HOME APPLIANCES,Libertad,Guayas,E,10,0,0.22279131818927717
2017-08-18,36,HOME CARE,Libertad,Guayas,E,10,0,201.3057113388289
2017-08-18,36,LADIESWEAR,Libertad,Guayas,E,10,0,1.5725410833498887
2017-08-18,36,LAWN AND GARDEN,Libertad,Guayas,E,10,0,28.487511273800468
2017-08-18,36,LINGERIE,Libertad,Guayas,E,10,0,4.07905076560186
2017-08-18,36,"LIQUOR,WINE,BEER",Libertad,Guayas,E,10,0,100.16961852917302
2017-08-18,36,MAGAZINES,Libertad,Guayas,E,10,0,2.955486046449474
2017-08-18,36,MEATS,Libertad,Guayas,E,10,0,241.65842962037698
2017-08-18,36,PERSONAL CARE,Libertad,Guayas,E,10,0,183.23760266657393
2017-08-18,36,PET SUPPLIES,Libertad,Guayas,E,10,0,3.816728544769551
2017-08-18,36,PLAYERS AND ELECTRONICS,Libertad,Guayas,E,10,0,3.5753504835339966
2017-08-18,36,POULTRY,Libertad,Guayas,E,10,0,124.74555497761197
2017-08-18,36,PREPARED FOODS,Libertad,Guayas,E,10,0,44.458288280317234
2017-08-18,36,PRODUCE,Libertad,Guayas,E,10,0,1172.981739370025
2017-08-18,36,SCHOOL AND OFFICE SUPPLIES,Libertad,Guayas,E,10,0,1.425450182828986
2017-08-18,36,SEAFOOD,Libertad,Guayas,E,10,0,2.865424940411456
2017-08-18,37,AUTOMOTIVE,Cuenca,Azuay,D,2,0,4.544286981993277
2017-08-18,37,BABY CARE,Cuenca,Azuay,D,2,0,2.0488131516902564
2017-08-18,37,BEAUTY,Cuenca,Azuay,D,2,0,5.786580002172769
2017-08-18,37,BEVERAGES,Cuenca,Azuay,D,2,0,2285.7945475815054
2017-08-18,37,BOOKS,Cuenca,Azuay,D,2,0,2.0488131516902564
2017-08-18,37,BREAD/BAKERY,Cuenca,Azuay,D,2,0,438.1904533103649
2017-08-18,37,CELEBRATION,Cuenca,Azuay,D,2,0,5.825463872614426
2017-08-18,37,CLEANING,Cuenca,Azuay,D,2,0,837.5208924656353
2017-08-18,37,DAIRY,Cuenca,Azuay,D,2,0,825.2337287064879
2017-08-18,37,DELI,Cuenca,Azuay,D,2,0,133.30499489382981
2017-08-18,37,EGGS,Cuenca,Azuay,D,2,0,110.1935874233634
2017-08-18,37,FROZEN FOODS,Cuenca,Azuay,D,2,0,123.38799105930929
2017-08-18,37,GROCERY I,Cuenca,Azuay,D,2,0,3083.787417767417
2017-08-18,37,GROCERY II,Cuenca,Azuay,D,2,0,41.86432450574088
2017-08-18,37,HARDWARE,Cuenca,Azuay,D,2,0,2.805780589231471
2017-08-18,37,HOME AND KITCHEN I,Cuenca,Azuay,D,2,0,30.87300973241846
2017-08-18,37,HOME AND KITCHEN II,Cuenca,Azuay,D,2,0,22.256318785555624
2017-08-18,37,HOME APPLIANCES,Cuenca,Azuay,D,2,0,2.022028043487168
2017-08-18,37,HOME CARE,Cuenca,Azuay,D,2,0,174.7568547629594
2017-08-18,37,LADIESWEAR,Cuenca,Azuay,D,2,0,17.858564795307924
2017-08-18,37,LAWN AND GARDEN,Cuenca,Azuay,D,2,0,17.8780322782325
2017-08-18,37,LINGERIE,Cuenca,Azuay,D,2,0,3.3768178827924626
2017-08-18,37,"LIQUOR,WINE,BEER",Cuenca,Azuay,D,2,0,136.26053248340764
2017-08-18,37,MAGAZINES,Cuenca,Azuay,D,2,0,10.14121318744804
2017-08-18,37,MEATS,Cuenca,Azuay,D,2,0,282.3995948381975
2017-08-18,37,PERSONAL CARE,Cuenca,Azuay,D,2,0,234.35310716870885
2017-08-18,37,PET SUPPLIES,Cuenca,Azuay,D,2,0,8.798925023047797
2017-08-18,37,PLAYERS AND ELECTRONICS,Cuenca,Azuay,D,2,0,11.251408631923763
2017-08-18,37,POULTRY,Cuenca,Azuay,D,2,0,250.04493123050239
2017-08-18,37,PREPARED FOODS,Cuenca,Azuay,D,2,0,68.61456809679781
2017-08-18,37,PRODUCE,Cuenca,Azuay,D,2,0,2263.4120107546955
2017-08-18,37,SCHOOL AND OFFICE SUPPLIES,Cuenca,Azuay,D,2,0,2.00386634093776
2017-08-18,37,SEAFOOD,Cuenca,Azuay,D,2,0,9.584341259697254
2017-08-18,38,AUTOMOTIVE,Loja,Loja,D,4,0,4.970007293401941
2017-08-18,38,BABY CARE,Loja,Loja,D,4,0,1.0139934830161297
2017-08-18,38,BEAUTY,Loja,Loja,D,4,0,5.60705290956902
2017-08-18,38,BEVERAGES,Loja,Loja,D,4,0,1812.4532406781766
2017-08-18,38,BOOKS,Loja,Loja,D,4,0,1.0139934830161297
2017-08-18,38,BREAD/BAKERY,Loja,Loja,D,4,0,370.7936695641838
2017-08-18,38,CELEBRATION,Loja,Loja,D,4,0,9.821506497561257
2017-08-18,38,CLEANING,Loja,Loja,D,4,0,764.3199773637115
2017-08-18,38,DAIRY,Loja,Loja,D,4,0,701.6300946950257
2017-08-18,38,DELI,Loja,Loja,D,4,0,122.05455453538453
2017-08-18,38,EGGS,Loja,Loja,D,4,0,75.77316764919942
2017-08-18,38,FROZEN FOODS,Loja,Loja,D,4,0,119.58245744295259
2017-08-18,38,GROCERY I,Loja,Loja,D,4,0,2977.5350565734334
2017-08-18,38,GROCERY II,Loja,Loja,D,4,0,21.92752913604069
2017-08-18,38,HARDWARE,Loja,Loja,D,4,0,1.533315561050849
2017-08-18,38,HOME AND KITCHEN I,Loja,Loja,D,4,0,37.64704112847724
2017-08-18,38,HOME AND KITCHEN II,Loja,Loja,D,4,0,21.871196261286165
2017-08-18,38,HOME APPLIANCES,Loja,Loja,D,4,0,0.9872083748130412
2017-08-18,38,HOME CARE,Loja,Loja,D,4,0,272.51488890534733
2017-08-18,38,LADIESWEAR,Loja,Loja,D,4,0,19.20473236276724
2017-08-18,38,LAWN AND GARDEN,Loja,Loja,D,4,0,9.901452449738565
2017-08-18,38,LINGERIE,Loja,Loja,D,4,0,7.003380456563751
2017-08-18,38,"LIQUOR,WINE,BEER",Loja,Loja,D,4,0,142.0007529348798
2017-08-18,38,MAGAZINES,Loja,Loja,D,4,0,12.374221839526365
2017-08-18,38,MEATS,Loja,Loja,D,4,0,190.6412945336836
2017-08-18,38,PERSONAL CARE,Loja,Loja,D,4,0,295.86612923436235
2017-08-18,38,PET SUPPLIES,Loja,Loja,D,4,0,5.867421103505932
2017-08-18,38,PLAYERS AND ELECTRONICS,Loja,Loja,D,4,0,7.372925858716646
2017-08-18,38,POULTRY,Loja,Loja,D,4,0,143.0815563630752
2017-08-18,38,PREPARED FOODS,Loja,Loja,D,4,0,82.24370197672597
2017-08-18,38,PRODUCE,Loja,Loja,D,4,0,1759.4766728329296
2017-08-18,38,SCHOOL AND OFFICE SUPPLIES,Loja,Loja,D,4,0,10.174880583937199
2017-08-18,38,SEAFOOD,Loja,Loja,D,4,0,12.708083553472717
2017-08-18,39,AUTOMOTIVE,Cuenca,Azuay,B,6,0,5.33380346545738
2017-08-18,39,BABY CARE,Cuenca,Azuay,B,6,0,1.3256501593536898
2017-08-18,39,BEAUTY,Cuenca,Azuay,B,6,0,3.533217107801183
2017-08-18,39,BEVERAGES,Cuenca,Azuay,B,6,0,2873.3956194296175
2017-08-18,39,BOOKS,Cuenca,Azuay,B,6,0,1.2627846716575921
2017-08-18,39,BREAD/BAKERY,Cuenca,Azuay,B,6,0,608.6372761019237
2017-08-18,39,CELEBRATION,Cuenca,Azuay,B,6,0,5.066375038615866
2017-08-18,39,CLEANING,Cuenca,Azuay,B,6,0,1111.5326528740998
2017-08-18,39,DAIRY,Cuenca,Azuay,B,6,0,580.3993901552849
2017-08-18,39,DELI,Cuenca,Azuay,B,6,0,158.57594558597683
2017-08-18,39,EGGS,Cuenca,Azuay,B,6,0,217.76819798420615
2017-08-18,39,FROZEN FOODS,Cuenca,Azuay,B,6,0,58.133148979505926
2017-08-18,39,GROCERY I,Cuenca,Azuay,B,6,0,4402.368282180257
2017-08-18,39,GROCERY II,Cuenca,Azuay,B,6,0,25.677926075375748
2017-08-18,39,HARDWARE,Cuenca,Azuay,B,6,0,1.5456566425486136
2017-08-18,39,HOME AND KITCHEN I,Cuenca,Azuay,B,6,0,21.48589610060705
2017-08-18,39,HOME AND KITCHEN II,Cuenca,Azuay,B,6,0,12.081131120592225
2017-08-18,39,HOME APPLIANCES,Cuenca,Azuay,B,6,0,1.2359995634545036
2017-08-18,39,HOME CARE,Cuenca,Azuay,B,6,0,282.8690905404739
2017-08-18,39,LADIESWEAR,Cuenca,Azuay,B,6,0,4.956919777699535
2017-08-18,39,LAWN AND GARDEN,Cuenca,Azuay,B,6,0,8.740026477829389
2017-08-18,39,LINGERIE,Cuenca,Azuay,B,6,0,6.3859780474268275
2017-08-18,39,"LIQUOR,WINE,BEER",Cuenca,Azuay,B,6,0,65.87232991488555
2017-08-18,39,MAGAZINES,Cuenca,Azuay,B,6,0,4.926882163485815
2017-08-18,39,MEATS,Cuenca,Azuay,B,6,0,155.50603345742206
2017-08-18,39,PERSONAL CARE,Cuenca,Azuay,B,6,0,254.85196317854144
2017-08-18,39,PET SUPPLIES,Cuenca,Azuay,B,6,0,4.928206373367838
2017-08-18,39,PLAYERS AND ELECTRONICS,Cuenca,Azuay,B,6,0,5.896968443308977
2017-08-18,39,POULTRY,Cuenca,Azuay,B,6,0,260.2861239790624
2017-08-18,39,PREPARED FOODS,Cuenca,Azuay,B,6,0,50.51460982264299
2017-08-18,39,PRODUCE,Cuenca,Azuay,B,6,0,1458.2856190626096
2017-08-18,39,SCHOOL AND OFFICE SUPPLIES,Cuenca,Azuay,B,6,0,5.236447811161567
2017-08-18,39,SEAFOOD,Cuenca,Azuay,B,6,0,11.971047471476915
2017-08-18,40,AUTOMOTIVE,Machala,El Oro,C,3,0,3.130762144905
2017-08-18,40,BABY CARE,Machala,El Oro,C,3,0,0.3696462963560478
2017-08-18,40,BEAUTY,Machala,El Oro,C,3,0,2.5608761432853226
2017-08-18,40,BEVERAGES,Machala,El Oro,C,3,0,5304.619936624494
2017-08-18,40,BOOKS,Machala,El Oro,C,3,0,0.3696462963560478
2017-08-18,40,BREAD/BAKERY,Machala,El Oro,C,3,0,372.9027505620438
2017-08-18,40,CELEBRATION,Machala,El Oro,C,3,0,11.417875062366809
2017-08-18,40,CLEANING,Machala,El Oro,C,3,0,1330.1968897401687
2017-08-18,40,DAIRY,Machala,El Oro,C,3,0,506.1422106770289
2017-08-18,40,DELI,Machala,El Oro,C,3,0,283.53414703992763
2017-08-18,40,EGGS,Machala,El Oro,C,3,0,143.3392211335171
2017-08-18,40,FROZEN FOODS,Machala,El Oro,C,3,0,65.90226080270646
2017-08-18,40,GROCERY I,Machala,El Oro,C,3,0,5331.681188169974
2017-08-18,40,GROCERY II,Machala,El Oro,C,3,0,6.54475983059433
2017-08-18,40,HARDWARE,Machala,El Oro,C,3,0,2.15131118886798
2017-08-18,40,HOME AND KITCHEN I,Machala,El Oro,C,3,0,25.11922536380024
2017-08-18,40,HOME AND KITCHEN II,Machala,El Oro,C,3,0,19.641168928737912
2017-08-18,40,HOME APPLIANCES,Machala,El Oro,C,3,0,0.3428611881529596
2017-08-18,40,HOME CARE,Machala,El Oro,C,3,0,309.6317170175
2017-08-18,40,LADIESWEAR,Machala,El Oro,C,3,0,1.6926109533135707
2017-08-18,40,LAWN AND GARDEN,Machala,El Oro,C,3,0,1.7749439239342408
2017-08-18,40,LINGERIE,Machala,El Oro,C,3,0,6.658111552220657
2017-08-18,40,"LIQUOR,WINE,BEER",Machala,El Oro,C,3,0,32.502660013910685
2017-08-18,40,MAGAZINES,Machala,El Oro,C,3,0,3.171483189372237
2017-08-18,40,MEATS,Machala,El Oro,C,3,0,125.98213458968324
2017-08-18,40,PERSONAL CARE,Machala,El Oro,C,3,0,249.06373741047656
2017-08-18,40,PET SUPPLIES,Machala,El Oro,C,3,0,3.2442305871874875
2017-08-18,40,PLAYERS AND ELECTRONICS,Machala,El Oro,C,3,0,6.643406824659108
2017-08-18,40,POULTRY,Machala,El Oro,C,3,0,213.13364738862546
2017-08-18,40,PREPARED FOODS,Machala,El Oro,C,3,0,49.23454988186536
2017-08-18,40,PRODUCE,Machala,El Oro,C,3,0,1011.3744474835443
2017-08-18,40,SCHOOL AND OFFICE SUPPLIES,Machala,El Oro,C,3,0,0.32469948560355116
2017-08-18,40,SEAFOOD,Machala,El Oro,C,3,0,4.7408358311982415
2017-08-18,41,AUTOMOTIVE,Machala,El Oro,D,4,0,5.795841544053389
2017-08-18,41,BABY CARE,Machala,El Oro,D,4,0,1.9553346693271199
2017-08-18,41,BEAUTY,Machala,El Oro,D,4,0,8.831173751566048
2017-08-18,41,BEVERAGES,Machala,El Oro,D,4,0,1870.067853425628
2017-08-18,41,BOOKS,Machala,El Oro,D,4,0,1.9553346693271199
2017-08-18,41,BREAD/BAKERY,Machala,El Oro,D,4,0,411.70559614675386
2017-08-18,41,CELEBRATION,Machala,El Oro,D,4,0,8.505056267567262
2017-08-18,41,CLEANING,Machala,El Oro,D,4,0,943.3058838783927
2017-08-18,41,DAIRY,Machala,El Oro,D,4,0,668.5063129598151
2017-08-18,41,DELI,Machala,El Oro,D,4,0,197.77400499638912
2017-08-18,41,EGGS,Machala,El Oro,D,4,0,124.19679172503807
2017-08-18,41,FROZEN FOODS,Machala,El Oro,D,4,0,199.01200790436198
2017-08-18,41,GROCERY I,Machala,El Oro,D,4,0,3242.4108954873473
2017-08-18,41,GROCERY II,Machala,El Oro,D,4,0,27.61067090124978
2017-08-18,41,HARDWARE,Machala,El Oro,D,4,0,2.8878884011133357
2017-08-18,41,HOME AND KITCHEN I,Machala,El Oro,D,4,0,31.48261532859066
2017-08-18,41,HOME AND KITCHEN II,Machala,El Oro,D,4,0,25.577290378721344
2017-08-18,41,HOME APPLIANCES,Machala,El Oro,D,4,0,1.9285495611240313
2017-08-18,41,HOME CARE,Machala,El Oro,D,4,0,219.19838727001306
2017-08-18,41,LADIESWEAR,Machala,El Oro,D,4,0,20.982320056158198
2017-08-18,41,LAWN AND GARDEN,Machala,El Oro,D,4,0,17.700442918958636
2017-08-18,41,LINGERIE,Machala,El Oro,D,4,0,6.695586537795111
2017-08-18,41,"LIQUOR,WINE,BEER",Machala,El Oro,D,4,0,153.774221340788
2017-08-18,41,MAGAZINES,Machala,El Oro,D,4,0,9.880088273707477
2017-08-18,41,MEATS,Machala,El Oro,D,4,0,338.05694852606035
2017-08-18,41,PERSONAL CARE,Machala,El Oro,D,4,0,266.63241537655074
2017-08-18,41,PET SUPPLIES,Machala,El Oro,D,4,0,13.392727359267312
2017-08-18,41,PLAYERS AND ELECTRONICS,Machala,El Oro,D,4,0,7.632081852381352
2017-08-18,41,POULTRY,Machala,El Oro,D,4,0,202.2366007342836
2017-08-18,41,PREPARED FOODS,Machala,El Oro,D,4,0,58.93000916447822
2017-08-18,41,PRODUCE,Machala,El Oro,D,4,0,1902.0493571569632
2017-08-18,41,SCHOOL AND OFFICE SUPPLIES,Machala,El Oro,D,4,0,2.020899275747962
2017-08-18,41,SEAFOOD,Machala,El Oro,D,4,0,5.795841544053389
2017-08-18,42,AUTOMOTIVE,Cuenca,Azuay,D,2,0,5.158523505420494
2017-08-18,42,BABY CARE,Cuenca,Azuay,D,2,0,2.0488131516902564
2017-08-18,42,BEAUTY,Cuenca,Azuay,D,2,0,5.750654160510775
2017-08-18,42,BEVERAGES,Cuenca,Azuay,D,2,0,2036.9685817415966
2017-08-18,42,BOOKS,Cuenca,Azuay,D,2,0,2.0488131516902564
2017-08-18,42,BREAD/BAKERY,Cuenca,Azuay,D,2,0,400.37355214695316
2017-08-18,42,CELEBRATION,Cuenca,Azuay,D,2,0,7.021125745212737
2017-08-18,42,CLEANING,Cuenca,Azuay,D,2,0,633.3859378028435
2017-08-18,42,DAIRY,Cuenca,Azuay,D,2,0,807.4183596062849
2017-08-18,42,DELI,Cuenca,Azuay,D,2,0,147.72628559989923
2017-08-18,42,EGGS,Cuenca,Azuay,D,2,0,116.82592406295655
2017-08-18,42,FROZEN FOODS,Cuenca,Azuay,D,2,0,115.16111013356861
2017-08-18,42,GROCERY I,Cuenca,Azuay,D,2,0,2596.0704582155104
2017-08-18,42,GROCERY II,Cuenca,Azuay,D,2,0,26.300667928482376
2017-08-18,42,HARDWARE,Cuenca,Azuay,D,2,0,2.404495184590118
2017-08-18,42,HOME AND KITCHEN I,Cuenca,Azuay,D,2,0,31.295861594731175
2017-08-18,42,HOME AND KITCHEN II,Cuenca,Azuay,D,2,0,28.540650401485138
2017-08-18,42,HOME APPLIANCES,Cuenca,Azuay,D,2,0,2.022028043487168
2017-08-18,42,HOME CARE,Cuenca,Azuay,D,2,0,147.6891673107034
2017-08-18,42,LADIESWEAR,Cuenca,Azuay,D,2,0,10.637101410687412
2017-08-18,42,LAWN AND GARDEN,Cuenca,Azuay,D,2,0,36.00695574759801
2017-08-18,42,LINGERIE,Cuenca,Azuay,D,2,0,5.158523505420494
2017-08-18,42,"LIQUOR,WINE,BEER",Cuenca,Azuay,D,2,0,88.16273136449463
2017-08-18,42,MAGAZINES,Cuenca,Azuay,D,2,0,8.955763818956227
2017-08-18,42,MEATS,Cuenca,Azuay,D,2,0,272.65595082060895
2017-08-18,42,PERSONAL CARE,Cuenca,Azuay,D,2,0,214.8594509227567
2017-08-18,42,PET SUPPLIES,Cuenca,Azuay,D,2,0,6.658463389041351
2017-08-18,42,PLAYERS AND ELECTRONICS,Cuenca,Azuay,D,2,0,7.207518759359797
2017-08-18,42,POULTRY,Cuenca,Azuay,D,2,0,237.71755127295532
2017-08-18,42,PREPARED FOODS,Cuenca,Azuay,D,2,0,42.09786697513557
2017-08-18,42,PRODUCE,Cuenca,Azuay,D,2,0,2135.22360714856
2017-08-18,42,SCHOOL AND OFFICE SUPPLIES,Cuenca,Azuay,D,2,0,2.2264859777874304
2017-08-18,42,SEAFOOD,Cuenca,Azuay,D,2,0,9.584341259697254
2017-08-18,43,AUTOMOTIVE,Esmeraldas,Esmeraldas,E,10,0,5.942866131492269
2017-08-18,43,BABY CARE,Esmeraldas,Esmeraldas,E,10,0,0.1951602164367245
2017-08-18,43,BEAUTY,Esmeraldas,Esmeraldas,E,10,0,4.7954524475537434
2017-08-18,43,BEVERAGES,Esmeraldas,Esmeraldas,E,10,0,4605.478855970614
2017-08-18,43,BOOKS,Esmeraldas,Esmeraldas,E,10,0,0.1951602164367245
2017-08-18,43,BREAD/BAKERY,Esmeraldas,Esmeraldas,E,10,0,500.84895127677083
2017-08-18,43,CELEBRATION,Esmeraldas,Esmeraldas,E,10,0,17.607864902531247
2017-08-18,43,CLEANING,Esmeraldas,Esmeraldas,E,10,0,1074.8068262729867
2017-08-18,43,DAIRY,Esmeraldas,Esmeraldas,E,10,0,610.6668558097398
2017-08-18,43,DELI,Esmeraldas,Esmeraldas,E,10,0,279.5752566966639
2017-08-18,43,EGGS,Esmeraldas,Esmeraldas,E,10,0,202.9623355244116
2017-08-18,43,FROZEN FOODS,Esmeraldas,Esmeraldas,E,10,0,106.66191747936185
2017-08-18,43,GROCERY I,Esmeraldas,Esmeraldas,E,10,0,4222.950581430493
2017-08-18,43,GROCERY II,Esmeraldas,Esmeraldas,E,10,0,18.265675086567143
2017-08-18,43,HARDWARE,Esmeraldas,Esmeraldas,E,10,0,0.9922069557203824
2017-08-18,43,HOME AND KITCHEN I,Esmeraldas,Esmeraldas,E,10,0,17.695595809703036
2017-08-18,43,HOME AND KITCHEN II,Esmeraldas,Esmeraldas,E,10,0,20.603441476080864
2017-08-18,43,HOME APPLIANCES,Esmeraldas,Esmeraldas,E,10,0,0.4061869418444822
2017-08-18,43,HOME CARE,Esmeraldas,Esmeraldas,E,10,0,225.57435512401523
2017-08-18,43,LADIESWEAR,Esmeraldas,Esmeraldas,E,10,0,1.5181248733942476
2017-08-18,43,LAWN AND GARDEN,Esmeraldas,Esmeraldas,E,10,0,7.107989819560603
2017-08-18,43,LINGERIE,Esmeraldas,Esmeraldas,E,10,0,3.074582434792317
2017-08-18,43,"LIQUOR,WINE,BEER",Esmeraldas,Esmeraldas,E,10,0,104.26388950283508
2017-08-18,43,MAGAZINES,Esmeraldas,Esmeraldas,E,10,0,2.549354763014115
2017-08-18,43,MEATS,Esmeraldas,Esmeraldas,E,10,0,204.0052229877474
2017-08-18,43,PERSONAL CARE,Esmeraldas,Esmeraldas,E,10,0,265.08354558078315
2017-08-18,43,PET SUPPLIES,Esmeraldas,Esmeraldas,E,10,0,3.7623123348139105
2017-08-18,43,PLAYERS AND ELECTRONICS,Esmeraldas,Esmeraldas,E,10,0,2.37098560061189
2017-08-18,43,POULTRY,Esmeraldas,Esmeraldas,E,10,0,341.6954857153885
2017-08-18,43,PREPARED FOODS,Esmeraldas,Esmeraldas,E,10,0,132.6890872241792
2017-08-18,43,PRODUCE,Esmeraldas,Esmeraldas,E,10,0,1363.276333862088
2017-08-18,43,SCHOOL AND OFFICE SUPPLIES,Esmeraldas,Esmeraldas,E,10,0,2.6712531700044466
2017-08-18,43,SEAFOOD,Esmeraldas,Esmeraldas,E,10,0,2.250014778468498
2017-08-18,44,AUTOMOTIVE,Quito,Pichincha,A,5,0,14.752094209072814
2017-08-18,44,BABY CARE,Quito,Pichincha,A,5,0,1.3396647910936788
2017-08-18,44,BEAUTY,Quito,Pichincha,A,5,0,10.7040811827576
2017-08-18,44,BEVERAGES,Quito,Pichincha,A,5,0,9657.301857619546
2017-08-18,44,BOOKS,Quito,Pichincha,A,5,0,1.3396647910936788
2017-08-18,44,BREAD/BAKERY,Quito,Pichincha,A,5,0,1630.9730055951788
2017-08-18,44,CELEBRATION,Quito,Pichincha,A,5,0,22.282149299345328
2017-08-18,44,CLEANING,Quito,Pichincha,A,5,0,2139.226080278035
2017-08-18,44,DAIRY,Quito,Pichincha,A,5,0,2335.9553939243306
2017-08-18,44,DELI,Quito,Pichincha,A,5,0,531.0138628260358
2017-08-18,44,EGGS,Quito,Pichincha,A,5,0,586.6879935857938
2017-08-18,44,FROZEN FOODS,Quito,Pichincha,A,5,0,491.8384035244392
2017-08-18,44,GROCERY I,Quito,Pichincha,A,5,0,9938.163171106236
2017-08-18,44,GROCERY II,Quito,Pichincha,A,5,0,78.86585301160567
2017-08-18,44,HARDWARE,Quito,Pichincha,A,5,0,4.082297116671898
2017-08-18,44,HOME AND KITCHEN I,Quito,Pichincha,A,5,0,117.20494194568582
2017-08-18,44,HOME AND KITCHEN II,Quito,Pichincha,A,5,0,111.05775839609595
2017-08-18,44,HOME APPLIANCES,Quito,Pichincha,A,5,0,1.3128796828905902
2017-08-18,44,HOME CARE,Quito,Pichincha,A,5,0,578.5289590783811
2017-08-18,44,LADIESWEAR,Quito,Pichincha,A,5,0,22.875392604904636
2017-08-18,44,LAWN AND GARDEN,Quito,Pichincha,A,5,0,31.094250590711678
2017-08-18,44,LINGERIE,Quito,Pichincha,A,5,0,46.37341247189873
2017-08-18,44,"LIQUOR,WINE,BEER",Quito,Pichincha,A,5,0,467.0615839824503
2017-08-18,44,MAGAZINES,Quito,Pichincha,A,5,0,25.195159298121492
2017-08-18,44,MEATS,Quito,Pichincha,A,5,0,1355.3852792411494
2017-08-18,44,PERSONAL CARE,Quito,Pichincha,A,5,0,566.3748534406567
2017-08-18,44,PET SUPPLIES,Quito,Pichincha,A,5,0,36.56343472088367
2017-08-18,44,PLAYERS AND ELECTRONICS,Quito,Pichincha,A,5,0,38.98880775995755
2017-08-18,44,POULTRY,Quito,Pichincha,A,5,0,1470.6791992201956
2017-08-18,44,PREPARED FOODS,Quito,Pichincha,A,5,0,281.3089184153276
2017-08-18,44,PRODUCE,Quito,Pichincha,A,5,0,8756.623496760938
2017-08-18,44,SCHOOL AND OFFICE SUPPLIES,Quito,Pichincha,A,5,0,337.54858532936703
2017-08-18,44,SEAFOOD,Quito,Pichincha,A,5,0,108.20218243277023
2017-08-18,45,AUTOMOTIVE,Quito,Pichincha,A,11,0,17.36446387024488
2017-08-18,45,BABY CARE,Quito,Pichincha,A,11,0,1.1915484424177614
2017-08-18,45,BEAUTY,Quito,Pichincha,A,11,0,11.718549903024172
2017-08-18,45,BEVERAGES,Quito,Pichincha,A,11,0,8905.994254774834
2017-08-18,45,BOOKS,Quito,Pichincha,A,11,0,1.1915484424177614
2017-08-18,45,BREAD/BAKERY,Quito,Pichincha,A,11,0,1218.9003518736847
2017-08-18,45,CELEBRATION,Quito,Pichincha,A,11,0,28.1097145657306
2017-08-18,45,CLEANING,Quito,Pichincha,A,11,0,2423.8104762922303
2017-08-18,45,DAIRY,Quito,Pichincha,A,11,0,2215.593958578923
2017-08-18,45,DELI,Quito,Pichincha,A,11,0,731.4903936004665
2017-08-18,45,EGGS,Quito,Pichincha,A,11,0,349.6392088491176
2017-08-18,45,FROZEN FOODS,Quito,Pichincha,A,11,0,400.17260478002163
2017-08-18,45,GROCERY I,Quito,Pichincha,A,11,0,10142.503161807073
2017-08-18,45,GROCERY II,Quito,Pichincha,A,11,0,115.27792288501749
2017-08-18,45,HARDWARE,Quito,Pichincha,A,11,0,2.394936069662747
2017-08-18,45,HOME AND KITCHEN I,Quito,Pichincha,A,11,0,99.72900032467966
2017-08-18,45,HOME AND KITCHEN II,Quito,Pichincha,A,11,0,76.38106730823628
2017-08-18,45,HOME APPLIANCES,Quito,Pichincha,A,11,0,1.4502484587604394
2017-08-18,45,HOME CARE,Quito,Pichincha,A,11,0,609.8103956528578
2017-08-18,45,LADIESWEAR,Quito,Pichincha,A,11,0,18.08867111335968
2017-08-18,45,LAWN AND GARDEN,Quito,Pichincha,A,11,0,39.57457374657469
2017-08-18,45,LINGERIE,Quito,Pichincha,A,11,0,5.869570168328909
2017-08-18,45,"LIQUOR,WINE,BEER",Quito,Pichincha,A,11,0,342.38436939427754
2017-08-18,45,MAGAZINES,Quito,Pichincha,A,11,0,21.80556313340636
2017-08-18,45,MEATS,Quito,Pichincha,A,11,0,2753.987311836256
2017-08-18,45,PERSONAL CARE,Quito,Pichincha,A,11,0,668.2487649358814
2017-08-18,45,PET SUPPLIES,Quito,Pichincha,A,11,0,28.759196753390967
2017-08-18,45,PLAYERS AND ELECTRONICS,Quito,Pichincha,A,11,0,27.854212727972374
2017-08-18,45,POULTRY,Quito,Pichincha,A,11,0,1575.3452235564723
2017-08-18,45,PREPARED FOODS,Quito,Pichincha,A,11,0,275.436583655769
2017-08-18,45,PRODUCE,Quito,Pichincha,A,11,0,6074.09949162745
2017-08-18,45,SCHOOL AND OFFICE SUPPLIES,Quito,Pichincha,A,11,0,475.53055316153524
2017-08-18,45,SEAFOOD,Quito,Pichincha,A,11,0,109.22835227343431
2017-08-18,46,AUTOMOTIVE,Quito,Pichincha,A,14,0,11.988936358645354
2017-08-18,46,BABY CARE,Quito,Pichincha,A,14,0,1.1915484424177614
2017-08-18,46,BEAUTY,Quito,Pichincha,A,14,0,30.796899575945876
2017-08-18,46,BEVERAGES,Quito,Pichincha,A,14,0,5498.182827235505
2017-08-18,46,BOOKS,Quito,Pichincha,A,14,0,1.1915484424177614
2017-08-18,46,BREAD/BAKERY,Quito,Pichincha,A,14,0,826.5209863654724
2017-08-18,46,CELEBRATION,Quito,Pichincha,A,14,0,12.053350652322422
2017-08-18,46,CLEANING,Quito,Pichincha,A,14,0,1982.712980414896
2017-08-18,46,DAIRY,Quito,Pichincha,A,14,0,1370.793681565665
2017-08-18,46,DELI,Quito,Pichincha,A,14,0,782.2937814857277
2017-08-18,46,EGGS,Quito,Pichincha,A,14,0,122.73651318372653
2017-08-18,46,FROZEN FOODS,Quito,Pichincha,A,14,0,281.0329055424904
2017-08-18,46,GROCERY I,Quito,Pichincha,A,14,0,8618.51133633504
2017-08-18,46,GROCERY II,Quito,Pichincha,A,14,0,41.43707087222783
2017-08-18,46,HARDWARE,Quito,Pichincha,A,14,0,4.464855158188845
2017-08-18,46,HOME AND KITCHEN I,Quito,Pichincha,A,14,0,75.32563186188344
2017-08-18,46,HOME AND KITCHEN II,Quito,Pichincha,A,14,0,22.286642242831245
2017-08-18,46,HOME APPLIANCES,Quito,Pichincha,A,14,0,1.3381402390841053
2017-08-18,46,HOME CARE,Quito,Pichincha,A,14,0,546.4196444640937
2017-08-18,46,LADIESWEAR,Quito,Pichincha,A,14,0,26.380206722252005
2017-08-18,46,LAWN AND GARDEN,Quito,Pichincha,A,14,0,32.29422570286183
2017-08-18,46,LINGERIE,Quito,Pichincha,A,14,0,7.419077327170751
2017-08-18,46,"LIQUOR,WINE,BEER",Quito,Pichincha,A,14,0,161.30971599019006
2017-08-18,46,MAGAZINES,Quito,Pichincha,A,14,0,16.993468409935303
2017-08-18,46,MEATS,Quito,Pichincha,A,14,0,1577.6331131500813
2017-08-18,46,PERSONAL CARE,Quito,Pichincha,A,14,0,657.003022958622
2017-08-18,46,PET SUPPLIES,Quito,Pichincha,A,14,0,21.878310531221608
2017-08-18,46,PLAYERS AND ELECTRONICS,Quito,Pichincha,A,14,0,42.78482410988304
2017-08-18,46,POULTRY,Quito,Pichincha,A,14,0,848.479899391766
2017-08-18,46,PREPARED FOODS,Quito,Pichincha,A,14,0,138.7070896770746
2017-08-18,46,PRODUCE,Quito,Pichincha,A,14,0,2532.0877453184535
2017-08-18,46,SCHOOL AND OFFICE SUPPLIES,Quito,Pichincha,A,14,0,280.8380851847406
2017-08-18,46,SEAFOOD,Quito,Pichincha,A,14,0,46.028615270567784
2017-08-18,47,AUTOMOTIVE,Quito,Pichincha,A,14,0,15.05695235689096
2017-08-18,47,BABY CARE,Quito,Pichincha,A,14,0,1.1915484424177614
2017-08-18,47,BEAUTY,Quito,Pichincha,A,14,0,23.79956049330794
2017-08-18,47,BEVERAGES,Quito,Pichincha,A,14,0,8720.421980910016
2017-08-18,47,BOOKS,Quito,Pichincha,A,14,0,1.1915484424177614
2017-08-18,47,BREAD/BAKERY,Quito,Pichincha,A,14,0,1149.8602836211116
2017-08-18,47,CELEBRATION,Quito,Pichincha,A,14,0,21.764212165251806
2017-08-18,47,CLEANING,Quito,Pichincha,A,14,0,2160.9953227051014
2017-08-18,47,DAIRY,Quito,Pichincha,A,14,0,2017.7356839556915
2017-08-18,47,DELI,Quito,Pichincha,A,14,0,729.6557509454105
2017-08-18,47,EGGS,Quito,Pichincha,A,14,0,316.7290682164265
2017-08-18,47,FROZEN FOODS,Quito,Pichincha,A,14,0,275.68579626883894
2017-08-18,47,GROCERY I,Quito,Pichincha,A,14,0,9705.564903539678
2017-08-18,47,GROCERY II,Quito,Pichincha,A,14,0,52.051371814466556
2017-08-18,47,HARDWARE,Quito,Pichincha,A,14,0,2.1238498788489997
2017-08-18,47,HOME AND KITCHEN I,Quito,Pichincha,A,14,0,90.64718084146766
2017-08-18,47,HOME AND KITCHEN II,Quito,Pichincha,A,14,0,72.92912435474537
2017-08-18,47,HOME APPLIANCES,Quito,Pichincha,A,14,0,1.9640023745957216
2017-08-18,47,HOME CARE,Quito,Pichincha,A,14,0,560.7648132876013
2017-08-18,47,LADIESWEAR,Quito,Pichincha,A,14,0,16.842019179535264
2017-08-18,47,LAWN AND GARDEN,Quito,Pichincha,A,14,0,39.32626007268246
2017-08-18,47,LINGERIE,Quito,Pichincha,A,14,0,19.371127925880344
2017-08-18,47,"LIQUOR,WINE,BEER",Quito,Pichincha,A,14,0,324.1777016932049
2017-08-18,47,MAGAZINES,Quito,Pichincha,A,14,0,19.105965247102098
2017-08-18,47,MEATS,Quito,Pichincha,A,14,0,1389.4094873307045
2017-08-18,47,PERSONAL CARE,Quito,Pichincha,A,14,0,645.3249965354887
2017-08-18,47,PET SUPPLIES,Quito,Pichincha,A,14,0,20.630640209625504
2017-08-18,47,PLAYERS AND ELECTRONICS,Quito,Pichincha,A,14,0,25.519786542662196
2017-08-18,47,POULTRY,Quito,Pichincha,A,14,0,1313.0041249740789
2017-08-18,47,PREPARED FOODS,Quito,Pichincha,A,14,0,226.02653691490468
2017-08-18,47,PRODUCE,Quito,Pichincha,A,14,0,5321.454845145302
2017-08-18,47,SCHOOL AND OFFICE SUPPLIES,Quito,Pichincha,A,14,0,426.5453578637629
2017-08-18,47,SEAFOOD,Quito,Pichincha,A,14,0,76.84150868895854
2017-08-18,48,AUTOMOTIVE,Quito,Pichincha,A,14,0,10.339183115547733
2017-08-18,48,BABY CARE,Quito,Pichincha,A,14,0,1.1915484424177614
2017-08-18,48,BEAUTY,Quito,Pichincha,A,14,0,20.65850181649864
2017-08-18,48,BEVERAGES,Quito,Pichincha,A,14,0,4424.905744047397
2017-08-18,48,BOOKS,Quito,Pichincha,A,14,0,1.1915484424177614
2017-08-18,48,BREAD/BAKERY,Quito,Pichincha,A,14,0,802.9580672431158
2017-08-18,48,CELEBRATION,Quito,Pichincha,A,14,0,17.428878163921954
2017-08-18,48,CLEANING,Quito,Pichincha,A,14,0,1772.7343755471468
2017-08-18,48,DAIRY,Quito,Pichincha,A,14,0,1176.4704677203642
2017-08-18,48,DELI,Quito,Pichincha,A,14,0,668.7043324943318
2017-08-18,48,EGGS,Quito,Pichincha,A,14,0,100.76291866247578
2017-08-18,48,FROZEN FOODS,Quito,Pichincha,A,14,0,219.16836774254816
2017-08-18,48,GROCERY I,Quito,Pichincha,A,14,0,7568.219390646758
2017-08-18,48,GROCERY II,Quito,Pichincha,A,14,0,46.105710550092084
2017-08-18,48,HARDWARE,Quito,Pichincha,A,14,0,1.251800776459109
2017-08-18,48,HOME AND KITCHEN I,Quito,Pichincha,A,14,0,35.4023951598082
2017-08-18,48,HOME AND KITCHEN II,Quito,Pichincha,A,14,0,27.31192671173993
2017-08-18,48,HOME APPLIANCES,Quito,Pichincha,A,14,0,1.1647633342146728
2017-08-18,48,HOME CARE,Quito,Pichincha,A,14,0,502.5387899130573
2017-08-18,48,LADIESWEAR,Quito,Pichincha,A,14,0,20.78826899966395
2017-08-18,48,LAWN AND GARDEN,Quito,Pichincha,A,14,0,10.218031326016433
2017-08-18,48,LINGERIE,Quito,Pichincha,A,14,0,4.828365820800208
2017-08-18,48,"LIQUOR,WINE,BEER",Quito,Pichincha,A,14,0,169.84846698028352
2017-08-18,48,MAGAZINES,Quito,Pichincha,A,14,0,6.07416405928902
2017-08-18,48,MEATS,Quito,Pichincha,A,14,0,1442.2157167699809
2017-08-18,48,PERSONAL CARE,Quito,Pichincha,A,14,0,790.7397318961255
2017-08-18,48,PET SUPPLIES,Quito,Pichincha,A,14,0,20.630640209625504
2017-08-18,48,PLAYERS AND ELECTRONICS,Quito,Pichincha,A,14,0,22.16185386615438
2017-08-18,48,POULTRY,Quito,Pichincha,A,14,0,999.4652559593411
2017-08-18,48,PREPARED FOODS,Quito,Pichincha,A,14,0,103.32125070371247
2017-08-18,48,PRODUCE,Quito,Pichincha,A,14,0,1780.8507326378704
2017-08-18,48,SCHOOL AND OFFICE SUPPLIES,Quito,Pichincha,A,14,0,364.2928120006779
2017-08-18,48,SEAFOOD,Quito,Pichincha,A,14,0,25.41803840975514
2017-08-18,49,AUTOMOTIVE,Quito,Pichincha,A,11,0,9.895337887138734
2017-08-18,49,BABY CARE,Quito,Pichincha,A,11,0,1.1915484424177614
2017-08-18,49,BEAUTY,Quito,Pichincha,A,11,0,13.228805555030302
2017-08-18,49,BEVERAGES,Quito,Pichincha,A,11,0,6904.045741273525
2017-08-18,49,BOOKS,Quito,Pichincha,A,11,0,1.1915484424177614
2017-08-18,49,BREAD/BAKERY,Quito,Pichincha,A,11,0,1223.0747596387444
2017-08-18,49,CELEBRATION,Quito,Pichincha,A,11,0,24.28040128318772
2017-08-18,49,CLEANING,Quito,Pichincha,A,11,0,1691.111934817408
2017-08-18,49,DAIRY,Quito,Pichincha,A,11,0,2174.5805309035477
2017-08-18,49,DELI,Quito,Pichincha,A,11,0,456.022446187018
2017-08-18,49,EGGS,Quito,Pichincha,A,11,0,450.38374646449574
2017-08-18,49,FROZEN FOODS,Quito,Pichincha,A,11,0,368.0068875158123
2017-08-18,49,GROCERY I,Quito,Pichincha,A,11,0,8350.66705322242
2017-08-18,49,GROCERY II,Quito,Pichincha,A,11,0,77.609786667765
2017-08-18,49,HARDWARE,Quito,Pichincha,A,11,0,2.1238498788489997
2017-08-18,49,HOME AND KITCHEN I,Quito,Pichincha,A,11,0,50.01411662315551
2017-08-18,49,HOME AND KITCHEN II,Quito,Pichincha,A,11,0,74.71153741835525
2017-08-18,49,HOME APPLIANCES,Quito,Pichincha,A,11,0,1.1647633342146728
2017-08-18,49,HOME CARE,Quito,Pichincha,A,11,0,411.68585754642606
2017-08-18,49,LADIESWEAR,Quito,Pichincha,A,11,0,8.196958268443389
2017-08-18,49,LAWN AND GARDEN,Quito,Pichincha,A,11,0,35.02807113037365
2017-08-18,49,LINGERIE,Quito,Pichincha,A,11,0,5.869570168328909
2017-08-18,49,"LIQUOR,WINE,BEER",Quito,Pichincha,A,11,0,367.1002585166
2017-08-18,49,MAGAZINES,Quito,Pichincha,A,11,0,17.858294925505987
2017-08-18,49,MEATS,Quito,Pichincha,A,11,0,1243.8781070109646
2017-08-18,49,PERSONAL CARE,Quito,Pichincha,A,11,0,455.5806223796924
2017-08-18,49,PET SUPPLIES,Quito,Pichincha,A,11,0,15.974068551259403
2017-08-18,49,PLAYERS AND ELECTRONICS,Quito,Pichincha,A,11,0,27.854212727972374
2017-08-18,49,POULTRY,Quito,Pichincha,A,11,0,1192.60341304927
2017-08-18,49,PREPARED FOODS,Quito,Pichincha,A,11,0,233.9077167649736
2017-08-18,49,PRODUCE,Quito,Pichincha,A,11,0,7768.907806090335
2017-08-18,49,SCHOOL AND OFFICE SUPPLIES,Quito,Pichincha,A,11,0,240.83077515308116
2017-08-18,49,SEAFOOD,Quito,Pichincha,A,11,0,88.68931694468883
2017-08-18,50,AUTOMOTIVE,Ambato,Tungurahua,A,14,0,11.589347096526042
2017-08-18,50,BABY CARE,Ambato,Tungurahua,A,14,0,2.3006517336988006
2017-08-18,50,BEAUTY,Ambato,Tungurahua,A,14,0,14.004439955107715
2017-08-18,50,BEVERAGES,Ambato,Tungurahua,A,14,0,3937.8855609659017
2017-08-18,50,BOOKS,Ambato,Tungurahua,A,14,0,2.3006517336988006
2017-08-18,50,BREAD/BAKERY,Ambato,Tungurahua,A,14,0,580.4065382227757
2017-08-18,50,CELEBRATION,Ambato,Tungurahua,A,14,0,34.336554528488186
2017-08-18,50,CLEANING,Ambato,Tungurahua,A,14,0,1522.8186210526933
2017-08-18,50,DAIRY,Ambato,Tungurahua,A,14,0,1004.9354824701157
2017-08-18,50,DELI,Ambato,Tungurahua,A,14,0,459.7522566111888
2017-08-18,50,EGGS,Ambato,Tungurahua,A,14,0,99.74687616177488
2017-08-18,50,FROZEN FOODS,Ambato,Tungurahua,A,14,0,156.7901747607157
2017-08-18,50,GROCERY I,Ambato,Tungurahua,A,14,0,6119.323610645661
2017-08-18,50,GROCERY II,Ambato,Tungurahua,A,14,0,68.79308137102028
2017-08-18,50,HARDWARE,Ambato,Tungurahua,A,14,0,4.17225517865084
2017-08-18,50,HOME AND KITCHEN I,Ambato,Tungurahua,A,14,0,60.0438814099281
2017-08-18,50,HOME AND KITCHEN II,Ambato,Tungurahua,A,14,0,37.586645890640554
2017-08-18,50,HOME APPLIANCES,Ambato,Tungurahua,A,14,0,2.2738666254957125
2017-08-18,50,HOME CARE,Ambato,Tungurahua,A,14,0,358.67707110277644
2017-08-18,50,LADIESWEAR,Ambato,Tungurahua,A,14,0,9.599214207777564
2017-08-18,50,LAWN AND GARDEN,Ambato,Tungurahua,A,14,0,8.096847186124629
2017-08-18,50,LINGERIE,Ambato,Tungurahua,A,14,0,6.396301559850118
2017-08-18,50,"LIQUOR,WINE,BEER",Ambato,Tungurahua,A,14,0,168.60770355203886
2017-08-18,50,MAGAZINES,Ambato,Tungurahua,A,14,0,11.879397773748671
2017-08-18,50,MEATS,Ambato,Tungurahua,A,14,0,716.2156713916992
2017-08-18,50,PERSONAL CARE,Ambato,Tungurahua,A,14,0,472.92463961982315
2017-08-18,50,PET SUPPLIES,Ambato,Tungurahua,A,14,0,12.45368410297421
2017-08-18,50,PLAYERS AND ELECTRONICS,Ambato,Tungurahua,A,14,0,21.677179351381454
2017-08-18,50,POULTRY,Ambato,Tungurahua,A,14,0,459.29927545726895
2017-08-18,50,PREPARED FOODS,Ambato,Tungurahua,A,14,0,98.44542427822377
2017-08-18,50,PRODUCE,Ambato,Tungurahua,A,14,0,1970.8484030930786
2017-08-18,50,SCHOOL AND OFFICE SUPPLIES,Ambato,Tungurahua,A,14,0,323.12119403236505
2017-08-18,50,SEAFOOD,Ambato,Tungurahua,A,14,0,20.34037765346479
2017-08-18,51,AUTOMOTIVE,Guayaquil,Guayas,A,17,0,6.828994041067837
2017-08-18,51,BABY CARE,Guayaquil,Guayas,A,17,0,2.2088499988044914
2017-08-18,51,BEAUTY,Guayaquil,Guayas,A,17,0,5.265099278769901
2017-08-18,51,BEVERAGES,Guayaquil,Guayas,A,17,0,4570.119317586982
2017-08-18,51,BOOKS,Guayaquil,Guayas,A,17,0,2.2088499988044914
2017-08-18,51,BREAD/BAKERY,Guayaquil,Guayas,A,17,0,857.3032870729245
2017-08-18,51,CELEBRATION,Guayaquil,Guayas,A,17,0,11.561959655308803
2017-08-18,51,CLEANING,Guayaquil,Guayas,A,17,0,1420.3702482877584
2017-08-18,51,DAIRY,Guayaquil,Guayas,A,17,0,1676.9689536497456
2017-08-18,51,DELI,Guayaquil,Guayas,A,17,0,315.98592035523643
2017-08-18,51,EGGS,Guayaquil,Guayas,A,17,0,374.17073878800073
2017-08-18,51,FROZEN FOODS,Guayaquil,Guayas,A,17,0,322.03321276673626
2017-08-18,51,GROCERY I,Guayaquil,Guayas,A,17,0,5043.941414209789
2017-08-18,51,GROCERY II,Guayaquil,Guayas,A,17,0,50.882465353689405
2017-08-18,51,HARDWARE,Guayaquil,Guayas,A,17,0,4.116379285418528
2017-08-18,51,HOME AND KITCHEN I,Guayaquil,Guayas,A,17,0,40.2707511349915
2017-08-18,51,HOME AND KITCHEN II,Guayaquil,Guayas,A,17,0,33.17142054456889
2017-08-18,51,HOME APPLIANCES,Guayaquil,Guayas,A,17,0,2.1820648906014033
2017-08-18,51,HOME CARE,Guayaquil,Guayas,A,17,0,299.4952828954203
2017-08-18,51,LADIESWEAR,Guayaquil,Guayas,A,17,0,5.358940620273216
2017-08-18,51,LAWN AND GARDEN,Guayaquil,Guayas,A,17,0,50.1889772790223
2017-08-18,51,LINGERIE,Guayaquil,Guayas,A,17,0,6.208921519739205
2017-08-18,51,"LIQUOR,WINE,BEER",Guayaquil,Guayas,A,17,0,257.54691196848376
2017-08-18,51,MAGAZINES,Guayaquil,Guayas,A,17,0,12.289134970264653
2017-08-18,51,MEATS,Guayaquil,Guayas,A,17,0,973.2579478168145
2017-08-18,51,PERSONAL CARE,Guayaquil,Guayas,A,17,0,271.42221057822917
2017-08-18,51,PET SUPPLIES,Guayaquil,Guayas,A,17,0,25.790984419189698
2017-08-18,51,PLAYERS AND ELECTRONICS,Guayaquil,Guayas,A,17,0,11.017227544321889
2017-08-18,51,POULTRY,Guayaquil,Guayas,A,17,0,2053.7559903741444
2017-08-18,51,PREPARED FOODS,Guayaquil,Guayas,A,17,0,135.11491369812478
2017-08-18,51,PRODUCE,Guayaquil,Guayas,A,17,0,5317.2097364258525
2017-08-18,51,SCHOOL AND OFFICE SUPPLIES,Guayaquil,Guayas,A,17,0,2.4853141542597625
2017-08-18,51,SEAFOOD,Guayaquil,Guayas,A,17,0,56.094362299861054
2017-08-18,52,AUTOMOTIVE,Manta,Manabi,A,11,0,7.426579144068189
2017-08-18,52,BABY CARE,Manta,Manabi,A,11,0,0.9857411287149614
2017-08-18,52,BEAUTY,Manta,Manabi,A,11,0,6.3277432865296515
2017-08-18,52,BEVERAGES,Manta,Manabi,A,11,0,4393.04984576931
2017-08-18,52,BOOKS,Manta,Manabi,A,11,0,0.9857411287149614
2017-08-18,52,BREAD/BAKERY,Manta,Manabi,A,11,0,930.6917919653112
2017-08-18,52,CELEBRATION,Manta,Manabi,A,11,0,14.915559336865233
2017-08-18,52,CLEANING,Manta,Manabi,A,11,0,1640.5782664258857
2017-08-18,52,DAIRY,Manta,Manabi,A,11,0,1223.990758313822
2017-08-18,52,DELI,Manta,Manabi,A,11,0,374.281247126692
2017-08-18,52,EGGS,Manta,Manabi,A,11,0,223.81716156643893
2017-08-18,52,FROZEN FOODS,Manta,Manabi,A,11,0,508.26899843011756
2017-08-18,52,GROCERY I,Manta,Manabi,A,11,0,6063.055613644912
2017-08-18,52,GROCERY II,Manta,Manabi,A,11,0,41.75861587918285
2017-08-18,52,HARDWARE,Manta,Manabi,A,11,0,2.74119240000286
2017-08-18,52,HOME AND KITCHEN I,Manta,Manabi,A,11,0,64.41762031861218
2017-08-18,52,HOME AND KITCHEN II,Manta,Manabi,A,11,0,45.93289160598031
2017-08-18,52,HOME APPLIANCES,Manta,Manabi,A,11,0,0.9589560205118729
2017-08-18,52,HOME CARE,Manta,Manabi,A,11,0,338.44368559741093
2017-08-18,52,LADIESWEAR,Manta,Manabi,A,11,0,6.820346781864023
2017-08-18,52,LAWN AND GARDEN,Manta,Manabi,A,11,0,59.899543377783495
2017-08-18,52,LINGERIE,Manta,Manabi,A,11,0,10.261729828613763
2017-08-18,52,"LIQUOR,WINE,BEER",Manta,Manabi,A,11,0,404.5697611351257
2017-08-18,52,MAGAZINES,Manta,Manabi,A,11,0,12.504280841124167
2017-08-18,52,MEATS,Manta,Manabi,A,11,0,744.6537972658184
2017-08-18,52,PERSONAL CARE,Manta,Manabi,A,11,0,341.9603675513022
2017-08-18,52,PET SUPPLIES,Manta,Manabi,A,11,0,19.196551795662383
2017-08-18,52,PLAYERS AND ELECTRONICS,Manta,Manabi,A,11,0,25.313979228959393
2017-08-18,52,POULTRY,Manta,Manabi,A,11,0,642.5401192935782
2017-08-18,52,PREPARED FOODS,Manta,Manabi,A,11,0,143.01008227042522
2017-08-18,52,PRODUCE,Manta,Manabi,A,11,0,4711.430139546586
2017-08-18,52,SCHOOL AND OFFICE SUPPLIES,Manta,Manabi,A,11,0,4.776204770581389
2017-08-18,52,SEAFOOD,Manta,Manabi,A,11,0,8.518726400559398
2017-08-18,53,AUTOMOTIVE,Manta,Manabi,D,13,0,4.934434703739814
2017-08-18,53,BABY CARE,Manta,Manabi,D,13,0,0.6600698206374137
2017-08-18,53,BEAUTY,Manta,Manabi,D,13,0,3.50203159140869
2017-08-18,53,BEVERAGES,Manta,Manabi,D,13,0,2171.0974908681037
2017-08-18,53,BOOKS,Manta,Manabi,D,13,0,0.6600698206374137
2017-08-18,53,BREAD/BAKERY,Manta,Manabi,D,13,0,455.45050115074076
2017-08-18,53,CELEBRATION,Manta,Manabi,D,13,0,4.702932118560295
2017-08-18,53,CLEANING,Manta,Manabi,D,13,0,880.5406394875484
2017-08-18,53,DAIRY,Manta,Manabi,D,13,0,460.3743248880864
2017-08-18,53,DELI,Manta,Manabi,D,13,0,212.72816628583715
2017-08-18,53,EGGS,Manta,Manabi,D,13,0,85.82431508526592
2017-08-18,53,FROZEN FOODS,Manta,Manabi,D,13,0,150.70310540654322
2017-08-18,53,GROCERY I,Manta,Manabi,D,13,0,2840.0004490253496
2017-08-18,53,GROCERY II,Manta,Manabi,D,13,0,11.371642861379653
2017-08-18,53,HARDWARE,Manta,Manabi,D,13,0,0.9429417915284358
2017-08-18,53,HOME AND KITCHEN I,Manta,Manabi,D,13,0,34.196831151542206
2017-08-18,53,HOME AND KITCHEN II,Manta,Manabi,D,13,0,17.337331080083615
2017-08-18,53,HOME APPLIANCES,Manta,Manabi,D,13,0,0.6332847124343254
2017-08-18,53,HOME CARE,Manta,Manabi,D,13,0,163.51402451798015
2017-08-18,53,LADIESWEAR,Manta,Manabi,D,13,0,8.904650842247724
2017-08-18,53,LAWN AND GARDEN,Manta,Manabi,D,13,0,13.215127023404886
2017-08-18,53,LINGERIE,Manta,Manabi,D,13,0,5.077196098895062
2017-08-18,53,"LIQUOR,WINE,BEER",Manta,Manabi,D,13,0,153.04069096500103
2017-08-18,53,MAGAZINES,Manta,Manabi,D,13,0,4.327174828128268
2017-08-18,53,MEATS,Manta,Manabi,D,13,0,403.3218515930748
2017-08-18,53,PERSONAL CARE,Manta,Manabi,D,13,0,189.15250872680733
2017-08-18,53,PET SUPPLIES,Manta,Manabi,D,13,0,3.510095826197548
2017-08-18,53,PLAYERS AND ELECTRONICS,Manta,Manabi,D,13,0,4.623813097321678
2017-08-18,53,POULTRY,Manta,Manabi,D,13,0,210.0655078241579
2017-08-18,53,PREPARED FOODS,Manta,Manabi,D,13,0,59.23524022481916
2017-08-18,53,PRODUCE,Manta,Manabi,D,13,0,1964.7053077182804
2017-08-18,53,SCHOOL AND OFFICE SUPPLIES,Manta,Manabi,D,13,0,0.6779884975810148
2017-08-18,53,SEAFOOD,Manta,Manabi,D,13,0,4.934434703739814
2017-08-18,54,AUTOMOTIVE,El Carmen,Manabi,C,3,0,5.113664648166083
2017-08-18,54,BABY CARE,El Carmen,Manabi,C,3,0,0.0
2017-08-18,54,BEAUTY,El Carmen,Manabi,C,3,0,0.30361441191582034
2017-08-18,54,BEVERAGES,El Carmen,Manabi,C,3,0,2944.2393192746717
2017-08-18,54,BOOKS,El Carmen,Manabi,C,3,0,0.0
2017-08-18,54,BREAD/BAKERY,El Carmen,Manabi,C,3,0,180.74953459586413
2017-08-18,54,CELEBRATION,El Carmen,Manabi,C,3,0,3.5612852430447868
2017-08-18,54,CLEANING,El Carmen,Manabi,C,3,0,801.5068697702542
2017-08-18,54,DAIRY,El Carmen,Manabi,C,3,0,231.74855863840028
2017-08-18,54,DELI,El Carmen,Manabi,C,3,0,226.6526523897179
2017-08-18,54,EGGS,El Carmen,Manabi,C,3,0,59.79731442633368
2017-08-18,54,FROZEN FOODS,El Carmen,Manabi,C,3,0,29.02621935052541
2017-08-18,54,GROCERY I,El Carmen,Manabi,C,3,0,2831.0399817282414
2017-08-18,54,GROCERY II,El Carmen,Manabi,C,3,0,14.484887581470055
2017-08-18,54,HARDWARE,El Carmen,Manabi,C,3,0,0.2557869281914517
2017-08-18,54,HOME AND KITCHEN I,El Carmen,Manabi,C,3,0,18.378888839316627
2017-08-18,54,HOME AND KITCHEN II,El Carmen,Manabi,C,3,0,7.616513890435872
2017-08-18,54,HOME APPLIANCES,El Carmen,Manabi,C,3,0,0.0
2017-08-18,54,HOME CARE,El Carmen,Manabi,C,3,0,169.1783572066236
2017-08-18,54,LADIESWEAR,El Carmen,Manabi,C,3,0,1.1220818568311601
2017-08-18,54,LAWN AND GARDEN,El Carmen,Manabi,C,3,0,1.1415493397557326
2017-08-18,54,LINGERIE,El Carmen,Manabi,C,3,0,4.216113188821952
2017-08-18,54,"LIQUOR,WINE,BEER",El Carmen,Manabi,C,3,0,52.52159944568091
2017-08-18,54,MAGAZINES,El Carmen,Manabi,C,3,0,1.1771907935232329
2017-08-18,54,MEATS,El Carmen,Manabi,C,3,0,44.92048739160185
2017-08-18,54,PERSONAL CARE,El Carmen,Manabi,C,3,0,141.5921977266825
2017-08-18,54,PET SUPPLIES,El Carmen,Manabi,C,3,0,0.275752805042685
2017-08-18,54,PLAYERS AND ELECTRONICS,El Carmen,Manabi,C,3,0,1.8005828142069307
2017-08-18,54,POULTRY,El Carmen,Manabi,C,3,0,62.310287273795325
2017-08-18,54,PREPARED FOODS,El Carmen,Manabi,C,3,0,83.40517834568766
2017-08-18,54,PRODUCE,El Carmen,Manabi,C,3,0,559.8684175609384
2017-08-18,54,SCHOOL AND OFFICE SUPPLIES,El Carmen,Manabi,C,3,0,0.0
2017-08-18,54,SEAFOOD,El Carmen,Manabi,C,3,0,1.683861803537743
2017-08-19,1,AUTOMOTIVE,Quito,Pichincha,D,13,0,8.099590150557262
2017-08-19,1,BABY CARE,Quito,Pichincha,D,13,0,2.162143332057188
2017-08-19,1,BEAUTY,Quito,Pichincha,D,13,0,7.79327785327407
2017-08-19,1,BEVERAGES,Quito,Pichincha,D,13,0,1949.5593277862072
2017-08-19,1,BOOKS,Quito,Pichincha,D,13,0,2.162143332057188
2017-08-19,1,BREAD/BAKERY,Quito,Pichincha,D,13,0,279.5622459287215
2017-08-19,1,CELEBRATION,Quito,Pichincha,D,13,0,8.428875104829071
2017-08-19,1,CLEANING,Quito,Pichincha,D,13,0,473.07186467132453
2017-08-19,1,DAIRY,Quito,Pichincha,D,13,0,595.4703631673933
2017-08-19,1,DELI,Quito,Pichincha,D,13,0,105.19823084961675
2017-08-19,1,EGGS,Quito,Pichincha,D,13,0,126.16251590678556
2017-08-19,1,FROZEN FOODS,Quito,Pichincha,D,13,0,121.4081634050442
2017-08-19,1,GROCERY I,Quito,Pichincha,D,13,0,2098.955174246644
2017-08-19,1,GROCERY II,Quito,Pichincha,D,13,0,15.521081563028678
2017-08-19,1,HARDWARE,Quito,Pichincha,D,13,0,4.181118475515142
2017-08-19,1,HOME AND KITCHEN I,Quito,Pichincha,D,13,0,26.430123573755356
2017-08-19,1,HOME AND KITCHEN II,Quito,Pichincha,D,13,0,21.758636997540183
2017-08-19,1,HOME APPLIANCES,Quito,Pichincha,D,13,0,2.1353582238541
2017-08-19,1,HOME CARE,Quito,Pichincha,D,13,0,132.9534540493825
2017-08-19,1,LADIESWEAR,Quito,Pichincha,D,13,0,5.318221130588947
2017-08-19,1,LAWN AND GARDEN,Quito,Pichincha,D,13,0,17.762161136789477
2017-08-19,1,LINGERIE,Quito,Pichincha,D,13,0,7.523619594295347
2017-08-19,1,"LIQUOR,WINE,BEER",Quito,Pichincha,D,13,0,112.74410559323597
2017-08-19,1,MAGAZINES,Quito,Pichincha,D,13,0,5.1733679058882664
2017-08-19,1,MEATS,Quito,Pichincha,D,13,0,352.3835930659406
2017-08-19,1,PERSONAL CARE,Quito,Pichincha,D,13,0,153.85155868734768
2017-08-19,1,PET SUPPLIES,Quito,Pichincha,D,13,0,7.359677044544677
2017-08-19,1,PLAYERS AND ELECTRONICS,Quito,Pichincha,D,13,0,9.232330455656939
2017-08-19,1,POULTRY,Quito,Pichincha,D,13,0,248.29605434452745
2017-08-19,1,PREPARED FOODS,Quito,Pichincha,D,13,0,34.379614229574194
2017-08-19,1,PRODUCE,Quito,Pichincha,D,13,0,2158.173649366872
2017-08-19,1,SCHOOL AND OFFICE SUPPLIES,Quito,Pichincha,D,13,0,2.1171965213046913
2017-08-19,1,SEAFOOD,Quito,Pichincha,D,13,0,18.461182631733916
2017-08-19,2,AUTOMOTIVE,Quito,Pichincha,D,13,0,10.84574249361829
2017-08-19,2,BABY CARE,Quito,Pichincha,D,13,0,3.640710882198278
2017-08-19,2,BEAUTY,Quito,Pichincha,D,13,0,11.793137085523702
2017-08-19,2,BEVERAGES,Quito,Pichincha,D,13,0,3045.475668000345
2017-08-19,2,BOOKS,Quito,Pichincha,D,13,0,3.640710882198278
2017-08-19,2,BREAD/BAKERY,Quito,Pichincha,D,13,0,694.4429622753976
2017-08-19,2,CELEBRATION,Quito,Pichincha,D,13,0,13.300794015739198
2017-08-19,2,CLEANING,Quito,Pichincha,D,13,0,870.2678119561212
2017-08-19,2,DAIRY,Quito,Pichincha,D,13,0,868.7031717034871
2017-08-19,2,DELI,Quito,Pichincha,D,13,0,256.8894590171189
2017-08-19,2,EGGS,Quito,Pichincha,D,13,0,184.61497660557075
2017-08-19,2,FROZEN FOODS,Quito,Pichincha,D,13,0,135.21860520093244
2017-08-19,2,GROCERY I,Quito,Pichincha,D,13,0,3843.3817156481123
2017-08-19,2,GROCERY II,Quito,Pichincha,D,13,0,35.97375062297737
2017-08-19,2,HARDWARE,Quito,Pichincha,D,13,0,4.4590300726441985
2017-08-19,2,HOME AND KITCHEN I,Quito,Pichincha,D,13,0,29.225495079455914
2017-08-19,2,HOME AND KITCHEN II,Quito,Pichincha,D,13,0,33.16459642728084
2017-08-19,2,HOME APPLIANCES,Quito,Pichincha,D,13,0,3.6139257739951898
2017-08-19,2,HOME CARE,Quito,Pichincha,D,13,0,259.078138939952
2017-08-19,2,LADIESWEAR,Quito,Pichincha,D,13,0,28.721544992867223
2017-08-19,2,LAWN AND GARDEN,Quito,Pichincha,D,13,0,24.8944682647448
2017-08-19,2,LINGERIE,Quito,Pichincha,D,13,0,9.695602290905084
2017-08-19,2,"LIQUOR,WINE,BEER",Quito,Pichincha,D,13,0,152.74557743491744
2017-08-19,2,MAGAZINES,Quito,Pichincha,D,13,0,14.977263898927083
2017-08-19,2,MEATS,Quito,Pichincha,D,13,0,454.0056835759719
2017-08-19,2,PERSONAL CARE,Quito,Pichincha,D,13,0,277.2482754945293
2017-08-19,2,PET SUPPLIES,Quito,Pichincha,D,13,0,11.605002618212037
2017-08-19,2,PLAYERS AND ELECTRONICS,Quito,Pichincha,D,13,0,11.437303620651663
2017-08-19,2,POULTRY,Quito,Pichincha,D,13,0,479.70404215298873
2017-08-19,2,PREPARED FOODS,Quito,Pichincha,D,13,0,128.07481426914342
2017-08-19,2,PRODUCE,Quito,Pichincha,D,13,0,2524.654150049107
2017-08-19,2,SCHOOL AND OFFICE SUPPLIES,Quito,Pichincha,D,13,0,3.5957640714457813
2017-08-19,2,SEAFOOD,Quito,Pichincha,D,13,0,39.66830485304258
2017-08-19,3,AUTOMOTIVE,Quito,Pichincha,D,8,0,13.384496070738045
2017-08-19,3,BABY CARE,Quito,Pichincha,D,8,0,3.788827230874196
2017-08-19,3,BEAUTY,Quito,Pichincha,D,8,0,22.14601475986424
2017-08-19,3,BEVERAGES,Quito,Pichincha,D,8,0,11295.978197695817
2017-08-19,3,BOOKS,Quito,Pichincha,D,8,0,3.788827230874196
2017-08-19,3,BREAD/BAKERY,Quito,Pichincha,D,8,0,1314.5270533777432
2017-08-19,3,CELEBRATION,Quito,Pichincha,D,8,0,42.492501281902186
2017-08-19,3,CLEANING,Quito,Pichincha,D,8,0,2043.3652952509851
2017-08-19,3,DAIRY,Quito,Pichincha,D,8,0,2400.877485747601
2017-08-19,3,DELI,Quito,Pichincha,D,8,0,410.50661230713644
2017-08-19,3,EGGS,Quito,Pichincha,D,8,0,545.103131035746
2017-08-19,3,FROZEN FOODS,Quito,Pichincha,D,8,0,426.41171565753933
2017-08-19,3,GROCERY I,Quito,Pichincha,D,8,0,9559.53890472072
2017-08-19,3,GROCERY II,Quito,Pichincha,D,8,0,74.4746972846505
2017-08-19,3,HARDWARE,Quito,Pichincha,D,8,0,5.200800010464714
2017-08-19,3,HOME AND KITCHEN I,Quito,Pichincha,D,8,0,77.34731650056915
2017-08-19,3,HOME AND KITCHEN II,Quito,Pichincha,D,8,0,52.14747443188505
2017-08-19,3,HOME APPLIANCES,Quito,Pichincha,D,8,0,3.762042122671108
2017-08-19,3,HOME CARE,Quito,Pichincha,D,8,0,575.8462288742554
2017-08-19,3,LADIESWEAR,Quito,Pichincha,D,8,0,49.254346041934774
2017-08-19,3,LAWN AND GARDEN,Quito,Pichincha,D,8,0,51.59731960815046
2017-08-19,3,LINGERIE,Quito,Pichincha,D,8,0,28.99842980160105
2017-08-19,3,"LIQUOR,WINE,BEER",Quito,Pichincha,D,8,0,362.18701675825326
2017-08-19,3,MAGAZINES,Quito,Pichincha,D,8,0,39.66846216709086
2017-08-19,3,MEATS,Quito,Pichincha,D,8,0,792.1986362746813
2017-08-19,3,PERSONAL CARE,Quito,Pichincha,D,8,0,635.8737535177297
2017-08-19,3,PET SUPPLIES,Quito,Pichincha,D,8,0,25.89808471939011
2017-08-19,3,PLAYERS AND ELECTRONICS,Quito,Pichincha,D,8,0,31.432679095458106
2017-08-19,3,POULTRY,Quito,Pichincha,D,8,0,1292.4573890118425
2017-08-19,3,PREPARED FOODS,Quito,Pichincha,D,8,0,266.8026604138099
2017-08-19,3,PRODUCE,Quito,Pichincha,D,8,0,9221.876316620794
2017-08-19,3,SCHOOL AND OFFICE SUPPLIES,Quito,Pichincha,D,8,0,4.293726573408633
2017-08-19,3,SEAFOOD,Quito,Pichincha,D,8,0,77.66566495283105
2017-08-19,4,AUTOMOTIVE,Quito,Pichincha,D,9,0,6.732071203928729
2017-08-19,4,BABY CARE,Quito,Pichincha,D,9,0,2.117871313209732
2017-08-19,4,BEAUTY,Quito,Pichincha,D,9,0,6.461684748307549
2017-08-19,4,BEVERAGES,Quito,Pichincha,D,9,0,2714.546117934406
2017-08-19,4,BOOKS,Quito,Pichincha,D,9,0,2.117871313209732
2017-08-19,4,BREAD/BAKERY,Quito,Pichincha,D,9,0,374.5195473822013
2017-08-19,4,CELEBRATION,Quito,Pichincha,D,9,0,10.608027252981268
2017-08-19,4,CLEANING,Quito,Pichincha,D,9,0,819.39306129781
2017-08-19,4,DAIRY,Quito,Pichincha,D,9,0,802.9548377379413
2017-08-19,4,DELI,Quito,Pichincha,D,9,0,211.79291326667928
2017-08-19,4,EGGS,Quito,Pichincha,D,9,0,150.02332541721503
2017-08-19,4,FROZEN FOODS,Quito,Pichincha,D,9,0,120.20964034786257
2017-08-19,4,GROCERY I,Quito,Pichincha,D,9,0,3456.0981516775746
2017-08-19,4,GROCERY II,Quito,Pichincha,D,9,0,30.262916904839113
2017-08-19,4,HARDWARE,Quito,Pichincha,D,9,0,2.829324051060126
2017-08-19,4,HOME AND KITCHEN I,Quito,Pichincha,D,9,0,22.178117808996202
2017-08-19,4,HOME AND KITCHEN II,Quito,Pichincha,D,9,0,12.027177891004094
2017-08-19,4,HOME APPLIANCES,Quito,Pichincha,D,9,0,2.091086205006644
2017-08-19,4,HOME CARE,Quito,Pichincha,D,9,0,226.44998777309604
2017-08-19,4,LADIESWEAR,Quito,Pichincha,D,9,0,23.75184271304649
2017-08-19,4,LAWN AND GARDEN,Quito,Pichincha,D,9,0,23.69162560861589
2017-08-19,4,LINGERIE,Quito,Pichincha,D,9,0,4.199044000799104
2017-08-19,4,"LIQUOR,WINE,BEER",Quito,Pichincha,D,9,0,167.14908536029643
2017-08-19,4,MAGAZINES,Quito,Pichincha,D,9,0,9.295590270677279
2017-08-19,4,MEATS,Quito,Pichincha,D,9,0,401.12779234702856
2017-08-19,4,PERSONAL CARE,Quito,Pichincha,D,9,0,260.0847601657268
2017-08-19,4,PET SUPPLIES,Quito,Pichincha,D,9,0,7.871591285611711
2017-08-19,4,PLAYERS AND ELECTRONICS,Quito,Pichincha,D,9,0,9.651881003425297
2017-08-19,4,POULTRY,Quito,Pichincha,D,9,0,430.70520743698165
2017-08-19,4,PREPARED FOODS,Quito,Pichincha,D,9,0,64.65621070963421
2017-08-19,4,PRODUCE,Quito,Pichincha,D,9,0,2391.8564464128567
2017-08-19,4,SCHOOL AND OFFICE SUPPLIES,Quito,Pichincha,D,9,0,2.0729245024572354
2017-08-19,4,SEAFOOD,Quito,Pichincha,D,9,0,26.871782411599252
2017-08-19,5,AUTOMOTIVE,Santo Domingo,Santo Domingo de los Tsachilas,D,4,0,9.608894765959967
2017-08-19,5,BABY CARE,Santo Domingo,Santo Domingo de los Tsachilas,D,4,0,2.060180348182853
2017-08-19,5,BEAUTY,Santo Domingo,Santo Domingo de los Tsachilas,D,4,0,7.235496072863046
2017-08-19,5,BEVERAGES,Santo Domingo,Santo Domingo de los Tsachilas,D,4,0,1801.4348891944223
2017-08-19,5,BOOKS,Santo Domingo,Santo Domingo de los Tsachilas,D,4,0,1.9973148604867546
2017-08-19,5,BREAD/BAKERY,Santo Domingo,Santo Domingo de los Tsachilas,D,4,0,324.1888128053933
2017-08-19,5,CELEBRATION,Santo Domingo,Santo Domingo de los Tsachilas,D,4,0,31.61523233781592
2017-08-19,5,CLEANING,Santo Domingo,Santo Domingo de los Tsachilas,D,4,0,847.022153019766
2017-08-19,5,DAIRY,Santo Domingo,Santo Domingo de los Tsachilas,D,4,0,519.3053830948505
2017-08-19,5,DELI,Santo Domingo,Santo Domingo de los Tsachilas,D,4,0,216.41634152189965
2017-08-19,5,EGGS,Santo Domingo,Santo Domingo de los Tsachilas,D,4,0,88.74238779305573
2017-08-19,5,FROZEN FOODS,Santo Domingo,Santo Domingo de los Tsachilas,D,4,0,146.96751241364518
2017-08-19,5,GROCERY I,Santo Domingo,Santo Domingo de los Tsachilas,D,4,0,2942.2293075542425
2017-08-19,5,GROCERY II,Santo Domingo,Santo Domingo de los Tsachilas,D,4,0,34.24928601506273
2017-08-19,5,HARDWARE,Santo Domingo,Santo Domingo de los Tsachilas,D,4,0,2.585972339450382
2017-08-19,5,HOME AND KITCHEN I,Santo Domingo,Santo Domingo de los Tsachilas,D,4,0,33.724469953935184
2017-08-19,5,HOME AND KITCHEN II,Santo Domingo,Santo Domingo de los Tsachilas,D,4,0,22.643147439368494
2017-08-19,5,HOME APPLIANCES,Santo Domingo,Santo Domingo de los Tsachilas,D,4,0,1.970529752283666
2017-08-19,5,HOME CARE,Santo Domingo,Santo Domingo de los Tsachilas,D,4,0,184.75161112961365
2017-08-19,5,LADIESWEAR,Santo Domingo,Santo Domingo de los Tsachilas,D,4,0,15.075921787612083
2017-08-19,5,LAWN AND GARDEN,Santo Domingo,Santo Domingo de los Tsachilas,D,4,0,9.487742976428667
2017-08-19,5,LINGERIE,Santo Domingo,Santo Domingo de los Tsachilas,D,4,0,12.447828037305484
2017-08-19,5,"LIQUOR,WINE,BEER",Santo Domingo,Santo Domingo de los Tsachilas,D,4,0,102.56348636398093
2017-08-19,5,MAGAZINES,Santo Domingo,Santo Domingo de los Tsachilas,D,4,0,12.959406949062405
2017-08-19,5,MEATS,Santo Domingo,Santo Domingo de los Tsachilas,D,4,0,263.6378824214996
2017-08-19,5,PERSONAL CARE,Santo Domingo,Santo Domingo de los Tsachilas,D,4,0,216.4887902233268
2017-08-19,5,PET SUPPLIES,Santo Domingo,Santo Domingo de los Tsachilas,D,4,0,4.268235697963498
2017-08-19,5,PLAYERS AND ELECTRONICS,Santo Domingo,Santo Domingo de los Tsachilas,D,4,0,8.987924183803493
2017-08-19,5,POULTRY,Santo Domingo,Santo Domingo de los Tsachilas,D,4,0,246.82804264383336
2017-08-19,5,PREPARED FOODS,Santo Domingo,Santo Domingo de los Tsachilas,D,4,0,57.4932097234628
2017-08-19,5,PRODUCE,Santo Domingo,Santo Domingo de los Tsachilas,D,4,0,1555.6731920431769
2017-08-19,5,SCHOOL AND OFFICE SUPPLIES,Santo Domingo,Santo Domingo de los Tsachilas,D,4,0,2.23785317428003
2017-08-19,5,SEAFOOD,Santo Domingo,Santo Domingo de los Tsachilas,D,4,0,10.220409958891643
2017-08-19,6,AUTOMOTIVE,Quito,Pichincha,D,13,0,9.666585730986847
2017-08-19,6,BABY CARE,Quito,Pichincha,D,13,0,2.117871313209732
2017-08-19,6,BEAUTY,Quito,Pichincha,D,13,0,7.2931870378899255
2017-08-19,6,BEVERAGES,Quito,Pichincha,D,13,0,3628.027578944275
2017-08-19,6,BOOKS,Quito,Pichincha,D,13,0,2.117871313209732
2017-08-19,6,BREAD/BAKERY,Quito,Pichincha,D,13,0,616.4709871700844
2017-08-19,6,CELEBRATION,Quito,Pichincha,D,13,0,11.397077115092186
2017-08-19,6,CLEANING,Quito,Pichincha,D,13,0,1210.345292116424
2017-08-19,6,DAIRY,Quito,Pichincha,D,13,0,1048.1280625386928
2017-08-19,6,DELI,Quito,Pichincha,D,13,0,377.06276430645033
2017-08-19,6,EGGS,Quito,Pichincha,D,13,0,189.8798868366134
2017-08-19,6,FROZEN FOODS,Quito,Pichincha,D,13,0,177.0805431371161
2017-08-19,6,GROCERY I,Quito,Pichincha,D,13,0,4912.70869474281
2017-08-19,6,GROCERY II,Quito,Pichincha,D,13,0,44.238611482687254
2017-08-19,6,HARDWARE,Quito,Pichincha,D,13,0,2.5315550848009267
2017-08-19,6,HOME AND KITCHEN I,Quito,Pichincha,D,13,0,28.9659844593003
2017-08-19,6,HOME AND KITCHEN II,Quito,Pichincha,D,13,0,40.08472459880954
2017-08-19,6,HOME APPLIANCES,Quito,Pichincha,D,13,0,2.0282207173105435
2017-08-19,6,HOME CARE,Quito,Pichincha,D,13,0,332.8093249938914
2017-08-19,6,LADIESWEAR,Quito,Pichincha,D,13,0,25.099934173872544
2017-08-19,6,LAWN AND GARDEN,Quito,Pichincha,D,13,0,24.163607545015036
2017-08-19,6,LINGERIE,Quito,Pichincha,D,13,0,11.208315802638582
2017-08-19,6,"LIQUOR,WINE,BEER",Quito,Pichincha,D,13,0,182.00458862516678
2017-08-19,6,MAGAZINES,Quito,Pichincha,D,13,0,7.1925780332015385
2017-08-19,6,MEATS,Quito,Pichincha,D,13,0,535.3861446699726
2017-08-19,6,PERSONAL CARE,Quito,Pichincha,D,13,0,365.38840316203044
2017-08-19,6,PET SUPPLIES,Quito,Pichincha,D,13,0,11.299926794306478
2017-08-19,6,PLAYERS AND ELECTRONICS,Quito,Pichincha,D,13,0,23.260825247626652
2017-08-19,6,POULTRY,Quito,Pichincha,D,13,0,598.4172460699814
2017-08-19,6,PREPARED FOODS,Quito,Pichincha,D,13,0,120.10357723467628
2017-08-19,6,PRODUCE,Quito,Pichincha,D,13,0,2806.998418411005
2017-08-19,6,SCHOOL AND OFFICE SUPPLIES,Quito,Pichincha,D,13,0,2.010059014761136
2017-08-19,6,SEAFOOD,Quito,Pichincha,D,13,0,43.52401251773523
2017-08-19,7,AUTOMOTIVE,Quito,Pichincha,D,8,0,7.138520651790182
2017-08-19,7,BABY CARE,Quito,Pichincha,D,8,0,2.571773169958256
2017-08-19,7,BEAUTY,Quito,Pichincha,D,8,0,8.011643399498773
2017-08-19,7,BEVERAGES,Quito,Pichincha,D,8,0,3375.489809272542
2017-08-19,7,BOOKS,Quito,Pichincha,D,8,0,2.571773169958256
2017-08-19,7,BREAD/BAKERY,Quito,Pichincha,D,8,0,603.5314973513508
2017-08-19,7,CELEBRATION,Quito,Pichincha,D,8,0,17.17939240859471
2017-08-19,7,CLEANING,Quito,Pichincha,D,8,0,868.0395991096503
2017-08-19,7,DAIRY,Quito,Pichincha,D,8,0,1253.8729178782883
2017-08-19,7,DELI,Quito,Pichincha,D,8,0,178.72896962428786
2017-08-19,7,EGGS,Quito,Pichincha,D,8,0,279.33740570100105
2017-08-19,7,FROZEN FOODS,Quito,Pichincha,D,8,0,236.8895466618519
2017-08-19,7,GROCERY I,Quito,Pichincha,D,8,0,3287.4372596663607
2017-08-19,7,GROCERY II,Quito,Pichincha,D,8,0,40.72508776429548
2017-08-19,7,HARDWARE,Quito,Pichincha,D,8,0,3.512100294886291
2017-08-19,7,HOME AND KITCHEN I,Quito,Pichincha,D,8,0,46.079582950305294
2017-08-19,7,HOME AND KITCHEN II,Quito,Pichincha,D,8,0,49.10275326834986
2017-08-19,7,HOME APPLIANCES,Quito,Pichincha,D,8,0,2.655499478928506
2017-08-19,7,HOME CARE,Quito,Pichincha,D,8,0,224.80458274258876
2017-08-19,7,LADIESWEAR,Quito,Pichincha,D,8,0,18.126086270045395
2017-08-19,7,LAWN AND GARDEN,Quito,Pichincha,D,8,0,45.91375780439757
2017-08-19,7,LINGERIE,Quito,Pichincha,D,8,0,9.814702079662762
2017-08-19,7,"LIQUOR,WINE,BEER",Quito,Pichincha,D,8,0,244.73817902653545
2017-08-19,7,MAGAZINES,Quito,Pichincha,D,8,0,21.805641515894884
2017-08-19,7,MEATS,Quito,Pichincha,D,8,0,443.30166263401196
2017-08-19,7,PERSONAL CARE,Quito,Pichincha,D,8,0,211.56807329520106
2017-08-19,7,PET SUPPLIES,Quito,Pichincha,D,8,0,7.413441779692707
2017-08-19,7,PLAYERS AND ELECTRONICS,Quito,Pichincha,D,8,0,16.36586216424376
2017-08-19,7,POULTRY,Quito,Pichincha,D,8,0,589.2052020504207
2017-08-19,7,PREPARED FOODS,Quito,Pichincha,D,8,0,138.39401670957832
2017-08-19,7,PRODUCE,Quito,Pichincha,D,8,0,4201.7421305951875
2017-08-19,7,SCHOOL AND OFFICE SUPPLIES,Quito,Pichincha,D,8,0,2.7494459960554325
2017-08-19,7,SEAFOOD,Quito,Pichincha,D,8,0,42.805823160805666
2017-08-19,8,AUTOMOTIVE,Quito,Pichincha,D,8,0,6.880187552604647
2017-08-19,8,BABY CARE,Quito,Pichincha,D,8,0,2.9800535533907926
2017-08-19,8,BEAUTY,Quito,Pichincha,D,8,0,12.942849614371763
2017-08-19,8,BEVERAGES,Quito,Pichincha,D,8,0,5024.846368605398
2017-08-19,8,BOOKS,Quito,Pichincha,D,8,0,2.2659876618856503
2017-08-19,8,BREAD/BAKERY,Quito,Pichincha,D,8,0,861.7907146335849
2017-08-19,8,CELEBRATION,Quito,Pichincha,D,8,0,21.986125453318362
2017-08-19,8,CLEANING,Quito,Pichincha,D,8,0,1286.0510574828447
2017-08-19,8,DAIRY,Quito,Pichincha,D,8,0,1590.103868461672
2017-08-19,8,DELI,Quito,Pichincha,D,8,0,324.1324683604021
2017-08-19,8,EGGS,Quito,Pichincha,D,8,0,402.2333258525383
2017-08-19,8,FROZEN FOODS,Quito,Pichincha,D,8,0,191.11469385950807
2017-08-19,8,GROCERY I,Quito,Pichincha,D,8,0,5573.531987380269
2017-08-19,8,GROCERY II,Quito,Pichincha,D,8,0,43.60119587162339
2017-08-19,8,HARDWARE,Quito,Pichincha,D,8,0,4.493338529956859
2017-08-19,8,HOME AND KITCHEN I,Quito,Pichincha,D,8,0,43.89928221862988
2017-08-19,8,HOME AND KITCHEN II,Quito,Pichincha,D,8,0,49.912804321122074
2017-08-19,8,HOME APPLIANCES,Quito,Pichincha,D,8,0,2.239202553682562
2017-08-19,8,HOME CARE,Quito,Pichincha,D,8,0,401.0486673853467
2017-08-19,8,LADIESWEAR,Quito,Pichincha,D,8,0,42.679907203432975
2017-08-19,8,LAWN AND GARDEN,Quito,Pichincha,D,8,0,38.178876732717654
2017-08-19,8,LINGERIE,Quito,Pichincha,D,8,0,23.423646323864112
2017-08-19,8,"LIQUOR,WINE,BEER",Quito,Pichincha,D,8,0,223.1179990155103
2017-08-19,8,MAGAZINES,Quito,Pichincha,D,8,0,25.279229433227698
2017-08-19,8,MEATS,Quito,Pichincha,D,8,0,473.3811874956796
2017-08-19,8,PERSONAL CARE,Quito,Pichincha,D,8,0,398.66074864087955
2017-08-19,8,PET SUPPLIES,Quito,Pichincha,D,8,0,24.659978922137853
2017-08-19,8,PLAYERS AND ELECTRONICS,Quito,Pichincha,D,8,0,24.75769403106506
2017-08-19,8,POULTRY,Quito,Pichincha,D,8,0,677.5242825167228
2017-08-19,8,PREPARED FOODS,Quito,Pichincha,D,8,0,159.42932368885496
2017-08-19,8,PRODUCE,Quito,Pichincha,D,8,0,4823.472224201925
2017-08-19,8,SCHOOL AND OFFICE SUPPLIES,Quito,Pichincha,D,8,0,2.6373377763790975
2017-08-19,8,SEAFOOD,Quito,Pichincha,D,8,0,38.300028522248944
2017-08-19,9,AUTOMOTIVE,Quito,Pichincha,B,6,0,13.610629359342386
2017-08-19,9,BABY CARE,Quito,Pichincha,B,6,0,2.0538959924307876
2017-08-19,9,BEAUTY,Quito,Pichincha,B,6,0,8.999016105745746
2017-08-19,9,BEVERAGES,Quito,Pichincha,B,6,0,3844.997688789013
2017-08-19,9,BOOKS,Quito,Pichincha,B,6,0,2.0538959924307876
2017-08-19,9,BREAD/BAKERY,Quito,Pichincha,B,6,0,535.4529709903941
2017-08-19,9,CELEBRATION,Quito,Pichincha,B,6,0,15.373248105854138
2017-08-19,9,CLEANING,Quito,Pichincha,B,6,0,1603.0136137007603
2017-08-19,9,DAIRY,Quito,Pichincha,B,6,0,889.3323354171968
2017-08-19,9,DELI,Quito,Pichincha,B,6,0,598.079783328845
2017-08-19,9,EGGS,Quito,Pichincha,B,6,0,196.4333510735665
2017-08-19,9,FROZEN FOODS,Quito,Pichincha,B,6,0,145.6250832928409
2017-08-19,9,GROCERY I,Quito,Pichincha,B,6,0,7401.762383140151
2017-08-19,9,GROCERY II,Quito,Pichincha,B,6,0,14.347160165551484
2017-08-19,9,HARDWARE,Quito,Pichincha,B,6,0,2.522428709904669
2017-08-19,9,HOME AND KITCHEN I,Quito,Pichincha,B,6,0,55.02042658734446
2017-08-19,9,HOME AND KITCHEN II,Quito,Pichincha,B,6,0,51.15105463533576
2017-08-19,9,HOME APPLIANCES,Quito,Pichincha,B,6,0,2.0271108842277
2017-08-19,9,HOME CARE,Quito,Pichincha,B,6,0,456.89690345231554
2017-08-19,9,LADIESWEAR,Quito,Pichincha,B,6,0,11.02562549770389
2017-08-19,9,LAWN AND GARDEN,Quito,Pichincha,B,6,0,7.534301414941712
2017-08-19,9,LINGERIE,Quito,Pichincha,B,6,0,11.186324915624166
2017-08-19,9,"LIQUOR,WINE,BEER",Quito,Pichincha,B,6,0,101.83464987780542
2017-08-19,9,MAGAZINES,Quito,Pichincha,B,6,0,7.155542358456689
2017-08-19,9,MEATS,Quito,Pichincha,B,6,0,326.52396857984377
2017-08-19,9,PERSONAL CARE,Quito,Pichincha,B,6,0,506.29124212307636
2017-08-19,9,PET SUPPLIES,Quito,Pichincha,B,6,0,6.4327133083515555
2017-08-19,9,PLAYERS AND ELECTRONICS,Quito,Pichincha,B,6,0,8.377670605488023
2017-08-19,9,POULTRY,Quito,Pichincha,B,6,0,469.18508182648117
2017-08-19,9,PREPARED FOODS,Quito,Pichincha,B,6,0,137.0179927846703
2017-08-19,9,PRODUCE,Quito,Pichincha,B,6,0,1645.0465106759534
2017-08-19,9,SCHOOL AND OFFICE SUPPLIES,Quito,Pichincha,B,6,0,133.84023872040052
2017-08-19,9,SEAFOOD,Quito,Pichincha,B,6,0,20.991775216976333
2017-08-19,10,AUTOMOTIVE,Quito,Pichincha,C,15,0,3.4622990395095408
2017-08-19,10,BABY CARE,Quito,Pichincha,C,15,0,0.5503291481178673
2017-08-19,10,BEAUTY,Quito,Pichincha,C,15,0,4.173150818958928
2017-08-19,10,BEVERAGES,Quito,Pichincha,C,15,0,1553.3661266571048
2017-08-19,10,BOOKS,Quito,Pichincha,C,15,0,0.5503291481178673
2017-08-19,10,BREAD/BAKERY,Quito,Pichincha,C,15,0,128.82048846155547
2017-08-19,10,CELEBRATION,Quito,Pichincha,C,15,0,4.908062816623253
2017-08-19,10,CLEANING,Quito,Pichincha,C,15,0,789.8096623278675
2017-08-19,10,DAIRY,Quito,Pichincha,C,15,0,322.88978544429665
2017-08-19,10,DELI,Quito,Pichincha,C,15,0,291.94502908333385
2017-08-19,10,EGGS,Quito,Pichincha,C,15,0,61.94404390466015
2017-08-19,10,FROZEN FOODS,Quito,Pichincha,C,15,0,46.519362820119426
2017-08-19,10,GROCERY I,Quito,Pichincha,C,15,0,2888.573714512325
2017-08-19,10,GROCERY II,Quito,Pichincha,C,15,0,7.030444333081477
2017-08-19,10,HARDWARE,Quito,Pichincha,C,15,0,1.5470360627244168
2017-08-19,10,HOME AND KITCHEN I,Quito,Pichincha,C,15,0,8.200444695832623
2017-08-19,10,HOME AND KITCHEN II,Quito,Pichincha,C,15,0,12.368289618962033
2017-08-19,10,HOME APPLIANCES,Quito,Pichincha,C,15,0,1.4599986204799797
2017-08-19,10,HOME CARE,Quito,Pichincha,C,15,0,179.32168835625654
2017-08-19,10,LADIESWEAR,Quito,Pichincha,C,15,0,8.140453079520267
2017-08-19,10,LAWN AND GARDEN,Quito,Pichincha,C,15,0,2.0924214633228577
2017-08-19,10,LINGERIE,Quito,Pichincha,C,15,0,2.963564986021288
2017-08-19,10,"LIQUOR,WINE,BEER",Quito,Pichincha,C,15,0,47.78123642326536
2017-08-19,10,MAGAZINES,Quito,Pichincha,C,15,0,1.953089209717929
2017-08-19,10,MEATS,Quito,Pichincha,C,15,0,182.4518649025016
2017-08-19,10,PERSONAL CARE,Quito,Pichincha,C,15,0,198.13804466485993
2017-08-19,10,PET SUPPLIES,Quito,Pichincha,C,15,0,2.443730335282114
2017-08-19,10,PLAYERS AND ELECTRONICS,Quito,Pichincha,C,15,0,4.077173742754572
2017-08-19,10,POULTRY,Quito,Pichincha,C,15,0,148.71858213125336
2017-08-19,10,PREPARED FOODS,Quito,Pichincha,C,15,0,37.2521696383827
2017-08-19,10,PRODUCE,Quito,Pichincha,C,15,0,261.4141524967575
2017-08-19,10,SCHOOL AND OFFICE SUPPLIES,Quito,Pichincha,C,15,0,7.080466380412374
2017-08-19,10,SEAFOOD,Quito,Pichincha,C,15,0,4.0559526286541265
2017-08-19,11,AUTOMOTIVE,Cayambe,Pichincha,B,6,0,7.127860539548086
2017-08-19,11,BABY CARE,Cayambe,Pichincha,B,6,0,1.8806922705397955
2017-08-19,11,BEAUTY,Cayambe,Pichincha,B,6,0,6.02597179434453
2017-08-19,11,BEVERAGES,Cayambe,Pichincha,B,6,0,4579.84301156045
2017-08-19,11,BOOKS,Cayambe,Pichincha,B,6,0,0.5252417749028017
2017-08-19,11,BREAD/BAKERY,Cayambe,Pichincha,B,6,0,689.0203722916018
2017-08-19,11,CELEBRATION,Cayambe,Pichincha,B,6,0,18.72395238322595
2017-08-19,11,CLEANING,Cayambe,Pichincha,B,6,0,1703.4516115933802
2017-08-19,11,DAIRY,Cayambe,Pichincha,B,6,0,616.3208585195396
2017-08-19,11,DELI,Cayambe,Pichincha,B,6,0,469.59129233085315
2017-08-19,11,EGGS,Cayambe,Pichincha,B,6,0,221.94665850577442
2017-08-19,11,FROZEN FOODS,Cayambe,Pichincha,B,6,0,116.34424438140431
2017-08-19,11,GROCERY I,Cayambe,Pichincha,B,6,0,8010.227314358142
2017-08-19,11,GROCERY II,Cayambe,Pichincha,B,6,0,29.13726860033698
2017-08-19,11,HARDWARE,Cayambe,Pichincha,B,6,0,2.0514560217544884
2017-08-19,11,HOME AND KITCHEN I,Cayambe,Pichincha,B,6,0,34.65123386486812
2017-08-19,11,HOME AND KITCHEN II,Cayambe,Pichincha,B,6,0,14.397856259913134
2017-08-19,11,HOME APPLIANCES,Cayambe,Pichincha,B,6,0,0.4984566666997138
2017-08-19,11,HOME CARE,Cayambe,Pichincha,B,6,0,454.74845319013053
2017-08-19,11,LADIESWEAR,Cayambe,Pichincha,B,6,0,7.497319868498288
2017-08-19,11,LAWN AND GARDEN,Cayambe,Pichincha,B,6,0,6.139280618772419
2017-08-19,11,LINGERIE,Cayambe,Pichincha,B,6,0,7.34705481401636
2017-08-19,11,"LIQUOR,WINE,BEER",Cayambe,Pichincha,B,6,0,60.614216839368666
2017-08-19,11,MAGAZINES,Cayambe,Pichincha,B,6,0,3.441735088647454
2017-08-19,11,MEATS,Cayambe,Pichincha,B,6,0,566.1138273475283
2017-08-19,11,PERSONAL CARE,Cayambe,Pichincha,B,6,0,397.80946712106817
2017-08-19,11,PET SUPPLIES,Cayambe,Pichincha,B,6,0,3.4661542534337673
2017-08-19,11,PLAYERS AND ELECTRONICS,Cayambe,Pichincha,B,6,0,21.870482303043687
2017-08-19,11,POULTRY,Cayambe,Pichincha,B,6,0,403.1614319796765
2017-08-19,11,PREPARED FOODS,Cayambe,Pichincha,B,6,0,102.55003948341819
2017-08-19,11,PRODUCE,Cayambe,Pichincha,B,6,0,1354.798289906693
2017-08-19,11,SCHOOL AND OFFICE SUPPLIES,Cayambe,Pichincha,B,6,0,25.885755285363803
2017-08-19,11,SEAFOOD,Cayambe,Pichincha,B,6,0,7.127860539548086
2017-08-19,12,AUTOMOTIVE,Latacunga,Cotopaxi,C,15,0,7.054333962083951
2017-08-19,12,BABY CARE,Latacunga,Cotopaxi,C,15,0,1.7141761490308955
2017-08-19,12,BEAUTY,Latacunga,Cotopaxi,C,15,0,3.327499738798005
2017-08-19,12,BEVERAGES,Latacunga,Cotopaxi,C,15,0,1743.677254312911
2017-08-19,12,BOOKS,Latacunga,Cotopaxi,C,15,0,1.7141761490308955
2017-08-19,12,BREAD/BAKERY,Latacunga,Cotopaxi,C,15,0,179.56051642308796
2017-08-19,12,CELEBRATION,Latacunga,Cotopaxi,C,15,0,20.035112780758375
2017-08-19,12,CLEANING,Latacunga,Cotopaxi,C,15,0,804.9470272931231
2017-08-19,12,DAIRY,Latacunga,Cotopaxi,C,15,0,398.9450660286751
2017-08-19,12,DELI,Latacunga,Cotopaxi,C,15,0,201.81928321866826
2017-08-19,12,EGGS,Latacunga,Cotopaxi,C,15,0,61.663678822842144
2017-08-19,12,FROZEN FOODS,Latacunga,Cotopaxi,C,15,0,44.793389809512156
2017-08-19,12,GROCERY I,Latacunga,Cotopaxi,C,15,0,2798.158287013409
2017-08-19,12,GROCERY II,Latacunga,Cotopaxi,C,15,0,9.422841150290397
2017-08-19,12,HARDWARE,Latacunga,Cotopaxi,C,15,0,1.7115629953761464
2017-08-19,12,HOME AND KITCHEN I,Latacunga,Cotopaxi,C,15,0,15.791551303827942
2017-08-19,12,HOME AND KITCHEN II,Latacunga,Cotopaxi,C,15,0,21.19281211826023
2017-08-19,12,HOME APPLIANCES,Latacunga,Cotopaxi,C,15,0,1.687391040827807
2017-08-19,12,HOME CARE,Latacunga,Cotopaxi,C,15,0,155.37527869252608
2017-08-19,12,LADIESWEAR,Latacunga,Cotopaxi,C,15,0,8.580122125029215
2017-08-19,12,LAWN AND GARDEN,Latacunga,Cotopaxi,C,15,0,2.6255993917432883
2017-08-19,12,LINGERIE,Latacunga,Cotopaxi,C,15,0,6.129842128456812
2017-08-19,12,"LIQUOR,WINE,BEER",Latacunga,Cotopaxi,C,15,0,66.72086559522197
2017-08-19,12,MAGAZINES,Latacunga,Cotopaxi,C,15,0,3.226890734109618
2017-08-19,12,MEATS,Latacunga,Cotopaxi,C,15,0,132.3070997081837
2017-08-19,12,PERSONAL CARE,Latacunga,Cotopaxi,C,15,0,174.34698230295052
2017-08-19,12,PET SUPPLIES,Latacunga,Cotopaxi,C,15,0,3.2996381319248687
2017-08-19,12,PLAYERS AND ELECTRONICS,Latacunga,Cotopaxi,C,15,0,9.712827365910417
2017-08-19,12,POULTRY,Latacunga,Cotopaxi,C,15,0,151.31335989130153
2017-08-19,12,PREPARED FOODS,Latacunga,Cotopaxi,C,15,0,35.42093048229515
2017-08-19,12,PRODUCE,Latacunga,Cotopaxi,C,15,0,379.09464467073326
2017-08-19,12,SCHOOL AND OFFICE SUPPLIES,Latacunga,Cotopaxi,C,15,0,7.613503802695319
2017-08-19,12,SEAFOOD,Latacunga,Cotopaxi,C,15,0,3.633812036081179
2017-08-19,13,AUTOMOTIVE,Latacunga,Cotopaxi,C,15,0,6.129842128456812
2017-08-19,13,BABY CARE,Latacunga,Cotopaxi,C,15,0,1.7141761490308955
2017-08-19,13,BEAUTY,Latacunga,Cotopaxi,C,15,0,4.539255088683652
2017-08-19,13,BEVERAGES,Latacunga,Cotopaxi,C,15,0,1915.5347890621902
2017-08-19,13,BOOKS,Latacunga,Cotopaxi,C,15,0,1.7141761490308955
2017-08-19,13,BREAD/BAKERY,Latacunga,Cotopaxi,C,15,0,134.66294715883865
2017-08-19,13,CELEBRATION,Latacunga,Cotopaxi,C,15,0,9.180431194217359
2017-08-19,13,CLEANING,Latacunga,Cotopaxi,C,15,0,835.0015258938204
2017-08-19,13,DAIRY,Latacunga,Cotopaxi,C,15,0,345.25623494444005
2017-08-19,13,DELI,Latacunga,Cotopaxi,C,15,0,180.996354078825
2017-08-19,13,EGGS,Latacunga,Cotopaxi,C,15,0,47.031354915143744
2017-08-19,13,FROZEN FOODS,Latacunga,Cotopaxi,C,15,0,42.927962943571394
2017-08-19,13,GROCERY I,Latacunga,Cotopaxi,C,15,0,3215.442880235793
2017-08-19,13,GROCERY II,Latacunga,Cotopaxi,C,15,0,12.654801238015244
2017-08-19,13,HARDWARE,Latacunga,Cotopaxi,C,15,0,1.7115629953761464
2017-08-19,13,HOME AND KITCHEN I,Latacunga,Cotopaxi,C,15,0,18.641759799974803
2017-08-19,13,HOME AND KITCHEN II,Latacunga,Cotopaxi,C,15,0,11.40822676397202
2017-08-19,13,HOME APPLIANCES,Latacunga,Cotopaxi,C,15,0,1.687391040827807
2017-08-19,13,HOME CARE,Latacunga,Cotopaxi,C,15,0,159.14471068466594
2017-08-19,13,LADIESWEAR,Latacunga,Cotopaxi,C,15,0,5.123674357364423
2017-08-19,13,LAWN AND GARDEN,Latacunga,Cotopaxi,C,15,0,2.6255993917432883
2017-08-19,13,LINGERIE,Latacunga,Cotopaxi,C,15,0,3.5978861944191856
2017-08-19,13,"LIQUOR,WINE,BEER",Latacunga,Cotopaxi,C,15,0,88.44350632214756
2017-08-19,13,MAGAZINES,Latacunga,Cotopaxi,C,15,0,2.5983753578146915
2017-08-19,13,MEATS,Latacunga,Cotopaxi,C,15,0,158.37696714812728
2017-08-19,13,PERSONAL CARE,Latacunga,Cotopaxi,C,15,0,229.02935677219324
2017-08-19,13,PET SUPPLIES,Latacunga,Cotopaxi,C,15,0,2.671122755629942
2017-08-19,13,PLAYERS AND ELECTRONICS,Latacunga,Cotopaxi,C,15,0,6.1151374008952635
2017-08-19,13,POULTRY,Latacunga,Cotopaxi,C,15,0,126.97504797026517
2017-08-19,13,PREPARED FOODS,Latacunga,Cotopaxi,C,15,0,25.803282399684484
2017-08-19,13,PRODUCE,Latacunga,Cotopaxi,C,15,0,215.4963178621661
2017-08-19,13,SCHOOL AND OFFICE SUPPLIES,Latacunga,Cotopaxi,C,15,0,11.340047645522011
2017-08-19,13,SEAFOOD,Latacunga,Cotopaxi,C,15,0,3.232944522460761
2017-08-19,14,AUTOMOTIVE,Riobamba,Chimborazo,C,7,0,7.6403835150590895
2017-08-19,14,BABY CARE,Riobamba,Chimborazo,C,7,0,2.8933703886981004
2017-08-19,14,BEAUTY,Riobamba,Chimborazo,C,7,0,3.9624566884515033
2017-08-19,14,BEVERAGES,Riobamba,Chimborazo,C,7,0,1765.4206181650466
2017-08-19,14,BOOKS,Riobamba,Chimborazo,C,7,0,2.8933703886981004
2017-08-19,14,BREAD/BAKERY,Riobamba,Chimborazo,C,7,0,181.72371201119358
2017-08-19,14,CELEBRATION,Riobamba,Chimborazo,C,7,0,17.80573085231074
2017-08-19,14,CLEANING,Riobamba,Chimborazo,C,7,0,1167.9595547906438
2017-08-19,14,DAIRY,Riobamba,Chimborazo,C,7,0,435.11162908806335
2017-08-19,14,DELI,Riobamba,Chimborazo,C,7,0,304.8159857780849
2017-08-19,14,EGGS,Riobamba,Chimborazo,C,7,0,48.564435973402695
2017-08-19,14,FROZEN FOODS,Riobamba,Chimborazo,C,7,0,59.63882602731615
2017-08-19,14,GROCERY I,Riobamba,Chimborazo,C,7,0,3634.1938972701014
2017-08-19,14,GROCERY II,Riobamba,Chimborazo,C,7,0,9.009468040371917
2017-08-19,14,HARDWARE,Riobamba,Chimborazo,C,7,0,2.8907572350433512
2017-08-19,14,HOME AND KITCHEN I,Riobamba,Chimborazo,C,7,0,9.548237366132664
2017-08-19,14,HOME AND KITCHEN II,Riobamba,Chimborazo,C,7,0,25.078075127496263
2017-08-19,14,HOME APPLIANCES,Riobamba,Chimborazo,C,7,0,2.8665852804950123
2017-08-19,14,HOME CARE,Riobamba,Chimborazo,C,7,0,251.74790540801544
2017-08-19,14,LADIESWEAR,Riobamba,Chimborazo,C,7,0,5.243983251354524
2017-08-19,14,LAWN AND GARDEN,Riobamba,Chimborazo,C,7,0,3.5466540528151276
2017-08-19,14,LINGERIE,Riobamba,Chimborazo,C,7,0,5.246073802736274
2017-08-19,14,"LIQUOR,WINE,BEER",Riobamba,Chimborazo,C,7,0,45.55863477774318
2017-08-19,14,MAGAZINES,Riobamba,Chimborazo,C,7,0,6.533464070383752
2017-08-19,14,MEATS,Riobamba,Chimborazo,C,7,0,316.7656184956898
2017-08-19,14,PERSONAL CARE,Riobamba,Chimborazo,C,7,0,315.0943928337563
2017-08-19,14,PET SUPPLIES,Riobamba,Chimborazo,C,7,0,3.8390951850096258
2017-08-19,14,PLAYERS AND ELECTRONICS,Riobamba,Chimborazo,C,7,0,9.34691886130172
2017-08-19,14,POULTRY,Riobamba,Chimborazo,C,7,0,151.8032985504677
2017-08-19,14,PREPARED FOODS,Riobamba,Chimborazo,C,7,0,111.25002052720923
2017-08-19,14,PRODUCE,Riobamba,Chimborazo,C,7,0,456.590680243377
2017-08-19,14,SCHOOL AND OFFICE SUPPLIES,Riobamba,Chimborazo,C,7,0,7.120080517092975
2017-08-19,14,SEAFOOD,Riobamba,Chimborazo,C,7,0,7.676309356721084
2017-08-19,15,AUTOMOTIVE,Ibarra,Imbabura,C,15,0,6.508023441248888
2017-08-19,15,BABY CARE,Ibarra,Imbabura,C,15,0,2.4252949952558156
2017-08-19,15,BEAUTY,Ibarra,Imbabura,C,15,0,5.9433780447801805
2017-08-19,15,BEVERAGES,Ibarra,Imbabura,C,15,0,1746.2559282374261
2017-08-19,15,BOOKS,Ibarra,Imbabura,C,15,0,1.834024362637438
2017-08-19,15,BREAD/BAKERY,Ibarra,Imbabura,C,15,0,156.02768624537958
2017-08-19,15,CELEBRATION,Ibarra,Imbabura,C,15,0,8.825621741009899
2017-08-19,15,CLEANING,Ibarra,Imbabura,C,15,0,884.931690695757
2017-08-19,15,DAIRY,Ibarra,Imbabura,C,15,0,328.20045643997304
2017-08-19,15,DELI,Ibarra,Imbabura,C,15,0,269.61894236478383
2017-08-19,15,EGGS,Ibarra,Imbabura,C,15,0,106.03214144918378
2017-08-19,15,FROZEN FOODS,Ibarra,Imbabura,C,15,0,69.7537177906801
2017-08-19,15,GROCERY I,Ibarra,Imbabura,C,15,0,2638.22084446593
2017-08-19,15,GROCERY II,Ibarra,Imbabura,C,15,0,8.613031950927487
2017-08-19,15,HARDWARE,Ibarra,Imbabura,C,15,0,2.5165373227457475
2017-08-19,15,HOME AND KITCHEN I,Ibarra,Imbabura,C,15,0,11.325560180108996
2017-08-19,15,HOME AND KITCHEN II,Ibarra,Imbabura,C,15,0,16.29331444878706
2017-08-19,15,HOME APPLIANCES,Ibarra,Imbabura,C,15,0,1.8072392544343494
2017-08-19,15,HOME CARE,Ibarra,Imbabura,C,15,0,197.09645311124558
2017-08-19,15,LADIESWEAR,Ibarra,Imbabura,C,15,0,8.19600565577448
2017-08-19,15,LAWN AND GARDEN,Ibarra,Imbabura,C,15,0,2.7454476053498302
2017-08-19,15,LINGERIE,Ibarra,Imbabura,C,15,0,6.249690342063355
2017-08-19,15,"LIQUOR,WINE,BEER",Ibarra,Imbabura,C,15,0,39.61066649885053
2017-08-19,15,MAGAZINES,Ibarra,Imbabura,C,15,0,3.34673894771616
2017-08-19,15,MEATS,Ibarra,Imbabura,C,15,0,112.51730750301887
2017-08-19,15,PERSONAL CARE,Ibarra,Imbabura,C,15,0,161.01776139132286
2017-08-19,15,PET SUPPLIES,Ibarra,Imbabura,C,15,0,3.1484001547176677
2017-08-19,15,PLAYERS AND ELECTRONICS,Ibarra,Imbabura,C,15,0,6.234985614501806
2017-08-19,15,POULTRY,Ibarra,Imbabura,C,15,0,106.14277330862514
2017-08-19,15,PREPARED FOODS,Ibarra,Imbabura,C,15,0,44.13617765657628
2017-08-19,15,PRODUCE,Ibarra,Imbabura,C,15,0,571.4045820050363
2017-08-19,15,SCHOOL AND OFFICE SUPPLIES,Ibarra,Imbabura,C,15,0,9.349539799799134
2017-08-19,15,SEAFOOD,Ibarra,Imbabura,C,15,0,4.555378772444316
2017-08-19,16,AUTOMOTIVE,Santo Domingo,Santo Domingo de los Tsachilas,C,3,0,6.106158142071283
2017-08-19,16,BABY CARE,Santo Domingo,Santo Domingo de los Tsachilas,C,3,0,1.4290927636561876
2017-08-19,16,BEAUTY,Santo Domingo,Santo Domingo de los Tsachilas,C,3,0,2.1081154690557677
2017-08-19,16,BEVERAGES,Santo Domingo,Santo Domingo de los Tsachilas,C,3,0,1463.7993068396402
2017-08-19,16,BOOKS,Santo Domingo,Santo Domingo de los Tsachilas,C,3,0,0.4926381830909884
2017-08-19,16,BREAD/BAKERY,Santo Domingo,Santo Domingo de los Tsachilas,C,3,0,165.9306403215597
2017-08-19,16,CELEBRATION,Santo Domingo,Santo Domingo de los Tsachilas,C,3,0,6.170572435748351
2017-08-19,16,CLEANING,Santo Domingo,Santo Domingo de los Tsachilas,C,3,0,769.3067152879242
2017-08-19,16,DAIRY,Santo Domingo,Santo Domingo de los Tsachilas,C,3,0,279.5473229640161
2017-08-19,16,DELI,Santo Domingo,Santo Domingo de los Tsachilas,C,3,0,153.95799133283813
2017-08-19,16,EGGS,Santo Domingo,Santo Domingo de los Tsachilas,C,3,0,134.77681960535242
2017-08-19,16,FROZEN FOODS,Santo Domingo,Santo Domingo de los Tsachilas,C,3,0,63.27253580889585
2017-08-19,16,GROCERY I,Santo Domingo,Santo Domingo de los Tsachilas,C,3,0,2202.666289795056
2017-08-19,16,GROCERY II,Santo Domingo,Santo Domingo de los Tsachilas,C,3,0,6.445413926940057
2017-08-19,16,HARDWARE,Santo Domingo,Santo Domingo de los Tsachilas,C,3,0,0.49002502943623927
2017-08-19,16,HOME AND KITCHEN I,Santo Domingo,Santo Domingo de los Tsachilas,C,3,0,18.482840087431406
2017-08-19,16,HOME AND KITCHEN II,Santo Domingo,Santo Domingo de los Tsachilas,C,3,0,22.29857116056432
2017-08-19,16,HOME APPLIANCES,Santo Domingo,Santo Domingo de los Tsachilas,C,3,0,0.4658530748879001
2017-08-19,16,HOME CARE,Santo Domingo,Santo Domingo de los Tsachilas,C,3,0,168.75191275046163
2017-08-19,16,LADIESWEAR,Santo Domingo,Santo Domingo de los Tsachilas,C,3,0,3.6377800226922927
2017-08-19,16,LAWN AND GARDEN,Santo Domingo,Santo Domingo de los Tsachilas,C,3,0,1.9718650105998816
2017-08-19,16,LINGERIE,Santo Domingo,Santo Domingo de los Tsachilas,C,3,0,3.9982616636272414
2017-08-19,16,"LIQUOR,WINE,BEER",Santo Domingo,Santo Domingo de los Tsachilas,C,3,0,53.17326832648892
2017-08-19,16,MAGAZINES,Santo Domingo,Santo Domingo de los Tsachilas,C,3,0,2.3132919724399827
2017-08-19,16,MEATS,Santo Domingo,Santo Domingo de los Tsachilas,C,3,0,49.98779779113059
2017-08-19,16,PERSONAL CARE,Santo Domingo,Santo Domingo de los Tsachilas,C,3,0,147.1935583951706
2017-08-19,16,PET SUPPLIES,Santo Domingo,Santo Domingo de los Tsachilas,C,3,0,2.3860393702552334
2017-08-19,16,PLAYERS AND ELECTRONICS,Santo Domingo,Santo Domingo de los Tsachilas,C,3,0,3.425829188583107
2017-08-19,16,POULTRY,Santo Domingo,Santo Domingo de los Tsachilas,C,3,0,69.3266454202843
2017-08-19,16,PREPARED FOODS,Santo Domingo,Santo Domingo de los Tsachilas,C,3,0,35.478879135853894
2017-08-19,16,PRODUCE,Santo Domingo,Santo Domingo de los Tsachilas,C,3,0,509.57256992675855
2017-08-19,16,SCHOOL AND OFFICE SUPPLIES,Santo Domingo,Santo Domingo de los Tsachilas,C,3,0,0.4476913723384917
2017-08-19,16,SEAFOOD,Santo Domingo,Santo Domingo de los Tsachilas,C,3,0,2.9654480759011554
2017-08-19,17,AUTOMOTIVE,Quito,Pichincha,C,12,0,7.088340940725302
2017-08-19,17,BABY CARE,Quito,Pichincha,C,12,0,1.549649216379166
2017-08-19,17,BEAUTY,Quito,Pichincha,C,12,0,3.060935902348874
2017-08-19,17,BEVERAGES,Quito,Pichincha,C,12,0,3386.4192861089546
2017-08-19,17,BOOKS,Quito,Pichincha,C,12,0,0.5503291481178673
2017-08-19,17,BREAD/BAKERY,Quito,Pichincha,C,12,0,333.0153661017724
2017-08-19,17,CELEBRATION,Quito,Pichincha,C,12,0,6.964187385141002
2017-08-19,17,CLEANING,Quito,Pichincha,C,12,0,1169.109705830597
2017-08-19,17,DAIRY,Quito,Pichincha,C,12,0,683.3919322680741
2017-08-19,17,DELI,Quito,Pichincha,C,12,0,567.3043835459356
2017-08-19,17,EGGS,Quito,Pichincha,C,12,0,169.1567688624999
2017-08-19,17,FROZEN FOODS,Quito,Pichincha,C,12,0,151.6313476114672
2017-08-19,17,GROCERY I,Quito,Pichincha,C,12,0,4803.341676270879
2017-08-19,17,GROCERY II,Quito,Pichincha,C,12,0,19.180440657464775
2017-08-19,17,HARDWARE,Quito,Pichincha,C,12,0,1.9553164461569588
2017-08-19,17,HOME AND KITCHEN I,Quito,Pichincha,C,12,0,33.698859002808604
2017-08-19,17,HOME AND KITCHEN II,Quito,Pichincha,C,12,0,25.841563439411967
2017-08-19,17,HOME APPLIANCES,Quito,Pichincha,C,12,0,0.5235440399147789
2017-08-19,17,HOME CARE,Quito,Pichincha,C,12,0,301.57558265882676
2017-08-19,17,LADIESWEAR,Quito,Pichincha,C,12,0,3.6954709877191734
2017-08-19,17,LAWN AND GARDEN,Quito,Pichincha,C,12,0,2.0924214633228577
2017-08-19,17,LINGERIE,Quito,Pichincha,C,12,0,10.509567335643613
2017-08-19,17,"LIQUOR,WINE,BEER",Quito,Pichincha,C,12,0,90.37105474393226
2017-08-19,17,MAGAZINES,Quito,Pichincha,C,12,0,6.051186745974131
2017-08-19,17,MEATS,Quito,Pichincha,C,12,0,226.676609079853
2017-08-19,17,PERSONAL CARE,Quito,Pichincha,C,12,0,308.1668819977734
2017-08-19,17,PET SUPPLIES,Quito,Pichincha,C,12,0,2.9004772726787205
2017-08-19,17,PLAYERS AND ELECTRONICS,Quito,Pichincha,C,12,0,7.073636213163753
2017-08-19,17,POULTRY,Quito,Pichincha,C,12,0,390.9390602228217
2017-08-19,17,PREPARED FOODS,Quito,Pichincha,C,12,0,65.79574859265182
2017-08-19,17,PRODUCE,Quito,Pichincha,C,12,0,1324.6239272761468
2017-08-19,17,SCHOOL AND OFFICE SUPPLIES,Quito,Pichincha,C,12,0,33.8838609082083
2017-08-19,17,SEAFOOD,Quito,Pichincha,C,12,0,14.657120591806395
2017-08-19,18,AUTOMOTIVE,Quito,Pichincha,B,16,0,5.132045849478232
2017-08-19,18,BABY CARE,Quito,Pichincha,B,16,0,2.1912647683006363
2017-08-19,18,BEAUTY,Quito,Pichincha,B,16,0,5.948273159844697
2017-08-19,18,BEVERAGES,Quito,Pichincha,B,16,0,2413.880143358481
2017-08-19,18,BOOKS,Quito,Pichincha,B,16,0,0.5503291481178673
2017-08-19,18,BREAD/BAKERY,Quito,Pichincha,B,16,0,591.9003625723772
2017-08-19,18,CELEBRATION,Quito,Pichincha,B,16,0,11.837034083737647
2017-08-19,18,CLEANING,Quito,Pichincha,B,16,0,694.8261809703612
2017-08-19,18,DAIRY,Quito,Pichincha,B,16,0,609.1736522833236
2017-08-19,18,DELI,Quito,Pichincha,B,16,0,222.8160238640822
2017-08-19,18,EGGS,Quito,Pichincha,B,16,0,177.33780284174296
2017-08-19,18,FROZEN FOODS,Quito,Pichincha,B,16,0,72.02586337241662
2017-08-19,18,GROCERY I,Quito,Pichincha,B,16,0,2982.2163747849067
2017-08-19,18,GROCERY II,Quito,Pichincha,B,16,0,13.15227492373577
2017-08-19,18,HARDWARE,Quito,Pichincha,B,16,0,2.188651614645887
2017-08-19,18,HOME AND KITCHEN I,Quito,Pichincha,B,16,0,29.520196190671516
2017-08-19,18,HOME AND KITCHEN II,Quito,Pichincha,B,16,0,27.682669841159473
2017-08-19,18,HOME APPLIANCES,Quito,Pichincha,B,16,0,0.5235440399147789
2017-08-19,18,HOME CARE,Quito,Pichincha,B,16,0,229.4375168932837
2017-08-19,18,LADIESWEAR,Quito,Pichincha,B,16,0,10.877509149027976
2017-08-19,18,LAWN AND GARDEN,Quito,Pichincha,B,16,0,2.9636401453025853
2017-08-19,18,LINGERIE,Quito,Pichincha,B,16,0,6.582845022169955
2017-08-19,18,"LIQUOR,WINE,BEER",Quito,Pichincha,B,16,0,79.03310677453703
2017-08-19,18,MAGAZINES,Quito,Pichincha,B,16,0,3.6428965170687833
2017-08-19,18,MEATS,Quito,Pichincha,B,16,0,102.77924478126202
2017-08-19,18,PERSONAL CARE,Quito,Pichincha,B,16,0,188.49118666739622
2017-08-19,18,PET SUPPLIES,Quito,Pichincha,B,16,0,4.176700481231603
2017-08-19,18,PLAYERS AND ELECTRONICS,Quito,Pichincha,B,16,0,8.229554256812106
2017-08-19,18,POULTRY,Quito,Pichincha,B,16,0,185.45810399419406
2017-08-19,18,PREPARED FOODS,Quito,Pichincha,B,16,0,60.97541437649617
2017-08-19,18,PRODUCE,Quito,Pichincha,B,16,0,1637.500544615962
2017-08-19,18,SCHOOL AND OFFICE SUPPLIES,Quito,Pichincha,B,16,0,52.5394810907636
2017-08-19,18,SEAFOOD,Quito,Pichincha,B,16,0,16.57238221478269
2017-08-19,19,AUTOMOTIVE,Guaranda,Bolivar,C,15,0,7.347927363516101
2017-08-19,19,BABY CARE,Guaranda,Bolivar,C,15,0,2.439468531949583
2017-08-19,19,BEAUTY,Guaranda,Bolivar,C,15,0,4.7113113302653495
2017-08-19,19,BEVERAGES,Guaranda,Bolivar,C,15,0,3610.972060433474
2017-08-19,19,BOOKS,Guaranda,Bolivar,C,15,0,2.3766030442534856
2017-08-19,19,BREAD/BAKERY,Guaranda,Bolivar,C,15,0,235.37699359690865
2017-08-19,19,CELEBRATION,Guaranda,Bolivar,C,15,0,7.949585005928018
2017-08-19,19,CLEANING,Guaranda,Bolivar,C,15,0,1283.4172091125763
2017-08-19,19,DAIRY,Guaranda,Bolivar,C,15,0,438.3626982069307
2017-08-19,19,DELI,Guaranda,Bolivar,C,15,0,366.6133934779174
2017-08-19,19,EGGS,Guaranda,Bolivar,C,15,0,65.45343786980597
2017-08-19,19,FROZEN FOODS,Guaranda,Bolivar,C,15,0,53.49814897836447
2017-08-19,19,GROCERY I,Guaranda,Bolivar,C,15,0,4593.579226361136
2017-08-19,19,GROCERY II,Guaranda,Bolivar,C,15,0,24.13648653058328
2017-08-19,19,HARDWARE,Guaranda,Bolivar,C,15,0,3.1868471114619648
2017-08-19,19,HOME AND KITCHEN I,Guaranda,Bolivar,C,15,0,15.026496907761567
2017-08-19,19,HOME AND KITCHEN II,Guaranda,Bolivar,C,15,0,16.0251364855406
2017-08-19,19,HOME APPLIANCES,Guaranda,Bolivar,C,15,0,2.4126834237464947
2017-08-19,19,HOME CARE,Guaranda,Bolivar,C,15,0,238.73235525885386
2017-08-19,19,LADIESWEAR,Guaranda,Bolivar,C,15,0,15.23498919967064
2017-08-19,19,LAWN AND GARDEN,Guaranda,Bolivar,C,15,0,3.288026286965871
2017-08-19,19,LINGERIE,Guaranda,Bolivar,C,15,0,7.053668422668574
2017-08-19,19,"LIQUOR,WINE,BEER",Guaranda,Bolivar,C,15,0,77.79618231663008
2017-08-19,19,MAGAZINES,Guaranda,Bolivar,C,15,0,6.646747120697013
2017-08-19,19,MEATS,Guaranda,Bolivar,C,15,0,176.79156976851561
2017-08-19,19,PERSONAL CARE,Guaranda,Bolivar,C,15,0,247.23113648536824
2017-08-19,19,PET SUPPLIES,Guaranda,Bolivar,C,15,0,3.878283998340632
2017-08-19,19,PLAYERS AND ELECTRONICS,Guaranda,Bolivar,C,15,0,8.965889692696406
2017-08-19,19,POULTRY,Guaranda,Bolivar,C,15,0,224.4057487083395
2017-08-19,19,PREPARED FOODS,Guaranda,Bolivar,C,15,0,35.35179940421341
2017-08-19,19,PRODUCE,Guaranda,Bolivar,C,15,0,559.9170877842892
2017-08-19,19,SCHOOL AND OFFICE SUPPLIES,Guaranda,Bolivar,C,15,0,10.078547271795278
2017-08-19,19,SEAFOOD,Guaranda,Bolivar,C,15,0,7.978160256295713
2017-08-19,20,AUTOMOTIVE,Quito,Pichincha,B,6,0,10.500636908862056
2017-08-19,20,BABY CARE,Quito,Pichincha,B,6,0,2.116761480126883
2017-08-19,20,BEAUTY,Quito,Pichincha,B,6,0,4.388604278442649
2017-08-19,20,BEVERAGES,Quito,Pichincha,B,6,0,5626.037185915276
2017-08-19,20,BOOKS,Quito,Pichincha,B,6,0,2.0538959924307876
2017-08-19,20,BREAD/BAKERY,Quito,Pichincha,B,6,0,532.0134504698495
2017-08-19,20,CELEBRATION,Quito,Pichincha,B,6,0,8.722301662112324
2017-08-19,20,CLEANING,Quito,Pichincha,B,6,0,1585.308505660662
2017-08-19,20,DAIRY,Quito,Pichincha,B,6,0,836.4285276977785
2017-08-19,20,DELI,Quito,Pichincha,B,6,0,761.2020761254512
2017-08-19,20,EGGS,Quito,Pichincha,B,6,0,126.2627303588612
2017-08-19,20,FROZEN FOODS,Quito,Pichincha,B,6,0,124.53273973037912
2017-08-19,20,GROCERY I,Quito,Pichincha,B,6,0,6281.845969077774
2017-08-19,20,GROCERY II,Quito,Pichincha,B,6,0,14.448477679863851
2017-08-19,20,HARDWARE,Quito,Pichincha,B,6,0,2.2246597436454723
2017-08-19,20,HOME AND KITCHEN I,Quito,Pichincha,B,6,0,23.502148678321223
2017-08-19,20,HOME AND KITCHEN II,Quito,Pichincha,B,6,0,20.9658021030405
2017-08-19,20,HOME APPLIANCES,Quito,Pichincha,B,6,0,2.0271108842277
2017-08-19,20,HOME CARE,Quito,Pichincha,B,6,0,390.96368187937134
2017-08-19,20,LADIESWEAR,Quito,Pichincha,B,6,0,6.007096705885118
2017-08-19,20,LAWN AND GARDEN,Quito,Pichincha,B,6,0,8.271223543518264
2017-08-19,20,LINGERIE,Quito,Pichincha,B,6,0,7.526537818766256
2017-08-19,20,"LIQUOR,WINE,BEER",Quito,Pichincha,B,6,0,90.29860569312658
2017-08-19,20,MAGAZINES,Quito,Pichincha,B,6,0,4.25206943209227
2017-08-19,20,MEATS,Quito,Pichincha,B,6,0,342.70406959493346
2017-08-19,20,PERSONAL CARE,Quito,Pichincha,B,6,0,424.0076503802877
2017-08-19,20,PET SUPPLIES,Quito,Pichincha,B,6,0,4.360742671569513
2017-08-19,20,PLAYERS AND ELECTRONICS,Quito,Pichincha,B,6,0,9.874416988368829
2017-08-19,20,POULTRY,Quito,Pichincha,B,6,0,358.78763368828635
2017-08-19,20,PREPARED FOODS,Quito,Pichincha,B,6,0,89.48098885530547
2017-08-19,20,PRODUCE,Quito,Pichincha,B,6,0,1196.2975322986474
2017-08-19,20,SCHOOL AND OFFICE SUPPLIES,Quito,Pichincha,B,6,0,75.5071792560887
2017-08-19,20,SEAFOOD,Quito,Pichincha,B,6,0,14.341658483487617
2017-08-19,21,AUTOMOTIVE,Santo Domingo,Santo Domingo de los Tsachilas,B,6,0,13.404822045639591
2017-08-19,21,BABY CARE,Santo Domingo,Santo Domingo de los Tsachilas,B,6,0,2.021465583597424
2017-08-19,21,BEAUTY,Santo Domingo,Santo Domingo de los Tsachilas,B,6,0,6.148915294003352
2017-08-19,21,BEVERAGES,Santo Domingo,Santo Domingo de los Tsachilas,B,6,0,3317.2342410982187
2017-08-19,21,BOOKS,Santo Domingo,Santo Domingo de los Tsachilas,B,6,0,0.4926381830909884
2017-08-19,21,BREAD/BAKERY,Santo Domingo,Santo Domingo de los Tsachilas,B,6,0,445.8744178049507
2017-08-19,21,CELEBRATION,Santo Domingo,Santo Domingo de los Tsachilas,B,6,0,9.128009541341203
2017-08-19,21,CLEANING,Santo Domingo,Santo Domingo de los Tsachilas,B,6,0,1396.3227027807604
2017-08-19,21,DAIRY,Santo Domingo,Santo Domingo de los Tsachilas,B,6,0,658.345169578333
2017-08-19,21,DELI,Santo Domingo,Santo Domingo de los Tsachilas,B,6,0,329.7488955961181
2017-08-19,21,EGGS,Santo Domingo,Santo Domingo de los Tsachilas,B,6,0,262.7556999693114
2017-08-19,21,FROZEN FOODS,Santo Domingo,Santo Domingo de los Tsachilas,B,6,0,136.0642331647279
2017-08-19,21,GROCERY I,Santo Domingo,Santo Domingo de los Tsachilas,B,6,0,4541.382851435529
2017-08-19,21,GROCERY II,Santo Domingo,Santo Domingo de los Tsachilas,B,6,0,13.780003672170357
2017-08-19,21,HARDWARE,Santo Domingo,Santo Domingo de los Tsachilas,B,6,0,1.845475525073234
2017-08-19,21,HOME AND KITCHEN I,Santo Domingo,Santo Domingo de los Tsachilas,B,6,0,44.111854161725816
2017-08-19,21,HOME AND KITCHEN II,Santo Domingo,Santo Domingo de los Tsachilas,B,6,0,35.10883585099224
2017-08-19,21,HOME APPLIANCES,Santo Domingo,Santo Domingo de los Tsachilas,B,6,0,0.4658530748879001
2017-08-19,21,HOME CARE,Santo Domingo,Santo Domingo de los Tsachilas,B,6,0,347.28706941242336
2017-08-19,21,LADIESWEAR,Santo Domingo,Santo Domingo de los Tsachilas,B,6,0,9.1536833442922
2017-08-19,21,LAWN AND GARDEN,Santo Domingo,Santo Domingo de los Tsachilas,B,6,0,4.332031630829734
2017-08-19,21,LINGERIE,Santo Domingo,Santo Domingo de los Tsachilas,B,6,0,8.798083212278453
2017-08-19,21,"LIQUOR,WINE,BEER",Santo Domingo,Santo Domingo de los Tsachilas,B,6,0,141.13099037872044
2017-08-19,21,MAGAZINES,Santo Domingo,Santo Domingo de los Tsachilas,B,6,0,4.046262118389472
2017-08-19,21,MEATS,Santo Domingo,Santo Domingo de los Tsachilas,B,6,0,117.06611674795306
2017-08-19,21,PERSONAL CARE,Santo Domingo,Santo Domingo de los Tsachilas,B,6,0,309.29854950222995
2017-08-19,21,PET SUPPLIES,Santo Domingo,Santo Domingo de los Tsachilas,B,6,0,3.657952949857154
2017-08-19,21,PLAYERS AND ELECTRONICS,Santo Domingo,Santo Domingo de los Tsachilas,B,6,0,8.171863291785217
2017-08-19,21,POULTRY,Santo Domingo,Santo Domingo de los Tsachilas,B,6,0,196.92905351355398
2017-08-19,21,PREPARED FOODS,Santo Domingo,Santo Domingo de los Tsachilas,B,6,0,158.6138275955581
2017-08-19,21,PRODUCE,Santo Domingo,Santo Domingo de los Tsachilas,B,6,0,1327.3433109514149
2017-08-19,21,SCHOOL AND OFFICE SUPPLIES,Santo Domingo,Santo Domingo de los Tsachilas,B,6,0,0.4476913723384917
2017-08-19,21,SEAFOOD,Santo Domingo,Santo Domingo de los Tsachilas,B,6,0,6.525154057143075
2017-08-19,22,AUTOMOTIVE,Puyo,Pastaza,C,7,0,6.014352876633101
2017-08-19,22,BABY CARE,Puyo,Pastaza,C,7,0,0.4926381830909884
2017-08-19,22,BEAUTY,Puyo,Pastaza,C,7,0,3.3724962382313968
2017-08-19,22,BEVERAGES,Puyo,Pastaza,C,7,0,1809.2176506160945
2017-08-19,22,BOOKS,Puyo,Pastaza,C,7,0,0.4926381830909884
2017-08-19,22,BREAD/BAKERY,Puyo,Pastaza,C,7,0,146.9191522629007
2017-08-19,22,CELEBRATION,Puyo,Pastaza,C,7,0,6.814691154675939
2017-08-19,22,CLEANING,Puyo,Pastaza,C,7,0,660.0543188519271
2017-08-19,22,DAIRY,Puyo,Pastaza,C,7,0,339.95663277144746
2017-08-19,22,DELI,Puyo,Pastaza,C,7,0,150.60694976108138
2017-08-19,22,EGGS,Puyo,Pastaza,C,7,0,56.730728682408355
2017-08-19,22,FROZEN FOODS,Puyo,Pastaza,C,7,0,103.71606975078853
2017-08-19,22,GROCERY I,Puyo,Pastaza,C,7,0,2552.2786790522828
2017-08-19,22,GROCERY II,Puyo,Pastaza,C,7,0,7.707053153170335
2017-08-19,22,HARDWARE,Puyo,Pastaza,C,7,0,1.5998565148708745
2017-08-19,22,HOME AND KITCHEN I,Puyo,Pastaza,C,7,0,26.830973528711937
2017-08-19,22,HOME AND KITCHEN II,Puyo,Pastaza,C,7,0,21.98653905117481
2017-08-19,22,HOME APPLIANCES,Puyo,Pastaza,C,7,0,0.4658530748879001
2017-08-19,22,HOME CARE,Puyo,Pastaza,C,7,0,169.6817282039345
2017-08-19,22,LADIESWEAR,Puyo,Pastaza,C,7,0,4.097967376018463
2017-08-19,22,LAWN AND GARDEN,Puyo,Pastaza,C,7,0,1.9718650105998816
2017-08-19,22,LINGERIE,Puyo,Pastaza,C,7,0,6.714351019336879
2017-08-19,22,"LIQUOR,WINE,BEER",Puyo,Pastaza,C,7,0,238.30943270233803
2017-08-19,22,MAGAZINES,Puyo,Pastaza,C,7,0,5.243246167957464
2017-08-19,22,MEATS,Puyo,Pastaza,C,7,0,104.21891441892006
2017-08-19,22,PERSONAL CARE,Puyo,Pastaza,C,7,0,147.18301186874132
2017-08-19,22,PET SUPPLIES,Puyo,Pastaza,C,7,0,2.4798948513999135
2017-08-19,22,PLAYERS AND ELECTRONICS,Puyo,Pastaza,C,7,0,6.293907089919079
2017-08-19,22,POULTRY,Puyo,Pastaza,C,7,0,148.62131222185803
2017-08-19,22,PREPARED FOODS,Puyo,Pastaza,C,7,0,30.89901961662443
2017-08-19,22,PRODUCE,Puyo,Pastaza,C,7,0,450.649686634448
2017-08-19,22,SCHOOL AND OFFICE SUPPLIES,Puyo,Pastaza,C,7,0,6.6665067893681
2017-08-19,22,SEAFOOD,Puyo,Pastaza,C,7,0,3.085154946369969
2017-08-19,23,AUTOMOTIVE,Ambato,Tungurahua,D,9,0,4.634497824215066
2017-08-19,23,BABY CARE,Ambato,Tungurahua,D,9,0,2.7428509765244726
2017-08-19,23,BEAUTY,Ambato,Tungurahua,D,9,0,4.825167934941463
2017-08-19,23,BEVERAGES,Ambato,Tungurahua,D,9,0,1553.2190789191254
2017-08-19,23,BOOKS,Ambato,Tungurahua,D,9,0,2.853362393697811
2017-08-19,23,BREAD/BAKERY,Ambato,Tungurahua,D,9,0,252.8534357990109
2017-08-19,23,CELEBRATION,Ambato,Tungurahua,D,9,0,11.861298043312123
2017-08-19,23,CLEANING,Ambato,Tungurahua,D,9,0,540.699199184179
2017-08-19,23,DAIRY,Ambato,Tungurahua,D,9,0,515.8627765319376
2017-08-19,23,DELI,Ambato,Tungurahua,D,9,0,137.61734712017096
2017-08-19,23,EGGS,Ambato,Tungurahua,D,9,0,51.12360621905701
2017-08-19,23,FROZEN FOODS,Ambato,Tungurahua,D,9,0,77.30851183484238
2017-08-19,23,GROCERY I,Ambato,Tungurahua,D,9,0,2157.869744214774
2017-08-19,23,GROCERY II,Ambato,Tungurahua,D,9,0,25.655994549543692
2017-08-19,23,HARDWARE,Ambato,Tungurahua,D,9,0,2.962857459719397
2017-08-19,23,HOME AND KITCHEN I,Ambato,Tungurahua,D,9,0,14.70412098471678
2017-08-19,23,HOME AND KITCHEN II,Ambato,Tungurahua,D,9,0,22.328260845935134
2017-08-19,23,HOME APPLIANCES,Ambato,Tungurahua,D,9,0,2.938685505171058
2017-08-19,23,HOME CARE,Ambato,Tungurahua,D,9,0,134.75517583305268
2017-08-19,23,LADIESWEAR,Ambato,Tungurahua,D,9,0,19.034032702732375
2017-08-19,23,LAWN AND GARDEN,Ambato,Tungurahua,D,9,0,4.974402601031347
2017-08-19,23,LINGERIE,Ambato,Tungurahua,D,9,0,5.095554390562647
2017-08-19,23,"LIQUOR,WINE,BEER",Ambato,Tungurahua,D,9,0,92.24151623716001
2017-08-19,23,MAGAZINES,Ambato,Tungurahua,D,9,0,8.651540867118689
2017-08-19,23,MEATS,Ambato,Tungurahua,D,9,0,442.6725418902273
2017-08-19,23,PERSONAL CARE,Ambato,Tungurahua,D,9,0,157.72211408130738
2017-08-19,23,PET SUPPLIES,Ambato,Tungurahua,D,9,0,6.749950996872903
2017-08-19,23,PLAYERS AND ELECTRONICS,Ambato,Tungurahua,D,9,0,8.971905758204727
2017-08-19,23,POULTRY,Ambato,Tungurahua,D,9,0,273.20442751418943
2017-08-19,23,PREPARED FOODS,Ambato,Tungurahua,D,9,0,31.846113174767144
2017-08-19,23,PRODUCE,Ambato,Tungurahua,D,9,0,1142.7982433728753
2017-08-19,23,SCHOOL AND OFFICE SUPPLIES,Ambato,Tungurahua,D,9,0,2.697904165771976
2017-08-19,23,SEAFOOD,Ambato,Tungurahua,D,9,0,9.643638485051651
2017-08-19,24,AUTOMOTIVE,Guayaquil,Guayas,D,1,0,5.151869004344259
2017-08-19,24,BABY CARE,Guayaquil,Guayas,D,1,0,2.9096770074794227
2017-08-19,24,BEAUTY,Guayaquil,Guayas,D,1,0,4.917408390385067
2017-08-19,24,BEVERAGES,Guayaquil,Guayas,D,1,0,3962.8524006898224
2017-08-19,24,BOOKS,Guayaquil,Guayas,D,1,0,2.9096770074794227
2017-08-19,24,BREAD/BAKERY,Guayaquil,Guayas,D,1,0,843.0575510919525
2017-08-19,24,CELEBRATION,Guayaquil,Guayas,D,1,0,16.415091236263354
2017-08-19,24,CLEANING,Guayaquil,Guayas,D,1,0,1148.6284934264504
2017-08-19,24,DAIRY,Guayaquil,Guayas,D,1,0,1395.603829516668
2017-08-19,24,DELI,Guayaquil,Guayas,D,1,0,309.60129191248484
2017-08-19,24,EGGS,Guayaquil,Guayas,D,1,0,250.09994680062346
2017-08-19,24,FROZEN FOODS,Guayaquil,Guayas,D,1,0,202.11197858127784
2017-08-19,24,GROCERY I,Guayaquil,Guayas,D,1,0,4146.134982955426
2017-08-19,24,GROCERY II,Guayaquil,Guayas,D,1,0,44.93785220437508
2017-08-19,24,HARDWARE,Guayaquil,Guayas,D,1,0,3.472101155550934
2017-08-19,24,HOME AND KITCHEN I,Guayaquil,Guayas,D,1,0,22.377436545154264
2017-08-19,24,HOME AND KITCHEN II,Guayaquil,Guayas,D,1,0,29.313379009776682
2017-08-19,24,HOME APPLIANCES,Guayaquil,Guayas,D,1,0,2.8828918992763346
2017-08-19,24,HOME CARE,Guayaquil,Guayas,D,1,0,262.34663129787674
2017-08-19,24,LADIESWEAR,Guayaquil,Guayas,D,1,0,11.867826304576093
2017-08-19,24,LAWN AND GARDEN,Guayaquil,Guayas,D,1,0,35.757053742043475
2017-08-19,24,LINGERIE,Guayaquil,Guayas,D,1,0,12.835130428583954
2017-08-19,24,"LIQUOR,WINE,BEER",Guayaquil,Guayas,D,1,0,132.65174309074555
2017-08-19,24,MAGAZINES,Guayaquil,Guayas,D,1,0,14.63159002145069
2017-08-19,24,MEATS,Guayaquil,Guayas,D,1,0,446.5180380858407
2017-08-19,24,PERSONAL CARE,Guayaquil,Guayas,D,1,0,286.58341778924296
2017-08-19,24,PET SUPPLIES,Guayaquil,Guayas,D,1,0,19.66929995399949
2017-08-19,24,PLAYERS AND ELECTRONICS,Guayaquil,Guayas,D,1,0,12.515123221675804
2017-08-19,24,POULTRY,Guayaquil,Guayas,D,1,0,560.9498473314671
2017-08-19,24,PREPARED FOODS,Guayaquil,Guayas,D,1,0,128.3220182651339
2017-08-19,24,PRODUCE,Guayaquil,Guayas,D,1,0,3474.030785653134
2017-08-19,24,SCHOOL AND OFFICE SUPPLIES,Guayaquil,Guayas,D,1,0,2.864730196726926
2017-08-19,24,SEAFOOD,Guayaquil,Guayas,D,1,0,30.326098454907825
2017-08-19,25,AUTOMOTIVE,Salinas,Santa Elena,D,1,0,8.357906407123211
2017-08-19,25,BABY CARE,Salinas,Santa Elena,D,1,0,2.960582299420519
2017-08-19,25,BEAUTY,Salinas,Santa Elena,D,1,0,6.590773568621219
2017-08-19,25,BEVERAGES,Salinas,Santa Elena,D,1,0,2726.326320312937
2017-08-19,25,BOOKS,Salinas,Santa Elena,D,1,0,2.960582299420519
2017-08-19,25,BREAD/BAKERY,Salinas,Santa Elena,D,1,0,552.6165294056808
2017-08-19,25,CELEBRATION,Salinas,Santa Elena,D,1,0,15.05131855115608
2017-08-19,25,CLEANING,Salinas,Santa Elena,D,1,0,655.1042080166507
2017-08-19,25,DAIRY,Salinas,Santa Elena,D,1,0,820.3455916974054
2017-08-19,25,DELI,Salinas,Santa Elena,D,1,0,210.1682314382903
2017-08-19,25,EGGS,Salinas,Santa Elena,D,1,0,175.59297601382534
2017-08-19,25,FROZEN FOODS,Salinas,Santa Elena,D,1,0,239.6192936654705
2017-08-19,25,GROCERY I,Salinas,Santa Elena,D,1,0,2471.8072792363573
2017-08-19,25,GROCERY II,Salinas,Santa Elena,D,1,0,36.00115887004547
2017-08-19,25,HARDWARE,Salinas,Santa Elena,D,1,0,4.075180539808049
2017-08-19,25,HOME AND KITCHEN I,Salinas,Santa Elena,D,1,0,38.13843039675064
2017-08-19,25,HOME AND KITCHEN II,Salinas,Santa Elena,D,1,0,18.274621816973156
2017-08-19,25,HOME APPLIANCES,Salinas,Santa Elena,D,1,0,2.933797191217431
2017-08-19,25,HOME CARE,Salinas,Santa Elena,D,1,0,153.61151884475407
2017-08-19,25,LADIESWEAR,Salinas,Santa Elena,D,1,0,3.7497590480348637
2017-08-19,25,LAWN AND GARDEN,Salinas,Santa Elena,D,1,0,32.18498924519456
2017-08-19,25,LINGERIE,Salinas,Santa Elena,D,1,0,10.279896435864183
2017-08-19,25,"LIQUOR,WINE,BEER",Salinas,Santa Elena,D,1,0,635.6675133986195
2017-08-19,25,MAGAZINES,Salinas,Santa Elena,D,1,0,23.43708014937361
2017-08-19,25,MEATS,Salinas,Santa Elena,D,1,0,290.45140891286286
2017-08-19,25,PERSONAL CARE,Salinas,Santa Elena,D,1,0,148.2529987669596
2017-08-19,25,PET SUPPLIES,Salinas,Santa Elena,D,1,0,8.83150817065665
2017-08-19,25,PLAYERS AND ELECTRONICS,Salinas,Santa Elena,D,1,0,10.169613403086027
2017-08-19,25,POULTRY,Salinas,Santa Elena,D,1,0,223.8023228923338
2017-08-19,25,PREPARED FOODS,Salinas,Santa Elena,D,1,0,55.59280148772157
2017-08-19,25,PRODUCE,Salinas,Santa Elena,D,1,0,2017.7467718796643
2017-08-19,25,SCHOOL AND OFFICE SUPPLIES,Salinas,Santa Elena,D,1,0,3.656259084639285
2017-08-19,25,SEAFOOD,Salinas,Santa Elena,D,1,0,11.767530453422689
2017-08-19,26,AUTOMOTIVE,Guayaquil,Guayas,D,10,0,5.039678497330334
2017-08-19,26,BABY CARE,Guayaquil,Guayas,D,10,0,2.651049241630166
2017-08-19,26,BEAUTY,Guayaquil,Guayas,D,10,0,3.530780163670147
2017-08-19,26,BEVERAGES,Guayaquil,Guayas,D,10,0,898.7205619604725
2017-08-19,26,BOOKS,Guayaquil,Guayas,D,10,0,2.651049241630166
2017-08-19,26,BREAD/BAKERY,Guayaquil,Guayas,D,10,0,231.60665567518973
2017-08-19,26,CELEBRATION,Guayaquil,Guayas,D,10,0,8.995148886211032
2017-08-19,26,CLEANING,Guayaquil,Guayas,D,10,0,337.8403011050186
2017-08-19,26,DAIRY,Guayaquil,Guayas,D,10,0,259.2713778146754
2017-08-19,26,DELI,Guayaquil,Guayas,D,10,0,93.97776061757271
2017-08-19,26,EGGS,Guayaquil,Guayas,D,10,0,40.90093035748712
2017-08-19,26,FROZEN FOODS,Guayaquil,Guayas,D,10,0,39.82265183950891
2017-08-19,26,GROCERY I,Guayaquil,Guayas,D,10,0,1429.1070905336553
2017-08-19,26,GROCERY II,Guayaquil,Guayas,D,10,0,9.061405834151508
2017-08-19,26,HARDWARE,Guayaquil,Guayas,D,10,0,2.8710557248250903
2017-08-19,26,HOME AND KITCHEN I,Guayaquil,Guayas,D,10,0,11.814751605885839
2017-08-19,26,HOME AND KITCHEN II,Guayaquil,Guayas,D,10,0,9.511256576014555
2017-08-19,26,HOME APPLIANCES,Guayaquil,Guayas,D,10,0,2.7347755506004163
2017-08-19,26,HOME CARE,Guayaquil,Guayas,D,10,0,73.59860067785361
2017-08-19,26,LADIESWEAR,Guayaquil,Guayas,D,10,0,4.871212964916811
2017-08-19,26,LAWN AND GARDEN,Guayaquil,Guayas,D,10,0,6.871171376603607
2017-08-19,26,LINGERIE,Guayaquil,Guayas,D,10,0,3.8011666192913274
2017-08-19,26,"LIQUOR,WINE,BEER",Guayaquil,Guayas,D,10,0,46.775089137036304
2017-08-19,26,MAGAZINES,Guayaquil,Guayas,D,10,0,3.43017115898176
2017-08-19,26,MEATS,Guayaquil,Guayas,D,10,0,297.6952721431545
2017-08-19,26,PERSONAL CARE,Guayaquil,Guayas,D,10,0,125.90882853582902
2017-08-19,26,PET SUPPLIES,Guayaquil,Guayas,D,10,0,4.7414304348360155
2017-08-19,26,PLAYERS AND ELECTRONICS,Guayaquil,Guayas,D,10,0,4.515588970392265
2017-08-19,26,POULTRY,Guayaquil,Guayas,D,10,0,161.04416477423683
2017-08-19,26,PREPARED FOODS,Guayaquil,Guayas,D,10,0,29.622091257344557
2017-08-19,26,PRODUCE,Guayaquil,Guayas,D,10,0,489.3940932994772
2017-08-19,26,SCHOOL AND OFFICE SUPPLIES,Guayaquil,Guayas,D,10,0,2.716613848051008
2017-08-19,26,SEAFOOD,Guayaquil,Guayas,D,10,0,5.003752655668341
2017-08-19,27,AUTOMOTIVE,Daule,Guayas,D,1,0,10.124975290106763
2017-08-19,27,BABY CARE,Daule,Guayas,D,1,0,2.608896146624292
2017-08-19,27,BEAUTY,Daule,Guayas,D,1,0,3.967459611684558
2017-08-19,27,BEVERAGES,Daule,Guayas,D,1,0,3438.9171590995074
2017-08-19,27,BOOKS,Daule,Guayas,D,1,0,2.1925992213783463
2017-08-19,27,BREAD/BAKERY,Daule,Guayas,D,1,0,601.1106942360045
2017-08-19,27,CELEBRATION,Daule,Guayas,D,1,0,23.331471480624497
2017-08-19,27,CLEANING,Daule,Guayas,D,1,0,898.9081657688517
2017-08-19,27,DAIRY,Daule,Guayas,D,1,0,1055.093246508607
2017-08-19,27,DELI,Daule,Guayas,D,1,0,323.2665545882326
2017-08-19,27,EGGS,Daule,Guayas,D,1,0,262.9976540957535
2017-08-19,27,FROZEN FOODS,Daule,Guayas,D,1,0,228.19923654901126
2017-08-19,27,GROCERY I,Daule,Guayas,D,1,0,3967.7983093059456
2017-08-19,27,GROCERY II,Daule,Guayas,D,1,0,38.875765603889036
2017-08-19,27,HARDWARE,Daule,Guayas,D,1,0,6.104336080305619
2017-08-19,27,HOME AND KITCHEN I,Daule,Guayas,D,1,0,24.646348583797888
2017-08-19,27,HOME AND KITCHEN II,Daule,Guayas,D,1,0,34.01739609407658
2017-08-19,27,HOME APPLIANCES,Daule,Guayas,D,1,0,2.165814113175258
2017-08-19,27,HOME CARE,Daule,Guayas,D,1,0,217.80906315525826
2017-08-19,27,LADIESWEAR,Daule,Guayas,D,1,0,13.187730161673304
2017-08-19,27,LAWN AND GARDEN,Daule,Guayas,D,1,0,44.69468531897065
2017-08-19,27,LINGERIE,Daule,Guayas,D,1,0,13.229420596837956
2017-08-19,27,"LIQUOR,WINE,BEER",Daule,Guayas,D,1,0,426.604721264318
2017-08-19,27,MAGAZINES,Daule,Guayas,D,1,0,7.135801794491557
2017-08-19,27,MEATS,Daule,Guayas,D,1,0,312.2600996654021
2017-08-19,27,PERSONAL CARE,Daule,Guayas,D,1,0,267.27582395537286
2017-08-19,27,PET SUPPLIES,Daule,Guayas,D,1,0,12.66566049895796
2017-08-19,27,PLAYERS AND ELECTRONICS,Daule,Guayas,D,1,0,12.727547695121272
2017-08-19,27,POULTRY,Daule,Guayas,D,1,0,404.7085103385159
2017-08-19,27,PREPARED FOODS,Daule,Guayas,D,1,0,100.80387902702842
2017-08-19,27,PRODUCE,Daule,Guayas,D,1,0,2769.039118043301
2017-08-19,27,SCHOOL AND OFFICE SUPPLIES,Daule,Guayas,D,1,0,2.957218198699736
2017-08-19,27,SEAFOOD,Daule,Guayas,D,1,0,22.95266267655399
2017-08-19,28,AUTOMOTIVE,Guayaquil,Guayas,E,10,0,7.285168111408349
2017-08-19,28,BABY CARE,Guayaquil,Guayas,E,10,0,2.1331720641026957
2017-08-19,28,BEAUTY,Guayaquil,Guayas,E,10,0,4.841126075674629
2017-08-19,28,BEVERAGES,Guayaquil,Guayas,E,10,0,3844.2950696312355
2017-08-19,28,BOOKS,Guayaquil,Guayas,E,10,0,2.1331720641026957
2017-08-19,28,BREAD/BAKERY,Guayaquil,Guayas,E,10,0,673.4358190249276
2017-08-19,28,CELEBRATION,Guayaquil,Guayas,E,10,0,18.835650842220335
2017-08-19,28,CLEANING,Guayaquil,Guayas,E,10,0,1467.4881295516902
2017-08-19,28,DAIRY,Guayaquil,Guayas,E,10,0,869.4567417064434
2017-08-19,28,DELI,Guayaquil,Guayas,E,10,0,371.0461918091599
2017-08-19,28,EGGS,Guayaquil,Guayas,E,10,0,225.5225023024853
2017-08-19,28,FROZEN FOODS,Guayaquil,Guayas,E,10,0,108.20246632468144
2017-08-19,28,GROCERY I,Guayaquil,Guayas,E,10,0,5742.996393932834
2017-08-19,28,GROCERY II,Guayaquil,Guayas,E,10,0,29.198875541280888
2017-08-19,28,HARDWARE,Guayaquil,Guayas,E,10,0,2.6097213233899828
2017-08-19,28,HOME AND KITCHEN I,Guayaquil,Guayas,E,10,0,38.21146984726946
2017-08-19,28,HOME AND KITCHEN II,Guayaquil,Guayas,E,10,0,26.441848141133896
2017-08-19,28,HOME APPLIANCES,Guayaquil,Guayas,E,10,0,2.5855493688416438
2017-08-19,28,HOME CARE,Guayaquil,Guayas,E,10,0,299.5068759535893
2017-08-19,28,LADIESWEAR,Guayaquil,Guayas,E,10,0,6.394366636674564
2017-08-19,28,LAWN AND GARDEN,Guayaquil,Guayas,E,10,0,12.02895814369015
2017-08-19,28,LINGERIE,Guayaquil,Guayas,E,10,0,9.076173435136695
2017-08-19,28,"LIQUOR,WINE,BEER",Guayaquil,Guayas,E,10,0,102.0630152961086
2017-08-19,28,MAGAZINES,Guayaquil,Guayas,E,10,0,3.1112267540311653
2017-08-19,28,MEATS,Guayaquil,Guayas,E,10,0,197.34569996109474
2017-08-19,28,PERSONAL CARE,Guayaquil,Guayas,E,10,0,317.00982409705017
2017-08-19,28,PET SUPPLIES,Guayaquil,Guayas,E,10,0,6.986920048914032
2017-08-19,28,PLAYERS AND ELECTRONICS,Guayaquil,Guayas,E,10,0,7.2704633838468
2017-08-19,28,POULTRY,Guayaquil,Guayas,E,10,0,235.53427559030925
2017-08-19,28,PREPARED FOODS,Guayaquil,Guayas,E,10,0,84.41424043928583
2017-08-19,28,PRODUCE,Guayaquil,Guayas,E,10,0,1641.3824254069687
2017-08-19,28,SCHOOL AND OFFICE SUPPLIES,Guayaquil,Guayas,E,10,0,2.904777105343986
2017-08-19,28,SEAFOOD,Guayaquil,Guayas,E,10,0,8.021092095774138
2017-08-19,29,AUTOMOTIVE,Guayaquil,Guayas,E,10,0,6.87890525612841
2017-08-19,29,BABY CARE,Guayaquil,Guayas,E,10,0,2.3065489689721304
2017-08-19,29,BEAUTY,Guayaquil,Guayas,E,10,0,6.314259859659702
2017-08-19,29,BEVERAGES,Guayaquil,Guayas,E,10,0,3237.838589557313
2017-08-19,29,BOOKS,Guayaquil,Guayas,E,10,0,2.1331720641026957
2017-08-19,29,BREAD/BAKERY,Guayaquil,Guayas,E,10,0,684.3388902771359
2017-08-19,29,CELEBRATION,Guayaquil,Guayas,E,10,0,15.54806384844239
2017-08-19,29,CLEANING,Guayaquil,Guayas,E,10,0,1068.2659014828553
2017-08-19,29,DAIRY,Guayaquil,Guayas,E,10,0,741.9317347271077
2017-08-19,29,DELI,Guayaquil,Guayas,E,10,0,283.1812840356159
2017-08-19,29,EGGS,Guayaquil,Guayas,E,10,0,215.87137170202536
2017-08-19,29,FROZEN FOODS,Guayaquil,Guayas,E,10,0,130.46427882247244
2017-08-19,29,GROCERY I,Guayaquil,Guayas,E,10,0,4171.899278042448
2017-08-19,29,GROCERY II,Guayaquil,Guayas,E,10,0,23.395099429567026
2017-08-19,29,HARDWARE,Guayaquil,Guayas,E,10,0,3.086771215024743
2017-08-19,29,HOME AND KITCHEN I,Guayaquil,Guayas,E,10,0,35.253433026325865
2017-08-19,29,HOME AND KITCHEN II,Guayaquil,Guayas,E,10,0,26.040400651611662
2017-08-19,29,HOME APPLIANCES,Guayaquil,Guayas,E,10,0,2.1063869558996076
2017-08-19,29,HOME CARE,Guayaquil,Guayas,E,10,0,259.38215078298873
2017-08-19,29,LADIESWEAR,Guayaquil,Guayas,E,10,0,5.926731978060096
2017-08-19,29,LAWN AND GARDEN,Guayaquil,Guayas,E,10,0,6.757753466597111
2017-08-19,29,LINGERIE,Guayaquil,Guayas,E,10,0,7.774650184293699
2017-08-19,29,"LIQUOR,WINE,BEER",Guayaquil,Guayas,E,10,0,180.87457822502142
2017-08-19,29,MAGAZINES,Guayaquil,Guayas,E,10,0,3.6458866491814117
2017-08-19,29,MEATS,Guayaquil,Guayas,E,10,0,107.7445075934881
2017-08-19,29,PERSONAL CARE,Guayaquil,Guayas,E,10,0,234.07597348313342
2017-08-19,29,PET SUPPLIES,Guayaquil,Guayas,E,10,0,4.592204253077239
2017-08-19,29,PLAYERS AND ELECTRONICS,Guayaquil,Guayas,E,10,0,8.955253962565296
2017-08-19,29,POULTRY,Guayaquil,Guayas,E,10,0,183.95280813778749
2017-08-19,29,PREPARED FOODS,Guayaquil,Guayas,E,10,0,75.40567230366763
2017-08-19,29,PRODUCE,Guayaquil,Guayas,E,10,0,1189.9246233279632
2017-08-19,29,SCHOOL AND OFFICE SUPPLIES,Guayaquil,Guayas,E,10,0,2.8688512636819925
2017-08-19,29,SEAFOOD,Guayaquil,Guayas,E,10,0,9.005884531788837
2017-08-19,30,AUTOMOTIVE,Guayaquil,Guayas,C,3,0,4.619572749175685
2017-08-19,30,BABY CARE,Guayaquil,Guayas,C,3,0,2.3414549106488565
2017-08-19,30,BEAUTY,Guayaquil,Guayas,C,3,0,2.7349924915026618
2017-08-19,30,BEVERAGES,Guayaquil,Guayas,C,3,0,1680.806776032846
2017-08-19,30,BOOKS,Guayaquil,Guayas,C,3,0,1.8622924977068134
2017-08-19,30,BREAD/BAKERY,Guayaquil,Guayas,C,3,0,182.5589181676557
2017-08-19,30,CELEBRATION,Guayaquil,Guayas,C,3,0,7.173875060392174
2017-08-19,30,CLEANING,Guayaquil,Guayas,C,3,0,485.82104040786976
2017-08-19,30,DAIRY,Guayaquil,Guayas,C,3,0,281.51994271788175
2017-08-19,30,DELI,Guayaquil,Guayas,C,3,0,126.99110560397504
2017-08-19,30,EGGS,Guayaquil,Guayas,C,3,0,136.14490942960543
2017-08-19,30,FROZEN FOODS,Guayaquil,Guayas,C,3,0,60.914421943448524
2017-08-19,30,GROCERY I,Guayaquil,Guayas,C,3,0,2231.3316882340832
2017-08-19,30,GROCERY II,Guayaquil,Guayas,C,3,0,10.452299606696581
2017-08-19,30,HARDWARE,Guayaquil,Guayas,C,3,0,2.3388417569941073
2017-08-19,30,HOME AND KITCHEN I,Guayaquil,Guayas,C,3,0,14.869374829180714
2017-08-19,30,HOME AND KITCHEN II,Guayaquil,Guayas,C,3,0,8.831139010838806
2017-08-19,30,HOME APPLIANCES,Guayaquil,Guayas,C,3,0,1.8355073895037248
2017-08-19,30,HOME CARE,Guayaquil,Guayas,C,3,0,223.47001718785896
2017-08-19,30,LADIESWEAR,Guayaquil,Guayas,C,3,0,4.75257081415192
2017-08-19,30,LAWN AND GARDEN,Guayaquil,Guayas,C,3,0,2.884227157592545
2017-08-19,30,LINGERIE,Guayaquil,Guayas,C,3,0,4.122590341166118
2017-08-19,30,"LIQUOR,WINE,BEER",Guayaquil,Guayas,C,3,0,65.85655827765011
2017-08-19,30,MAGAZINES,Guayaquil,Guayas,C,3,0,3.103920891971793
2017-08-19,30,MEATS,Guayaquil,Guayas,C,3,0,65.86434879741206
2017-08-19,30,PERSONAL CARE,Guayaquil,Guayas,C,3,0,100.19176095073523
2017-08-19,30,PET SUPPLIES,Guayaquil,Guayas,C,3,0,3.46015687196773
2017-08-19,30,PLAYERS AND ELECTRONICS,Guayaquil,Guayas,C,3,0,6.263253749571181
2017-08-19,30,POULTRY,Guayaquil,Guayas,C,3,0,117.70646952750121
2017-08-19,30,PREPARED FOODS,Guayaquil,Guayas,C,3,0,30.09126529266463
2017-08-19,30,PRODUCE,Guayaquil,Guayas,C,3,0,530.6856888524727
2017-08-19,30,SCHOOL AND OFFICE SUPPLIES,Guayaquil,Guayas,C,3,0,1.8173456869543165
2017-08-19,30,SEAFOOD,Guayaquil,Guayas,C,3,0,6.242032635470737
2017-08-19,31,AUTOMOTIVE,Babahoyo,Los Rios,B,10,0,7.733861480707383
2017-08-19,31,BABY CARE,Babahoyo,Los Rios,B,10,0,0.3445218344150707
2017-08-19,31,BEAUTY,Babahoyo,Los Rios,B,10,0,2.6847805435242447
2017-08-19,31,BEVERAGES,Babahoyo,Los Rios,B,10,0,3249.3309388044836
2017-08-19,31,BOOKS,Babahoyo,Los Rios,B,10,0,0.3445218344150707
2017-08-19,31,BREAD/BAKERY,Babahoyo,Los Rios,B,10,0,566.334994487057
2017-08-19,31,CELEBRATION,Babahoyo,Los Rios,B,10,0,9.295022157265272
2017-08-19,31,CLEANING,Babahoyo,Los Rios,B,10,0,1377.8226386095523
2017-08-19,31,DAIRY,Babahoyo,Los Rios,B,10,0,756.9545421093994
2017-08-19,31,DELI,Babahoyo,Los Rios,B,10,0,292.05577045228205
2017-08-19,31,EGGS,Babahoyo,Los Rios,B,10,0,265.6013300289883
2017-08-19,31,FROZEN FOODS,Babahoyo,Los Rios,B,10,0,150.86658267584656
2017-08-19,31,GROCERY I,Babahoyo,Los Rios,B,10,0,4948.170559466302
2017-08-19,31,GROCERY II,Babahoyo,Los Rios,B,10,0,14.37406602667078
2017-08-19,31,HARDWARE,Babahoyo,Los Rios,B,10,0,1.8707360812667566
2017-08-19,31,HOME AND KITCHEN I,Babahoyo,Los Rios,B,10,0,26.783881091268544
2017-08-19,31,HOME AND KITCHEN II,Babahoyo,Los Rios,B,10,0,21.795503777780315
2017-08-19,31,HOME APPLIANCES,Babahoyo,Los Rios,B,10,0,0.3177367262119824
2017-08-19,31,HOME CARE,Babahoyo,Los Rios,B,10,0,304.22195150618865
2017-08-19,31,LADIESWEAR,Babahoyo,Los Rios,B,10,0,5.163904113996197
2017-08-19,31,LAWN AND GARDEN,Babahoyo,Los Rios,B,10,0,7.144451910901005
2017-08-19,31,LINGERIE,Babahoyo,Los Rios,B,10,0,7.733861480707383
2017-08-19,31,"LIQUOR,WINE,BEER",Babahoyo,Los Rios,B,10,0,33.1819269336299
2017-08-19,31,MAGAZINES,Babahoyo,Los Rios,B,10,0,2.464046777346119
2017-08-19,31,MEATS,Babahoyo,Los Rios,B,10,0,361.56071754513533
2017-08-19,31,PERSONAL CARE,Babahoyo,Los Rios,B,10,0,282.9196911943043
2017-08-19,31,PET SUPPLIES,Babahoyo,Los Rios,B,10,0,6.078789645972841
2017-08-19,31,PLAYERS AND ELECTRONICS,Babahoyo,Los Rios,B,10,0,6.656591921753136
2017-08-19,31,POULTRY,Babahoyo,Los Rios,B,10,0,138.5466418931167
2017-08-19,31,PREPARED FOODS,Babahoyo,Los Rios,B,10,0,86.33124530410959
2017-08-19,31,PRODUCE,Babahoyo,Los Rios,B,10,0,1324.3276473203384
2017-08-19,31,SCHOOL AND OFFICE SUPPLIES,Babahoyo,Los Rios,B,10,0,1.9405106438453428
2017-08-19,31,SEAFOOD,Babahoyo,Los Rios,B,10,0,7.208539998049534
2017-08-19,32,AUTOMOTIVE,Guayaquil,Guayas,C,3,0,4.11018794979918
2017-08-19,32,BABY CARE,Guayaquil,Guayas,C,3,0,1.8622924977068134
2017-08-19,32,BEAUTY,Guayaquil,Guayas,C,3,0,3.204529896660179
2017-08-19,32,BEVERAGES,Guayaquil,Guayas,C,3,0,1152.6111077869448
2017-08-19,32,BOOKS,Guayaquil,Guayas,C,3,0,1.8622924977068134
2017-08-19,32,BREAD/BAKERY,Guayaquil,Guayas,C,3,0,128.00331872553275
2017-08-19,32,CELEBRATION,Guayaquil,Guayas,C,3,0,6.3423727708097974
2017-08-19,32,CLEANING,Guayaquil,Guayas,C,3,0,743.0331885622282
2017-08-19,32,DAIRY,Guayaquil,Guayas,C,3,0,173.01767373125142
2017-08-19,32,DELI,Guayaquil,Guayas,C,3,0,107.21997237945656
2017-08-19,32,EGGS,Guayaquil,Guayas,C,3,0,167.92737257019536
2017-08-19,32,FROZEN FOODS,Guayaquil,Guayas,C,3,0,26.433205112138257
2017-08-19,32,GROCERY I,Guayaquil,Guayas,C,3,0,1878.7468513843976
2017-08-19,32,GROCERY II,Guayaquil,Guayas,C,3,0,5.1559831926494795
2017-08-19,32,HARDWARE,Guayaquil,Guayas,C,3,0,2.228330339820769
2017-08-19,32,HOME AND KITCHEN I,Guayaquil,Guayas,C,3,0,9.074378320171446
2017-08-19,32,HOME AND KITCHEN II,Guayaquil,Guayas,C,3,0,9.153714748607252
2017-08-19,32,HOME APPLIANCES,Guayaquil,Guayas,C,3,0,2.2041583852724296
2017-08-19,32,HOME CARE,Guayaquil,Guayas,C,3,0,100.07977355522236
2017-08-19,32,LADIESWEAR,Guayaquil,Guayas,C,3,0,4.077022095252326
2017-08-19,32,LAWN AND GARDEN,Guayaquil,Guayas,C,3,0,2.884227157592545
2017-08-19,32,LINGERIE,Guayaquil,Guayas,C,3,0,3.5704162488501017
2017-08-19,32,"LIQUOR,WINE,BEER",Guayaquil,Guayas,C,3,0,69.05211329975336
2017-08-19,32,MAGAZINES,Guayaquil,Guayas,C,3,0,2.74649170649061
2017-08-19,32,MEATS,Guayaquil,Guayas,C,3,0,65.86434879741206
2017-08-19,32,PERSONAL CARE,Guayaquil,Guayas,C,3,0,84.77784836926706
2017-08-19,32,PET SUPPLIES,Guayaquil,Guayas,C,3,0,3.0828128086423625
2017-08-19,32,PLAYERS AND ELECTRONICS,Guayaquil,Guayas,C,3,0,3.7312978155335568
2017-08-19,32,POULTRY,Guayaquil,Guayas,C,3,0,63.32429807797544
2017-08-19,32,PREPARED FOODS,Guayaquil,Guayas,C,3,0,20.726786446541535
2017-08-19,32,PRODUCE,Guayaquil,Guayas,C,3,0,258.6849108718115
2017-08-19,32,SCHOOL AND OFFICE SUPPLIES,Guayaquil,Guayas,C,3,0,1.8173456869543165
2017-08-19,32,SEAFOOD,Guayaquil,Guayas,C,3,0,4.158516182828103
2017-08-19,33,AUTOMOTIVE,Quevedo,Los Rios,C,3,0,7.731646262612976
2017-08-19,33,BABY CARE,Quevedo,Los Rios,C,3,0,0.4926381830909884
2017-08-19,33,BEAUTY,Quevedo,Los Rios,C,3,0,3.7638010496680763
2017-08-19,33,BEVERAGES,Quevedo,Los Rios,C,3,0,2480.9782368354086
2017-08-19,33,BOOKS,Quevedo,Los Rios,C,3,0,0.4926381830909884
2017-08-19,33,BREAD/BAKERY,Quevedo,Los Rios,C,3,0,230.18155615845936
2017-08-19,33,CELEBRATION,Quevedo,Los Rios,C,3,0,9.55831897455654
2017-08-19,33,CLEANING,Quevedo,Los Rios,C,3,0,984.9746078373046
2017-08-19,33,DAIRY,Quevedo,Los Rios,C,3,0,490.43603055844005
2017-08-19,33,DELI,Quevedo,Los Rios,C,3,0,185.58673098228994
2017-08-19,33,EGGS,Quevedo,Los Rios,C,3,0,185.82203271753454
2017-08-19,33,FROZEN FOODS,Quevedo,Los Rios,C,3,0,116.3632971825555
2017-08-19,33,GROCERY I,Quevedo,Los Rios,C,3,0,3161.3125694727833
2017-08-19,33,GROCERY II,Quevedo,Los Rios,C,3,0,6.445413926940057
2017-08-19,33,HARDWARE,Quevedo,Los Rios,C,3,0,1.4264796100014385
2017-08-19,33,HOME AND KITCHEN I,Quevedo,Los Rios,C,3,0,50.61708577314793
2017-08-19,33,HOME AND KITCHEN II,Quevedo,Los Rios,C,3,0,22.59195377097593
2017-08-19,33,HOME APPLIANCES,Quevedo,Los Rios,C,3,0,0.4658530748879001
2017-08-19,33,HOME CARE,Quevedo,Los Rios,C,3,0,363.0718725206762
2017-08-19,33,LADIESWEAR,Quevedo,Los Rios,C,3,0,4.343500323087042
2017-08-19,33,LAWN AND GARDEN,Quevedo,Los Rios,C,3,0,1.9718650105998816
2017-08-19,33,LINGERIE,Quevedo,Los Rios,C,3,0,12.985826130567798
2017-08-19,33,"LIQUOR,WINE,BEER",Quevedo,Los Rios,C,3,0,81.50094150612492
2017-08-19,33,MAGAZINES,Quevedo,Los Rios,C,3,0,2.498952719022846
2017-08-19,33,MEATS,Quevedo,Los Rios,C,3,0,296.23965432062266
2017-08-19,33,PERSONAL CARE,Quevedo,Los Rios,C,3,0,218.1074526283674
2017-08-19,33,PET SUPPLIES,Quevedo,Los Rios,C,3,0,3.1063600119883437
2017-08-19,33,PLAYERS AND ELECTRONICS,Quevedo,Los Rios,C,3,0,4.019482777727697
2017-08-19,33,POULTRY,Quevedo,Los Rios,C,3,0,243.99877854329128
2017-08-19,33,PREPARED FOODS,Quevedo,Los Rios,C,3,0,38.146569563420876
2017-08-19,33,PRODUCE,Quevedo,Los Rios,C,3,0,1266.8131771303847
2017-08-19,33,SCHOOL AND OFFICE SUPPLIES,Quevedo,Los Rios,C,3,0,0.4476913723384917
2017-08-19,33,SEAFOOD,Quevedo,Los Rios,C,3,0,2.6842874327495507
2017-08-19,34,AUTOMOTIVE,Guayaquil,Guayas,B,6,0,6.661028550542529
2017-08-19,34,BABY CARE,Guayaquil,Guayas,B,6,0,2.649939408547312
2017-08-19,34,BEAUTY,Guayaquil,Guayas,B,6,0,3.7190257083007148
2017-08-19,34,BEVERAGES,Guayaquil,Guayas,B,6,0,2757.2209081006754
2017-08-19,34,BOOKS,Guayaquil,Guayas,B,6,0,2.281288412778614
2017-08-19,34,BREAD/BAKERY,Guayaquil,Guayas,B,6,0,718.935503355272
2017-08-19,34,CELEBRATION,Guayaquil,Guayas,B,6,0,12.147744904158573
2017-08-19,34,CLEANING,Guayaquil,Guayas,B,6,0,924.5097617073269
2017-08-19,34,DAIRY,Guayaquil,Guayas,B,6,0,680.7235695792037
2017-08-19,34,DELI,Guayaquil,Guayas,B,6,0,212.80743404881434
2017-08-19,34,EGGS,Guayaquil,Guayas,B,6,0,124.22777321852513
2017-08-19,34,FROZEN FOODS,Guayaquil,Guayas,B,6,0,70.86697612565862
2017-08-19,34,GROCERY I,Guayaquil,Guayas,B,6,0,4492.526239899473
2017-08-19,34,GROCERY II,Guayaquil,Guayas,B,6,0,13.931268084063106
2017-08-19,34,HARDWARE,Guayaquil,Guayas,B,6,0,3.3228749737921612
2017-08-19,34,HOME AND KITCHEN I,Guayaquil,Guayas,B,6,0,28.819587311282376
2017-08-19,34,HOME AND KITCHEN II,Guayaquil,Guayas,B,6,0,41.731347583666874
2017-08-19,34,HOME APPLIANCES,Guayaquil,Guayas,B,6,0,2.254503304575526
2017-08-19,34,HOME CARE,Guayaquil,Guayas,B,6,0,199.54554196344586
2017-08-19,34,LADIESWEAR,Guayaquil,Guayas,B,6,0,5.300091203539221
2017-08-19,34,LAWN AND GARDEN,Guayaquil,Guayas,B,6,0,6.575802602673223
2017-08-19,34,LINGERIE,Guayaquil,Guayas,B,6,0,5.038568664247478
2017-08-19,34,"LIQUOR,WINE,BEER",Guayaquil,Guayas,B,6,0,47.8001692752806
2017-08-19,34,MAGAZINES,Guayaquil,Guayas,B,6,0,4.888633419662158
2017-08-19,34,MEATS,Guayaquil,Guayas,B,6,0,148.71807129546755
2017-08-19,34,PERSONAL CARE,Guayaquil,Guayas,B,6,0,307.0776175627645
2017-08-19,34,PET SUPPLIES,Guayaquil,Guayas,B,6,0,6.398706329710205
2017-08-19,34,PLAYERS AND ELECTRONICS,Guayaquil,Guayas,B,6,0,7.606741498270111
2017-08-19,34,POULTRY,Guayaquil,Guayas,B,6,0,151.8605971017693
2017-08-19,34,PREPARED FOODS,Guayaquil,Guayas,B,6,0,40.65925744484548
2017-08-19,34,PRODUCE,Guayaquil,Guayas,B,6,0,657.1455626750493
2017-08-19,34,SCHOOL AND OFFICE SUPPLIES,Guayaquil,Guayas,B,6,0,5.952157703315047
2017-08-19,34,SEAFOOD,Guayaquil,Guayas,B,6,0,4.200924299828875
2017-08-19,35,AUTOMOTIVE,Playas,Guayas,C,3,0,3.7862617667590075
2017-08-19,35,BABY CARE,Playas,Guayas,C,3,0,0.4926381830909884
2017-08-19,35,BEAUTY,Playas,Guayas,C,3,0,2.413900977128369
2017-08-19,35,BEVERAGES,Playas,Guayas,C,3,0,1809.4532233111333
2017-08-19,35,BOOKS,Playas,Guayas,C,3,0,0.4926381830909884
2017-08-19,35,BREAD/BAKERY,Playas,Guayas,C,3,0,120.42073489213834
2017-08-19,35,CELEBRATION,Playas,Guayas,C,3,0,3.1420567535697965
2017-08-19,35,CLEANING,Playas,Guayas,C,3,0,513.317539606283
2017-08-19,35,DAIRY,Playas,Guayas,C,3,0,200.68922876145558
2017-08-19,35,DELI,Playas,Guayas,C,3,0,123.27548919891993
2017-08-19,35,EGGS,Playas,Guayas,C,3,0,190.77878131834737
2017-08-19,35,FROZEN FOODS,Playas,Guayas,C,3,0,95.29779826154127
2017-08-19,35,GROCERY I,Playas,Guayas,C,3,0,2153.4423133451137
2017-08-19,35,GROCERY II,Playas,Guayas,C,3,0,6.269339871733795
2017-08-19,35,HARDWARE,Playas,Guayas,C,3,0,1.4264796100014385
2017-08-19,35,HOME AND KITCHEN I,Playas,Guayas,C,3,0,12.8845444996511
2017-08-19,35,HOME AND KITCHEN II,Playas,Guayas,C,3,0,4.779914462678068
2017-08-19,35,HOME APPLIANCES,Playas,Guayas,C,3,0,1.402307655453099
2017-08-19,35,HOME CARE,Playas,Guayas,C,3,0,117.12463207536665
2017-08-19,35,LADIESWEAR,Playas,Guayas,C,3,0,3.6188049630764274
2017-08-19,35,LAWN AND GARDEN,Playas,Guayas,C,3,0,1.9718650105998816
2017-08-19,35,LINGERIE,Playas,Guayas,C,3,0,2.4616677958998774
2017-08-19,35,"LIQUOR,WINE,BEER",Playas,Guayas,C,3,0,118.30898547110002
2017-08-19,35,MAGAZINES,Playas,Guayas,C,3,0,2.3132919724399827
2017-08-19,35,MEATS,Playas,Guayas,C,3,0,147.0534356119695
2017-08-19,35,PERSONAL CARE,Playas,Guayas,C,3,0,74.81322043350883
2017-08-19,35,PET SUPPLIES,Playas,Guayas,C,3,0,2.3860393702552334
2017-08-19,35,PLAYERS AND ELECTRONICS,Playas,Guayas,C,3,0,2.6695827051880037
2017-08-19,35,POULTRY,Playas,Guayas,C,3,0,63.181660659528276
2017-08-19,35,PREPARED FOODS,Playas,Guayas,C,3,0,30.266953195980356
2017-08-19,35,PRODUCE,Playas,Guayas,C,3,0,430.03393818061073
2017-08-19,35,SCHOOL AND OFFICE SUPPLIES,Playas,Guayas,C,3,0,0.4476913723384917
2017-08-19,35,SEAFOOD,Playas,Guayas,C,3,0,3.3128028090444768
2017-08-19,36,AUTOMOTIVE,Libertad,Guayas,E,10,0,6.897395624422057
2017-08-19,36,BABY CARE,Libertad,Guayas,E,10,0,2.1875882740583363
2017-08-19,36,BEAUTY,Libertad,Guayas,E,10,0,3.266251968675193
2017-08-19,36,BEVERAGES,Libertad,Guayas,E,10,0,3658.467059077087
2017-08-19,36,BOOKS,Libertad,Guayas,E,10,0,2.1875882740583363
2017-08-19,36,BREAD/BAKERY,Libertad,Guayas,E,10,0,521.3960859721257
2017-08-19,36,CELEBRATION,Libertad,Guayas,E,10,0,12.127316382428114
2017-08-19,36,CLEANING,Libertad,Guayas,E,10,0,891.6145323827869
2017-08-19,36,DAIRY,Libertad,Guayas,E,10,0,590.8715319649275
2017-08-19,36,DELI,Libertad,Guayas,E,10,0,201.36530630099307
2017-08-19,36,EGGS,Libertad,Guayas,E,10,0,166.49151416937931
2017-08-19,36,FROZEN FOODS,Libertad,Guayas,E,10,0,184.3984821239479
2017-08-19,36,GROCERY I,Libertad,Guayas,E,10,0,3728.0218156188416
2017-08-19,36,GROCERY II,Libertad,Guayas,E,10,0,11.913624525462724
2017-08-19,36,HARDWARE,Libertad,Guayas,E,10,0,2.6641375333456234
2017-08-19,36,HOME AND KITCHEN I,Libertad,Guayas,E,10,0,35.324628537394545
2017-08-19,36,HOME AND KITCHEN II,Libertad,Guayas,E,10,0,10.264029473050726
2017-08-19,36,HOME APPLIANCES,Libertad,Guayas,E,10,0,2.1608031658552482
2017-08-19,36,HOME CARE,Libertad,Guayas,E,10,0,223.59270932752744
2017-08-19,36,LADIESWEAR,Libertad,Guayas,E,10,0,4.715121380570768
2017-08-19,36,LAWN AND GARDEN,Libertad,Guayas,E,10,0,31.394009392505016
2017-08-19,36,LINGERIE,Libertad,Guayas,E,10,0,4.944868525527202
2017-08-19,36,"LIQUOR,WINE,BEER",Libertad,Guayas,E,10,0,156.94879978719743
2017-08-19,36,MAGAZINES,Libertad,Guayas,E,10,0,4.173761816851565
2017-08-19,36,MEATS,Libertad,Guayas,E,10,0,229.39283438252394
2017-08-19,36,PERSONAL CARE,Libertad,Guayas,E,10,0,212.60443284280436
2017-08-19,36,PET SUPPLIES,Libertad,Guayas,E,10,0,6.635073403589734
2017-08-19,36,PLAYERS AND ELECTRONICS,Libertad,Guayas,E,10,0,4.469107231618066
2017-08-19,36,POULTRY,Libertad,Guayas,E,10,0,129.08843640979802
2017-08-19,36,PREPARED FOODS,Libertad,Guayas,E,10,0,49.12634455931429
2017-08-19,36,PRODUCE,Libertad,Guayas,E,10,0,1368.977490663496
2017-08-19,36,SCHOOL AND OFFICE SUPPLIES,Libertad,Guayas,E,10,0,2.827767577068892
2017-08-19,36,SEAFOOD,Libertad,Guayas,E,10,0,4.071298319446607
2017-08-19,37,AUTOMOTIVE,Cuenca,Azuay,D,2,0,5.271717217950799
2017-08-19,37,BABY CARE,Cuenca,Azuay,D,2,0,3.2930989254224676
2017-08-19,37,BEAUTY,Cuenca,Azuay,D,2,0,10.060282689477221
2017-08-19,37,BEVERAGES,Cuenca,Azuay,D,2,0,2588.3834026203062
2017-08-19,37,BOOKS,Cuenca,Azuay,D,2,0,3.2930989254224676
2017-08-19,37,BREAD/BAKERY,Cuenca,Azuay,D,2,0,470.30177579219236
2017-08-19,37,CELEBRATION,Cuenca,Azuay,D,2,0,9.263113448493492
2017-08-19,37,CLEANING,Cuenca,Azuay,D,2,0,871.5103634096009
2017-08-19,37,DAIRY,Cuenca,Azuay,D,2,0,856.7087642723202
2017-08-19,37,DELI,Cuenca,Azuay,D,2,0,137.29717202512964
2017-08-19,37,EGGS,Cuenca,Azuay,D,2,0,124.30185881718715
2017-08-19,37,FROZEN FOODS,Cuenca,Azuay,D,2,0,120.67160901818268
2017-08-19,37,GROCERY I,Cuenca,Azuay,D,2,0,3313.741485158919
2017-08-19,37,GROCERY II,Cuenca,Azuay,D,2,0,43.122906167629075
2017-08-19,37,HARDWARE,Cuenca,Azuay,D,2,0,3.7675356634024784
2017-08-19,37,HOME AND KITCHEN I,Cuenca,Azuay,D,2,0,35.110096691478425
2017-08-19,37,HOME AND KITCHEN II,Cuenca,Azuay,D,2,0,28.77749017454408
2017-08-19,37,HOME APPLIANCES,Cuenca,Azuay,D,2,0,3.2663138172193795
2017-08-19,37,HOME CARE,Cuenca,Azuay,D,2,0,219.12318039755218
2017-08-19,37,LADIESWEAR,Cuenca,Azuay,D,2,0,25.97835708446719
2017-08-19,37,LAWN AND GARDEN,Cuenca,Azuay,D,2,0,21.596355359721976
2017-08-19,37,LINGERIE,Cuenca,Azuay,D,2,0,4.622671965991277
2017-08-19,37,"LIQUOR,WINE,BEER",Cuenca,Azuay,D,2,0,148.13588509625137
2017-08-19,37,MAGAZINES,Cuenca,Azuay,D,2,0,14.751438235057234
2017-08-19,37,MEATS,Cuenca,Azuay,D,2,0,214.69158349355317
2017-08-19,37,PERSONAL CARE,Cuenca,Azuay,D,2,0,281.7510860358165
2017-08-19,37,PET SUPPLIES,Cuenca,Azuay,D,2,0,12.876901497698737
2017-08-19,37,PLAYERS AND ELECTRONICS,Cuenca,Azuay,D,2,0,16.00480200136206
2017-08-19,37,POULTRY,Cuenca,Azuay,D,2,0,265.3047202005684
2017-08-19,37,PREPARED FOODS,Cuenca,Azuay,D,2,0,66.03174495065909
2017-08-19,37,PRODUCE,Cuenca,Azuay,D,2,0,2562.63175022422
2017-08-19,37,SCHOOL AND OFFICE SUPPLIES,Cuenca,Azuay,D,2,0,2.984578410333468
2017-08-19,37,SEAFOOD,Cuenca,Azuay,D,2,0,13.175149560193057
2017-08-19,38,AUTOMOTIVE,Loja,Loja,D,4,0,7.717025175068215
2017-08-19,38,BABY CARE,Loja,Loja,D,4,0,2.808566343501697
2017-08-19,38,BEAUTY,Loja,Loja,D,4,0,11.082071149540598
2017-08-19,38,BEVERAGES,Loja,Loja,D,4,0,2619.131278142925
2017-08-19,38,BOOKS,Loja,Loja,D,4,0,2.808566343501697
2017-08-19,38,BREAD/BAKERY,Loja,Loja,D,4,0,477.4056186195078
2017-08-19,38,CELEBRATION,Loja,Loja,D,4,0,17.700011541123807
2017-08-19,38,CLEANING,Loja,Loja,D,4,0,1118.1536031077276
2017-08-19,38,DAIRY,Loja,Loja,D,4,0,878.5010951284519
2017-08-19,38,DELI,Loja,Loja,D,4,0,164.24742708396766
2017-08-19,38,EGGS,Loja,Loja,D,4,0,105.0684785761885
2017-08-19,38,FROZEN FOODS,Loja,Loja,D,4,0,134.6822731217439
2017-08-19,38,GROCERY I,Loja,Loja,D,4,0,3936.591727629804
2017-08-19,38,GROCERY II,Loja,Loja,D,4,0,36.511418252707536
2017-08-19,38,HARDWARE,Loja,Loja,D,4,0,3.2222501150928857
2017-08-19,38,HOME AND KITCHEN I,Loja,Loja,D,4,0,45.08870842586265
2017-08-19,38,HOME AND KITCHEN II,Loja,Loja,D,4,0,46.572338740486025
2017-08-19,38,HOME APPLIANCES,Loja,Loja,D,4,0,2.781781235298609
2017-08-19,38,HOME CARE,Loja,Loja,D,4,0,388.05670862771734
2017-08-19,38,LADIESWEAR,Loja,Loja,D,4,0,31.38201915833788
2017-08-19,38,LAWN AND GARDEN,Loja,Loja,D,4,0,19.003568877977486
2017-08-19,38,LINGERIE,Loja,Loja,D,4,0,12.89418767681351
2017-08-19,38,"LIQUOR,WINE,BEER",Loja,Loja,D,4,0,215.95465862424416
2017-08-19,38,MAGAZINES,Loja,Loja,D,4,0,17.624910963455054
2017-08-19,38,MEATS,Loja,Loja,D,4,0,172.12242310363501
2017-08-19,38,PERSONAL CARE,Loja,Loja,D,4,0,440.6453267847981
2017-08-19,38,PET SUPPLIES,Loja,Loja,D,4,0,11.054209542667456
2017-08-19,38,PLAYERS AND ELECTRONICS,Loja,Loja,D,4,0,13.83068299139975
2017-08-19,38,POULTRY,Loja,Loja,D,4,0,148.24840111379578
2017-08-19,38,PREPARED FOODS,Loja,Loja,D,4,0,99.82889777455522
2017-08-19,38,PRODUCE,Loja,Loja,D,4,0,2091.137275133037
2017-08-19,38,SCHOOL AND OFFICE SUPPLIES,Loja,Loja,D,4,0,23.828700680346085
2017-08-19,38,SEAFOOD,Loja,Loja,D,4,0,19.58428238597494
2017-08-19,39,AUTOMOTIVE,Cuenca,Azuay,B,6,0,9.628708913321741
2017-08-19,39,BABY CARE,Cuenca,Azuay,B,6,0,2.7697876221538538
2017-08-19,39,BEAUTY,Cuenca,Azuay,B,6,0,5.145016479619081
2017-08-19,39,BEVERAGES,Cuenca,Azuay,B,6,0,3592.4652586646
2017-08-19,39,BOOKS,Cuenca,Azuay,B,6,0,2.7697876221538538
2017-08-19,39,BREAD/BAKERY,Cuenca,Azuay,B,6,0,686.9440605254555
2017-08-19,39,CELEBRATION,Cuenca,Azuay,B,6,0,9.113887266734716
2017-08-19,39,CLEANING,Cuenca,Azuay,B,6,0,1364.1236239470086
2017-08-19,39,DAIRY,Cuenca,Azuay,B,6,0,669.1619665774722
2017-08-19,39,DELI,Cuenca,Azuay,B,6,0,198.23712234785498
2017-08-19,39,EGGS,Cuenca,Azuay,B,6,0,293.1480392566907
2017-08-19,39,FROZEN FOODS,Cuenca,Azuay,B,6,0,102.34295173870964
2017-08-19,39,GROCERY I,Cuenca,Azuay,B,6,0,4849.658936117785
2017-08-19,39,GROCERY II,Cuenca,Azuay,B,6,0,31.73547972938332
2017-08-19,39,HARDWARE,Cuenca,Azuay,B,6,0,3.083649586493459
2017-08-19,39,HOME AND KITCHEN I,Cuenca,Azuay,B,6,0,29.657452036116343
2017-08-19,39,HOME AND KITCHEN II,Cuenca,Azuay,B,6,0,17.895336794956666
2017-08-19,39,HOME APPLIANCES,Cuenca,Azuay,B,6,0,2.7430025139507657
2017-08-19,39,HOME CARE,Cuenca,Azuay,B,6,0,367.4490860847438
2017-08-19,39,LADIESWEAR,Cuenca,Azuay,B,6,0,10.569715478236457
2017-08-19,39,LAWN AND GARDEN,Cuenca,Azuay,B,6,0,13.229064767202452
2017-08-19,39,LINGERIE,Cuenca,Azuay,B,6,0,10.104034870554253
2017-08-19,39,"LIQUOR,WINE,BEER",Cuenca,Azuay,B,6,0,100.26674115594
2017-08-19,39,MAGAZINES,Cuenca,Azuay,B,6,0,7.725041228469364
2017-08-19,39,MEATS,Cuenca,Azuay,B,6,0,169.95231839502208
2017-08-19,39,PERSONAL CARE,Cuenca,Azuay,B,6,0,329.05854031947655
2017-08-19,39,PET SUPPLIES,Cuenca,Azuay,B,6,0,7.350056832899123
2017-08-19,39,PLAYERS AND ELECTRONICS,Cuenca,Azuay,B,6,0,9.130346550712707
2017-08-19,39,POULTRY,Cuenca,Azuay,B,6,0,269.8735244447396
2017-08-19,39,PREPARED FOODS,Cuenca,Azuay,B,6,0,52.88118753868653
2017-08-19,39,PRODUCE,Cuenca,Azuay,B,6,0,1627.7036304487729
2017-08-19,39,SCHOOL AND OFFICE SUPPLIES,Cuenca,Azuay,B,6,0,9.531353259025938
2017-08-19,39,SEAFOOD,Cuenca,Azuay,B,6,0,15.297500691907498
2017-08-19,40,AUTOMOTIVE,Machala,El Oro,C,3,0,4.396885810939763
2017-08-19,40,BABY CARE,Machala,El Oro,C,3,0,1.888662228950219
2017-08-19,40,BEAUTY,Machala,El Oro,C,3,0,4.2233705149620935
2017-08-19,40,BEVERAGES,Machala,El Oro,C,3,0,5187.948742693684
2017-08-19,40,BOOKS,Machala,El Oro,C,3,0,1.888662228950219
2017-08-19,40,BREAD/BAKERY,Machala,El Oro,C,3,0,458.3197501618355
2017-08-19,40,CELEBRATION,Machala,El Oro,C,3,0,16.024017560644563
2017-08-19,40,CLEANING,Machala,El Oro,C,3,0,1918.4909520195542
2017-08-19,40,DAIRY,Machala,El Oro,C,3,0,652.0391795280274
2017-08-19,40,DELI,Machala,El Oro,C,3,0,288.849744093607
2017-08-19,40,EGGS,Machala,El Oro,C,3,0,184.06180833000712
2017-08-19,40,FROZEN FOODS,Machala,El Oro,C,3,0,90.92875788462257
2017-08-19,40,GROCERY I,Machala,El Oro,C,3,0,7045.68347513365
2017-08-19,40,GROCERY II,Machala,El Oro,C,3,0,12.434414235329028
2017-08-19,40,HARDWARE,Machala,El Oro,C,3,0,3.330237372443975
2017-08-19,40,HOME AND KITCHEN I,Machala,El Oro,C,3,0,35.032745773743
2017-08-19,40,HOME AND KITCHEN II,Machala,El Oro,C,3,0,26.9767102084906
2017-08-19,40,HOME APPLIANCES,Machala,El Oro,C,3,0,1.8618771207471305
2017-08-19,40,HOME CARE,Machala,El Oro,C,3,0,383.20273729332814
2017-08-19,40,LADIESWEAR,Machala,El Oro,C,3,0,4.557536841312492
2017-08-19,40,LAWN AND GARDEN,Machala,El Oro,C,3,0,2.91059688883595
2017-08-19,40,LINGERIE,Machala,El Oro,C,3,0,11.811189689060985
2017-08-19,40,"LIQUOR,WINE,BEER",Machala,El Oro,C,3,0,65.93492630128473
2017-08-19,40,MAGAZINES,Machala,El Oro,C,3,0,4.708007132702029
2017-08-19,40,MEATS,Machala,El Oro,C,3,0,143.10239596542627
2017-08-19,40,PERSONAL CARE,Machala,El Oro,C,3,0,326.7621770693278
2017-08-19,40,PET SUPPLIES,Machala,El Oro,C,3,0,4.523768473131035
2017-08-19,40,PLAYERS AND ELECTRONICS,Machala,El Oro,C,3,0,12.530896184611763
2017-08-19,40,POULTRY,Machala,El Oro,C,3,0,180.2893757473251
2017-08-19,40,PREPARED FOODS,Machala,El Oro,C,3,0,58.9787255768841
2017-08-19,40,PRODUCE,Machala,El Oro,C,3,0,1165.0303817569013
2017-08-19,40,SCHOOL AND OFFICE SUPPLIES,Machala,El Oro,C,3,0,1.8437154181977222
2017-08-19,40,SEAFOOD,Machala,El Oro,C,3,0,7.397229896947691
2017-08-19,41,AUTOMOTIVE,Machala,El Oro,D,4,0,10.45212588220529
2017-08-19,41,BABY CARE,Machala,El Oro,D,4,0,2.936046738722828
2017-08-19,41,BEAUTY,Machala,El Oro,D,4,0,13.020672697929626
2017-08-19,41,BEVERAGES,Machala,El Oro,D,4,0,2455.2038551677065
2017-08-19,41,BOOKS,Machala,El Oro,D,4,0,2.936046738722828
2017-08-19,41,BREAD/BAKERY,Machala,El Oro,D,4,0,568.7683120235862
2017-08-19,41,CELEBRATION,Machala,El Oro,D,4,0,12.935297475851439
2017-08-19,41,CLEANING,Machala,El Oro,D,4,0,1136.0354171200104
2017-08-19,41,DAIRY,Machala,El Oro,D,4,0,804.3245209757241
2017-08-19,41,DELI,Machala,El Oro,D,4,0,239.32291198527705
2017-08-19,41,EGGS,Machala,El Oro,D,4,0,154.01462541541946
2017-08-19,41,FROZEN FOODS,Machala,El Oro,D,4,0,215.5555656210013
2017-08-19,41,GROCERY I,Machala,El Oro,D,4,0,4228.14034213209
2017-08-19,41,GROCERY II,Machala,El Oro,D,4,0,43.39112325421572
2017-08-19,41,HARDWARE,Machala,El Oro,D,4,0,3.8984594692745413
2017-08-19,41,HOME AND KITCHEN I,Machala,El Oro,D,4,0,35.43475537326266
2017-08-19,41,HOME AND KITCHEN II,Machala,El Oro,D,4,0,34.86382178088789
2017-08-19,41,HOME APPLIANCES,Machala,El Oro,D,4,0,2.90926163051974
2017-08-19,41,HOME CARE,Machala,El Oro,D,4,0,272.64144427500247
2017-08-19,41,LADIESWEAR,Machala,El Oro,D,4,0,32.23230844340265
2017-08-19,41,LAWN AND GARDEN,Machala,El Oro,D,4,0,17.580460235639727
2017-08-19,41,LINGERIE,Machala,El Oro,D,4,0,12.383715008019237
2017-08-19,41,"LIQUOR,WINE,BEER",Machala,El Oro,D,4,0,194.18687375855438
2017-08-19,41,MAGAZINES,Machala,El Oro,D,4,0,16.380034791241805
2017-08-19,41,MEATS,Machala,El Oro,D,4,0,287.3023623104601
2017-08-19,41,PERSONAL CARE,Machala,El Oro,D,4,0,374.8089519814922
2017-08-19,41,PET SUPPLIES,Machala,El Oro,D,4,0,19.1238957457312
2017-08-19,41,PLAYERS AND ELECTRONICS,Machala,El Oro,D,4,0,13.541866461374934
2017-08-19,41,POULTRY,Machala,El Oro,D,4,0,219.79737229297396
2017-08-19,41,PREPARED FOODS,Machala,El Oro,D,4,0,74.11211327476292
2017-08-19,41,PRODUCE,Machala,El Oro,D,4,0,2201.953431484613
2017-08-19,41,SCHOOL AND OFFICE SUPPLIES,Machala,El Oro,D,4,0,3.2667818519831693
2017-08-19,41,SEAFOOD,Machala,El Oro,D,4,0,10.45212588220529
2017-08-19,42,AUTOMOTIVE,Cuenca,Azuay,D,2,0,8.46277517045066
2017-08-19,42,BABY CARE,Cuenca,Azuay,D,2,0,3.2930989254224676
2017-08-19,42,BEAUTY,Cuenca,Azuay,D,2,0,9.183255461159865
2017-08-19,42,BEVERAGES,Cuenca,Azuay,D,2,0,2364.4074332009004
2017-08-19,42,BOOKS,Cuenca,Azuay,D,2,0,3.2930989254224676
2017-08-19,42,BREAD/BAKERY,Cuenca,Azuay,D,2,0,485.6087211317431
2017-08-19,42,CELEBRATION,Cuenca,Azuay,D,2,0,11.671301475041522
2017-08-19,42,CLEANING,Cuenca,Azuay,D,2,0,738.3282697265823
2017-08-19,42,DAIRY,Cuenca,Azuay,D,2,0,893.1511982948929
2017-08-19,42,DELI,Cuenca,Azuay,D,2,0,161.2715965777758
2017-08-19,42,EGGS,Cuenca,Azuay,D,2,0,143.69462959303652
2017-08-19,42,FROZEN FOODS,Cuenca,Azuay,D,2,0,123.20199476427416
2017-08-19,42,GROCERY I,Cuenca,Azuay,D,2,0,3062.3766922870223
2017-08-19,42,GROCERY II,Cuenca,Azuay,D,2,0,31.94745748798329
2017-08-19,42,HARDWARE,Cuenca,Azuay,D,2,0,3.4964494725887345
2017-08-19,42,HOME AND KITCHEN I,Cuenca,Azuay,D,2,0,38.24748166597933
2017-08-19,42,HOME AND KITCHEN II,Cuenca,Azuay,D,2,0,34.162434980567085
2017-08-19,42,HOME APPLIANCES,Cuenca,Azuay,D,2,0,3.2663138172193795
2017-08-19,42,HOME CARE,Cuenca,Azuay,D,2,0,198.91498846994435
2017-08-19,42,LADIESWEAR,Cuenca,Azuay,D,2,0,17.407559761096
2017-08-19,42,LAWN AND GARDEN,Cuenca,Azuay,D,2,0,42.32475344105891
2017-08-19,42,LINGERIE,Cuenca,Azuay,D,2,0,7.142574586298657
2017-08-19,42,"LIQUOR,WINE,BEER",Cuenca,Azuay,D,2,0,102.8674883825857
2017-08-19,42,MAGAZINES,Cuenca,Azuay,D,2,0,12.314606544196325
2017-08-19,42,MEATS,Cuenca,Azuay,D,2,0,266.2154499275022
2017-08-19,42,PERSONAL CARE,Cuenca,Azuay,D,2,0,229.43813625707526
2017-08-19,42,PET SUPPLIES,Cuenca,Azuay,D,2,0,10.821470944715001
2017-08-19,42,PLAYERS AND ELECTRONICS,Cuenca,Azuay,D,2,0,11.592182453802904
2017-08-19,42,POULTRY,Cuenca,Azuay,D,2,0,242.2765916351774
2017-08-19,42,PREPARED FOODS,Cuenca,Azuay,D,2,0,43.546297977905695
2017-08-19,42,PRODUCE,Cuenca,Azuay,D,2,0,2435.074407169547
2017-08-19,42,SCHOOL AND OFFICE SUPPLIES,Cuenca,Azuay,D,2,0,3.360260334346306
2017-08-19,42,SEAFOOD,Cuenca,Azuay,D,2,0,13.175149560193057
2017-08-19,43,AUTOMOTIVE,Esmeraldas,Esmeraldas,E,10,0,9.169552607449882
2017-08-19,43,BABY CARE,Esmeraldas,Esmeraldas,E,10,0,2.1331720641026957
2017-08-19,43,BEAUTY,Esmeraldas,Esmeraldas,E,10,0,7.050183844025473
2017-08-19,43,BEVERAGES,Esmeraldas,Esmeraldas,E,10,0,4776.734034013919
2017-08-19,43,BOOKS,Esmeraldas,Esmeraldas,E,10,0,2.1331720641026957
2017-08-19,43,BREAD/BAKERY,Esmeraldas,Esmeraldas,E,10,0,546.0284839004238
2017-08-19,43,CELEBRATION,Esmeraldas,Esmeraldas,E,10,0,23.150098438172037
2017-08-19,43,CLEANING,Esmeraldas,Esmeraldas,E,10,0,1239.1257816514358
2017-08-19,43,DAIRY,Esmeraldas,Esmeraldas,E,10,0,681.3523748551372
2017-08-19,43,DELI,Esmeraldas,Esmeraldas,E,10,0,301.56954849114453
2017-08-19,43,EGGS,Esmeraldas,Esmeraldas,E,10,0,212.71488789514595
2017-08-19,43,FROZEN FOODS,Esmeraldas,Esmeraldas,E,10,0,120.59216778857675
2017-08-19,43,GROCERY I,Esmeraldas,Esmeraldas,E,10,0,4372.635534359719
2017-08-19,43,GROCERY II,Esmeraldas,Esmeraldas,E,10,0,20.503157986898632
2017-08-19,43,HARDWARE,Esmeraldas,Esmeraldas,E,10,0,2.130558910447947
2017-08-19,43,HOME AND KITCHEN I,Esmeraldas,Esmeraldas,E,10,0,22.120957136480364
2017-08-19,43,HOME AND KITCHEN II,Esmeraldas,Esmeraldas,E,10,0,28.697014466683562
2017-08-19,43,HOME APPLIANCES,Esmeraldas,Esmeraldas,E,10,0,2.1692524435957052
2017-08-19,43,HOME CARE,Esmeraldas,Esmeraldas,E,10,0,251.45632248567065
2017-08-19,43,LADIESWEAR,Esmeraldas,Esmeraldas,E,10,0,3.118931485943542
2017-08-19,43,LAWN AND GARDEN,Esmeraldas,Esmeraldas,E,10,0,10.59013088957032
2017-08-19,43,LINGERIE,Esmeraldas,Esmeraldas,E,10,0,4.854526473909568
2017-08-19,43,"LIQUOR,WINE,BEER",Esmeraldas,Esmeraldas,E,10,0,178.7622574586055
2017-08-19,43,MAGAZINES,Esmeraldas,Esmeraldas,E,10,0,3.6458866491814117
2017-08-19,43,MEATS,Esmeraldas,Esmeraldas,E,10,0,202.69291835908732
2017-08-19,43,PERSONAL CARE,Esmeraldas,Esmeraldas,E,10,0,281.90476882692906
2017-08-19,43,PET SUPPLIES,Esmeraldas,Esmeraldas,E,10,0,6.250472411124572
2017-08-19,43,PLAYERS AND ELECTRONICS,Esmeraldas,Esmeraldas,E,10,0,3.8625169293464237
2017-08-19,43,POULTRY,Esmeraldas,Esmeraldas,E,10,0,257.18281926209875
2017-08-19,43,PREPARED FOODS,Esmeraldas,Esmeraldas,E,10,0,109.50259817157949
2017-08-19,43,PRODUCE,Esmeraldas,Esmeraldas,E,10,0,1251.6898479946385
2017-08-19,43,SCHOOL AND OFFICE SUPPLIES,Esmeraldas,Esmeraldas,E,10,0,4.155463635535349
2017-08-19,43,SEAFOOD,Esmeraldas,Esmeraldas,E,10,0,3.651940437532555
2017-08-19,44,AUTOMOTIVE,Quito,Pichincha,A,5,0,19.444712860415112
2017-08-19,44,BABY CARE,Quito,Pichincha,A,5,0,3.6381101321722396
2017-08-19,44,BEAUTY,Quito,Pichincha,A,5,0,17.404865749329907
2017-08-19,44,BEVERAGES,Quito,Pichincha,A,5,0,13391.42538229862
2017-08-19,44,BOOKS,Quito,Pichincha,A,5,0,3.6381101321722396
2017-08-19,44,BREAD/BAKERY,Quito,Pichincha,A,5,0,1896.5821016998207
2017-08-19,44,CELEBRATION,Quito,Pichincha,A,5,0,29.431502693160205
2017-08-19,44,CLEANING,Quito,Pichincha,A,5,0,2569.8759912173455
2017-08-19,44,DAIRY,Quito,Pichincha,A,5,0,2974.610868994848
2017-08-19,44,DELI,Quito,Pichincha,A,5,0,644.9812990428991
2017-08-19,44,EGGS,Quito,Pichincha,A,5,0,736.987184244508
2017-08-19,44,FROZEN FOODS,Quito,Pichincha,A,5,0,545.0058664858897
2017-08-19,44,GROCERY I,Quito,Pichincha,A,5,0,12201.03700252162
2017-08-19,44,GROCERY II,Quito,Pichincha,A,5,0,87.23364845725406
2017-08-19,44,HARDWARE,Quito,Pichincha,A,5,0,6.064208038141023
2017-08-19,44,HOME AND KITCHEN I,Quito,Pichincha,A,5,0,138.009025059509
2017-08-19,44,HOME AND KITCHEN II,Quito,Pichincha,A,5,0,132.5012436692796
2017-08-19,44,HOME APPLIANCES,Quito,Pichincha,A,5,0,3.6113250239691514
2017-08-19,44,HOME CARE,Quito,Pichincha,A,5,0,810.0590963033166
2017-08-19,44,LADIESWEAR,Quito,Pichincha,A,5,0,32.838733004552346
2017-08-19,44,LAWN AND GARDEN,Quito,Pichincha,A,5,0,40.870560501568406
2017-08-19,44,LINGERIE,Quito,Pichincha,A,5,0,66.2608982959598
2017-08-19,44,"LIQUOR,WINE,BEER",Quito,Pichincha,A,5,0,524.1911030859657
2017-08-19,44,MAGAZINES,Quito,Pichincha,A,5,0,34.98048985833624
2017-08-19,44,MEATS,Quito,Pichincha,A,5,0,1078.5841936558447
2017-08-19,44,PERSONAL CARE,Quito,Pichincha,A,5,0,718.1445360842567
2017-08-19,44,PET SUPPLIES,Quito,Pichincha,A,5,0,49.09241955606422
2017-08-19,44,PLAYERS AND ELECTRONICS,Quito,Pichincha,A,5,0,41.82345284669652
2017-08-19,44,POULTRY,Quito,Pichincha,A,5,0,1405.0340639877984
2017-08-19,44,PREPARED FOODS,Quito,Pichincha,A,5,0,319.8125731838238
2017-08-19,44,PRODUCE,Quito,Pichincha,A,5,0,11267.701165759905
2017-08-19,44,SCHOOL AND OFFICE SUPPLIES,Quito,Pichincha,A,5,0,455.37750379189964
2017-08-19,44,SEAFOOD,Quito,Pichincha,A,5,0,111.4319574203481
2017-08-19,45,AUTOMOTIVE,Quito,Pichincha,A,11,0,24.958487758890353
2017-08-19,45,BABY CARE,Quito,Pichincha,A,11,0,3.4899937834963213
2017-08-19,45,BEAUTY,Quito,Pichincha,A,11,0,17.822081255100986
2017-08-19,45,BEVERAGES,Quito,Pichincha,A,11,0,12308.345043643089
2017-08-19,45,BOOKS,Quito,Pichincha,A,11,0,3.4899937834963213
2017-08-19,45,BREAD/BAKERY,Quito,Pichincha,A,11,0,1390.4467221169148
2017-08-19,45,CELEBRATION,Quito,Pichincha,A,11,0,36.47840795581186
2017-08-19,45,CLEANING,Quito,Pichincha,A,11,0,2915.755539737861
2017-08-19,45,DAIRY,Quito,Pichincha,A,11,0,2610.8526483919723
2017-08-19,45,DELI,Quito,Pichincha,A,11,0,885.1186145566718
2017-08-19,45,EGGS,Quito,Pichincha,A,11,0,440.3733172019002
2017-08-19,45,FROZEN FOODS,Quito,Pichincha,A,11,0,437.3089306284921
2017-08-19,45,GROCERY I,Quito,Pichincha,A,11,0,12558.109649102475
2017-08-19,45,GROCERY II,Quito,Pichincha,A,11,0,140.23875687270962
2017-08-19,45,HARDWARE,Quito,Pichincha,A,11,0,4.430320908424337
2017-08-19,45,HOME AND KITCHEN I,Quito,Pichincha,A,11,0,106.14774407109645
2017-08-19,45,HOME AND KITCHEN II,Quito,Pichincha,A,11,0,107.11260221449835
2017-08-19,45,HOME APPLIANCES,Quito,Pichincha,A,11,0,3.6858283121429056
2017-08-19,45,HOME CARE,Quito,Pichincha,A,11,0,820.2842033974306
2017-08-19,45,LADIESWEAR,Quito,Pichincha,A,11,0,30.43221998158228
2017-08-19,45,LAWN AND GARDEN,Quito,Pichincha,A,11,0,43.27990676388459
2017-08-19,45,LINGERIE,Quito,Pichincha,A,11,0,11.060989808831327
2017-08-19,45,"LIQUOR,WINE,BEER",Quito,Pichincha,A,11,0,373.5938617844589
2017-08-19,45,MAGAZINES,Quito,Pichincha,A,11,0,31.443738372919793
2017-08-19,45,MEATS,Quito,Pichincha,A,11,0,1437.877652310966
2017-08-19,45,PERSONAL CARE,Quito,Pichincha,A,11,0,921.1702769948909
2017-08-19,45,PET SUPPLIES,Quito,Pichincha,A,11,0,35.89270917395857
2017-08-19,45,PLAYERS AND ELECTRONICS,Quito,Pichincha,A,11,0,36.61729033898833
2017-08-19,45,POULTRY,Quito,Pichincha,A,11,0,1584.4851806155991
2017-08-19,45,PREPARED FOODS,Quito,Pichincha,A,11,0,306.48802309897684
2017-08-19,45,PRODUCE,Quito,Pichincha,A,11,0,7183.807213393396
2017-08-19,45,SCHOOL AND OFFICE SUPPLIES,Quito,Pichincha,A,11,0,468.2712232761669
2017-08-19,45,SEAFOOD,Quito,Pichincha,A,11,0,108.98613450803019
2017-08-19,46,AUTOMOTIVE,Quito,Pichincha,A,14,0,18.092467710722165
2017-08-19,46,BABY CARE,Quito,Pichincha,A,14,0,3.4899937834963213
2017-08-19,46,BEAUTY,Quito,Pichincha,A,14,0,36.16901212975964
2017-08-19,46,BEVERAGES,Quito,Pichincha,A,14,0,6894.0964846966945
2017-08-19,46,BOOKS,Quito,Pichincha,A,14,0,3.4899937834963213
2017-08-19,46,BREAD/BAKERY,Quito,Pichincha,A,14,0,1145.0916664287527
2017-08-19,46,CELEBRATION,Quito,Pichincha,A,14,0,20.948634717079564
2017-08-19,46,CLEANING,Quito,Pichincha,A,14,0,2716.5932673540765
2017-08-19,46,DAIRY,Quito,Pichincha,A,14,0,1800.8716679625193
2017-08-19,46,DELI,Quito,Pichincha,A,14,0,1074.3236052541104
2017-08-19,46,EGGS,Quito,Pichincha,A,14,0,193.18673984477505
2017-08-19,46,FROZEN FOODS,Quito,Pichincha,A,14,0,330.42472057279747
2017-08-19,46,GROCERY I,Quito,Pichincha,A,14,0,11906.557617023633
2017-08-19,46,GROCERY II,Quito,Pichincha,A,14,0,53.75902025361984
2017-08-19,46,HARDWARE,Quito,Pichincha,A,14,0,7.936290416320864
2017-08-19,46,HOME AND KITCHEN I,Quito,Pichincha,A,14,0,65.45909274702625
2017-08-19,46,HOME AND KITCHEN II,Quito,Pichincha,A,14,0,31.40147034350573
2017-08-19,46,HOME APPLIANCES,Quito,Pichincha,A,14,0,3.6858283121429056
2017-08-19,46,HOME CARE,Quito,Pichincha,A,14,0,790.325274116624
2017-08-19,46,LADIESWEAR,Quito,Pichincha,A,14,0,46.45292926433041
2017-08-19,46,LAWN AND GARDEN,Quito,Pichincha,A,14,0,42.54434330879015
2017-08-19,46,LINGERIE,Quito,Pichincha,A,14,0,13.899923080176844
2017-08-19,46,"LIQUOR,WINE,BEER",Quito,Pichincha,A,14,0,211.79136474445377
2017-08-19,46,MAGAZINES,Quito,Pichincha,A,14,0,21.523849716203674
2017-08-19,46,MEATS,Quito,Pichincha,A,14,0,1170.0575426880728
2017-08-19,46,PERSONAL CARE,Quito,Pichincha,A,14,0,988.4364282710467
2017-08-19,46,PET SUPPLIES,Quito,Pichincha,A,14,0,34.90512090747557
2017-08-19,46,PLAYERS AND ELECTRONICS,Quito,Pichincha,A,14,0,49.22784654232107
2017-08-19,46,POULTRY,Quito,Pichincha,A,14,0,1034.627421797732
2017-08-19,46,PREPARED FOODS,Quito,Pichincha,A,14,0,165.5805702836935
2017-08-19,46,PRODUCE,Quito,Pichincha,A,14,0,3474.6910082319023
2017-08-19,46,SCHOOL AND OFFICE SUPPLIES,Quito,Pichincha,A,14,0,378.22199635279793
2017-08-19,46,SEAFOOD,Quito,Pichincha,A,14,0,57.45674116714286
2017-08-19,47,AUTOMOTIVE,Quito,Pichincha,A,14,0,23.881682513998914
2017-08-19,47,BABY CARE,Quito,Pichincha,A,14,0,3.4899937834963213
2017-08-19,47,BEAUTY,Quito,Pichincha,A,14,0,31.544347377608176
2017-08-19,47,BEVERAGES,Quito,Pichincha,A,14,0,11707.103118224324
2017-08-19,47,BOOKS,Quito,Pichincha,A,14,0,3.4899937834963213
2017-08-19,47,BREAD/BAKERY,Quito,Pichincha,A,14,0,1300.525088959077
2017-08-19,47,CELEBRATION,Quito,Pichincha,A,14,0,27.69761441976808
2017-08-19,47,CLEANING,Quito,Pichincha,A,14,0,2525.690171643594
2017-08-19,47,DAIRY,Quito,Pichincha,A,14,0,2458.7270094245323
2017-08-19,47,DELI,Quito,Pichincha,A,14,0,801.0704681555807
2017-08-19,47,EGGS,Quito,Pichincha,A,14,0,411.3157116311091
2017-08-19,47,FROZEN FOODS,Quito,Pichincha,A,14,0,329.1858564925999
2017-08-19,47,GROCERY I,Quito,Pichincha,A,14,0,11787.586124184925
2017-08-19,47,GROCERY II,Quito,Pichincha,A,14,0,49.814887555018416
2017-08-19,47,HARDWARE,Quito,Pichincha,A,14,0,4.009499812689744
2017-08-19,47,HOME AND KITCHEN I,Quito,Pichincha,A,14,0,103.04355885012946
2017-08-19,47,HOME AND KITCHEN II,Quito,Pichincha,A,14,0,77.71926750181703
2017-08-19,47,HOME APPLIANCES,Quito,Pichincha,A,14,0,3.6858283121429056
2017-08-19,47,HOME CARE,Quito,Pichincha,A,14,0,736.4172047027608
2017-08-19,47,LADIESWEAR,Quito,Pichincha,A,14,0,32.45887951554836
2017-08-19,47,LAWN AND GARDEN,Quito,Pichincha,A,14,0,39.668235201462224
2017-08-19,47,LINGERIE,Quito,Pichincha,A,14,0,25.412091501198137
2017-08-19,47,"LIQUOR,WINE,BEER",Quito,Pichincha,A,14,0,343.04059786748087
2017-08-19,47,MAGAZINES,Quito,Pichincha,A,14,0,25.27882923354944
2017-08-19,47,MEATS,Quito,Pichincha,A,14,0,1069.6585828400266
2017-08-19,47,PERSONAL CARE,Quito,Pichincha,A,14,0,899.2254085657356
2017-08-19,47,PET SUPPLIES,Quito,Pichincha,A,14,0,36.94077194250501
2017-08-19,47,PLAYERS AND ELECTRONICS,Quito,Pichincha,A,14,0,35.18866424240834
2017-08-19,47,POULTRY,Quito,Pichincha,A,14,0,1301.7647836008396
2017-08-19,47,PREPARED FOODS,Quito,Pichincha,A,14,0,279.5212592233991
2017-08-19,47,PRODUCE,Quito,Pichincha,A,14,0,6228.289348285058
2017-08-19,47,SCHOOL AND OFFICE SUPPLIES,Quito,Pichincha,A,14,0,482.2808848353177
2017-08-19,47,SEAFOOD,Quito,Pichincha,A,14,0,79.76811232653286
2017-08-19,48,AUTOMOTIVE,Quito,Pichincha,A,14,0,18.490929085997518
2017-08-19,48,BABY CARE,Quito,Pichincha,A,14,0,3.4899937834963213
2017-08-19,48,BEAUTY,Quito,Pichincha,A,14,0,34.93298251434871
2017-08-19,48,BEVERAGES,Quito,Pichincha,A,14,0,5709.291393485418
2017-08-19,48,BOOKS,Quito,Pichincha,A,14,0,3.4899937834963213
2017-08-19,48,BREAD/BAKERY,Quito,Pichincha,A,14,0,1033.180109828162
2017-08-19,48,CELEBRATION,Quito,Pichincha,A,14,0,24.649032227369666
2017-08-19,48,CLEANING,Quito,Pichincha,A,14,0,2334.0385533593812
2017-08-19,48,DAIRY,Quito,Pichincha,A,14,0,1513.6304213003625
2017-08-19,48,DELI,Quito,Pichincha,A,14,0,802.1473654797177
2017-08-19,48,EGGS,Quito,Pichincha,A,14,0,149.72338142640072
2017-08-19,48,FROZEN FOODS,Quito,Pichincha,A,14,0,276.75616661469144
2017-08-19,48,GROCERY I,Quito,Pichincha,A,14,0,10253.16593154929
2017-08-19,48,GROCERY II,Quito,Pichincha,A,14,0,49.319646549406905
2017-08-19,48,HARDWARE,Quito,Pichincha,A,14,0,3.5978920470149105
2017-08-19,48,HOME AND KITCHEN I,Quito,Pichincha,A,14,0,45.510820328379545
2017-08-19,48,HOME AND KITCHEN II,Quito,Pichincha,A,14,0,51.19131309870129
2017-08-19,48,HOME APPLIANCES,Quito,Pichincha,A,14,0,3.463208675293233
2017-08-19,48,HOME CARE,Quito,Pichincha,A,14,0,663.2484370226169
2017-08-19,48,LADIESWEAR,Quito,Pichincha,A,14,0,37.190064778827576
2017-08-19,48,LAWN AND GARDEN,Quito,Pichincha,A,14,0,15.844937622526043
2017-08-19,48,LINGERIE,Quito,Pichincha,A,14,0,7.866903622084827
2017-08-19,48,"LIQUOR,WINE,BEER",Quito,Pichincha,A,14,0,220.49355203003995
2017-08-19,48,MAGAZINES,Quito,Pichincha,A,14,0,12.821684528698324
2017-08-19,48,MEATS,Quito,Pichincha,A,14,0,1062.9558596392394
2017-08-19,48,PERSONAL CARE,Quito,Pichincha,A,14,0,1032.9126691137421
2017-08-19,48,PET SUPPLIES,Quito,Pichincha,A,14,0,28.920723988312897
2017-08-19,48,PLAYERS AND ELECTRONICS,Quito,Pichincha,A,14,0,34.57124359579173
2017-08-19,48,POULTRY,Quito,Pichincha,A,14,0,1079.3159688010658
2017-08-19,48,PREPARED FOODS,Quito,Pichincha,A,14,0,129.39037384899444
2017-08-19,48,PRODUCE,Quito,Pichincha,A,14,0,2396.750845322272
2017-08-19,48,SCHOOL AND OFFICE SUPPLIES,Quito,Pichincha,A,14,0,401.7969379834664
2017-08-19,48,SEAFOOD,Quito,Pichincha,A,14,0,35.20336896996988
2017-08-19,49,AUTOMOTIVE,Quito,Pichincha,A,11,0,13.21423507341473
2017-08-19,49,BABY CARE,Quito,Pichincha,A,11,0,3.4899937834963213
2017-08-19,49,BEAUTY,Quito,Pichincha,A,11,0,20.284099927806754
2017-08-19,49,BEVERAGES,Quito,Pichincha,A,11,0,8017.038071654606
2017-08-19,49,BOOKS,Quito,Pichincha,A,11,0,3.4899937834963213
2017-08-19,49,BREAD/BAKERY,Quito,Pichincha,A,11,0,1282.088439597103
2017-08-19,49,CELEBRATION,Quito,Pichincha,A,11,0,30.205686912042506
2017-08-19,49,CLEANING,Quito,Pichincha,A,11,0,1928.177029437632
2017-08-19,49,DAIRY,Quito,Pichincha,A,11,0,2363.091611468624
2017-08-19,49,DELI,Quito,Pichincha,A,11,0,487.17666522087404
2017-08-19,49,EGGS,Quito,Pichincha,A,11,0,482.24812986685805
2017-08-19,49,FROZEN FOODS,Quito,Pichincha,A,11,0,381.04246284149383
2017-08-19,49,GROCERY I,Quito,Pichincha,A,11,0,9222.706493999043
2017-08-19,49,GROCERY II,Quito,Pichincha,A,11,0,89.25508602701048
2017-08-19,49,HARDWARE,Quito,Pichincha,A,11,0,4.254734614179336
2017-08-19,49,HOME AND KITCHEN I,Quito,Pichincha,A,11,0,57.66742632668326
2017-08-19,49,HOME AND KITCHEN II,Quito,Pichincha,A,11,0,62.30594598024283
2017-08-19,49,HOME APPLIANCES,Quito,Pichincha,A,11,0,3.463208675293233
2017-08-19,49,HOME CARE,Quito,Pichincha,A,11,0,542.492785484567
2017-08-19,49,LADIESWEAR,Quito,Pichincha,A,11,0,16.39173704227735
2017-08-19,49,LAWN AND GARDEN,Quito,Pichincha,A,11,0,37.77484684624905
2017-08-19,49,LINGERIE,Quito,Pichincha,A,11,0,11.025063967169332
2017-08-19,49,"LIQUOR,WINE,BEER",Quito,Pichincha,A,11,0,416.3672108905191
2017-08-19,49,MAGAZINES,Quito,Pichincha,A,11,0,24.587492298580788
2017-08-19,49,MEATS,Quito,Pichincha,A,11,0,868.1458012991951
2017-08-19,49,PERSONAL CARE,Quito,Pichincha,A,11,0,600.2080101780795
2017-08-19,49,PET SUPPLIES,Quito,Pichincha,A,11,0,26.333700911259978
2017-08-19,49,PLAYERS AND ELECTRONICS,Quito,Pichincha,A,11,0,38.9378327801108
2017-08-19,49,POULTRY,Quito,Pichincha,A,11,0,1092.931312079602
2017-08-19,49,PREPARED FOODS,Quito,Pichincha,A,11,0,235.21850332930688
2017-08-19,49,PRODUCE,Quito,Pichincha,A,11,0,8715.923699498555
2017-08-19,49,SCHOOL AND OFFICE SUPPLIES,Quito,Pichincha,A,11,0,279.15052244490835
2017-08-19,49,SEAFOOD,Quito,Pichincha,A,11,0,74.71288834378326
2017-08-19,50,AUTOMOTIVE,Ambato,Tungurahua,A,14,0,15.677630130736471
2017-08-19,50,BABY CARE,Ambato,Tungurahua,A,14,0,4.183273060248297
2017-08-19,50,BEAUTY,Ambato,Tungurahua,A,14,0,20.55145532537151
2017-08-19,50,BEVERAGES,Ambato,Tungurahua,A,14,0,4974.643554863649
2017-08-19,50,BOOKS,Ambato,Tungurahua,A,14,0,4.183273060248297
2017-08-19,50,BREAD/BAKERY,Ambato,Tungurahua,A,14,0,648.3812276125925
2017-08-19,50,CELEBRATION,Ambato,Tungurahua,A,14,0,41.50230596722342
2017-08-19,50,CLEANING,Ambato,Tungurahua,A,14,0,1829.8706947309038
2017-08-19,50,DAIRY,Ambato,Tungurahua,A,14,0,1251.706717011811
2017-08-19,50,DELI,Ambato,Tungurahua,A,14,0,558.5006854989501
2017-08-19,50,EGGS,Ambato,Tungurahua,A,14,0,132.79428786523746
2017-08-19,50,FROZEN FOODS,Ambato,Tungurahua,A,14,0,197.8954015321708
2017-08-19,50,GROCERY I,Ambato,Tungurahua,A,14,0,7354.14612572937
2017-08-19,50,GROCERY II,Ambato,Tungurahua,A,14,0,83.24555238361573
2017-08-19,50,HARDWARE,Ambato,Tungurahua,A,14,0,5.599775460251005
2017-08-19,50,HOME AND KITCHEN I,Ambato,Tungurahua,A,14,0,70.94108513682548
2017-08-19,50,HOME AND KITCHEN II,Ambato,Tungurahua,A,14,0,45.02561451807028
2017-08-19,50,HOME APPLIANCES,Ambato,Tungurahua,A,14,0,4.156487952045209
2017-08-19,50,HOME CARE,Ambato,Tungurahua,A,14,0,489.1588483538269
2017-08-19,50,LADIESWEAR,Ambato,Tungurahua,A,14,0,18.97730220632288
2017-08-19,50,LAWN AND GARDEN,Ambato,Tungurahua,A,14,0,13.270237092310854
2017-08-19,50,LINGERIE,Ambato,Tungurahua,A,14,0,11.247856484742963
2017-08-19,50,"LIQUOR,WINE,BEER",Ambato,Tungurahua,A,14,0,195.28086987893315
2017-08-19,50,MAGAZINES,Ambato,Tungurahua,A,14,0,17.43301296909172
2017-08-19,50,MEATS,Ambato,Tungurahua,A,14,0,641.5222243151918
2017-08-19,50,PERSONAL CARE,Ambato,Tungurahua,A,14,0,622.8086379554462
2017-08-19,50,PET SUPPLIES,Ambato,Tungurahua,A,14,0,19.65876720292769
2017-08-19,50,PLAYERS AND ELECTRONICS,Ambato,Tungurahua,A,14,0,30.93772478639084
2017-08-19,50,POULTRY,Ambato,Tungurahua,A,14,0,449.10947349150223
2017-08-19,50,PREPARED FOODS,Ambato,Tungurahua,A,14,0,97.34407530232302
2017-08-19,50,PRODUCE,Ambato,Tungurahua,A,14,0,2418.3358189812216
2017-08-19,50,SCHOOL AND OFFICE SUPPLIES,Ambato,Tungurahua,A,14,0,379.0498668425096
2017-08-19,50,SEAFOOD,Ambato,Tungurahua,A,14,0,25.11882324903341
2017-08-19,51,AUTOMOTIVE,Guayaquil,Guayas,A,17,0,11.470827329533536
2017-08-19,51,BABY CARE,Guayaquil,Guayas,A,17,0,4.091471325353993
2017-08-19,51,BEAUTY,Guayaquil,Guayas,A,17,0,9.095182412365107
2017-08-19,51,BEVERAGES,Guayaquil,Guayas,A,17,0,4992.5245666400615
2017-08-19,51,BOOKS,Guayaquil,Guayas,A,17,0,4.091471325353993
2017-08-19,51,BREAD/BAKERY,Guayaquil,Guayas,A,17,0,923.1171534311434
2017-08-19,51,CELEBRATION,Guayaquil,Guayas,A,17,0,14.920166239191724
2017-08-19,51,CLEANING,Guayaquil,Guayas,A,17,0,1511.0499538572992
2017-08-19,51,DAIRY,Guayaquil,Guayas,A,17,0,1750.9794739624504
2017-08-19,51,DELI,Guayaquil,Guayas,A,17,0,278.8420738743614
2017-08-19,51,EGGS,Guayaquil,Guayas,A,17,0,361.9892011497451
2017-08-19,51,FROZEN FOODS,Guayaquil,Guayas,A,17,0,366.182044227505
2017-08-19,51,GROCERY I,Guayaquil,Guayas,A,17,0,5221.24679497516
2017-08-19,51,GROCERY II,Guayaquil,Guayas,A,17,0,55.049908004333716
2017-08-19,51,HARDWARE,Guayaquil,Guayas,A,17,0,5.507973725356699
2017-08-19,51,HOME AND KITCHEN I,Guayaquil,Guayas,A,17,0,53.613051031817996
2017-08-19,51,HOME AND KITCHEN II,Guayaquil,Guayas,A,17,0,42.309963714782405
2017-08-19,51,HOME APPLIANCES,Guayaquil,Guayas,A,17,0,4.064686217150905
2017-08-19,51,HOME CARE,Guayaquil,Guayas,A,17,0,353.7187710582642
2017-08-19,51,LADIESWEAR,Guayaquil,Guayas,A,17,0,10.995615558613022
2017-08-19,51,LAWN AND GARDEN,Guayaquil,Guayas,A,17,0,50.96913662929159
2017-08-19,51,LINGERIE,Guayaquil,Guayas,A,17,0,10.384204923820896
2017-08-19,51,"LIQUOR,WINE,BEER",Guayaquil,Guayas,A,17,0,279.82460365300796
2017-08-19,51,MAGAZINES,Guayaquil,Guayas,A,17,0,17.88166324881287
2017-08-19,51,MEATS,Guayaquil,Guayas,A,17,0,685.8229030435347
2017-08-19,51,PERSONAL CARE,Guayaquil,Guayas,A,17,0,379.100152558194
2017-08-19,51,PET SUPPLIES,Guayaquil,Guayas,A,17,0,27.508824311517667
2017-08-19,51,PLAYERS AND ELECTRONICS,Guayaquil,Guayas,A,17,0,15.804840447675462
2017-08-19,51,POULTRY,Guayaquil,Guayas,A,17,0,970.0744164099935
2017-08-19,51,PREPARED FOODS,Guayaquil,Guayas,A,17,0,133.90563214394888
2017-08-19,51,PRODUCE,Guayaquil,Guayas,A,17,0,5150.525206376277
2017-08-19,51,SCHOOL AND OFFICE SUPPLIES,Guayaquil,Guayas,A,17,0,4.288414057084491
2017-08-19,51,SEAFOOD,Guayaquil,Guayas,A,17,0,47.47785094107429
2017-08-19,52,AUTOMOTIVE,Manta,Manabi,A,11,0,13.47404084946023
2017-08-19,52,BABY CARE,Manta,Manabi,A,11,0,2.821926811671526
2017-08-19,52,BEAUTY,Manta,Manabi,A,11,0,11.63935793700395
2017-08-19,52,BEVERAGES,Manta,Manabi,A,11,0,5004.503633831855
2017-08-19,52,BOOKS,Manta,Manabi,A,11,0,2.821926811671526
2017-08-19,52,BREAD/BAKERY,Manta,Manabi,A,11,0,957.7467709759281
2017-08-19,52,CELEBRATION,Manta,Manabi,A,11,0,21.18186302567961
2017-08-19,52,CLEANING,Manta,Manabi,A,11,0,1774.9667552084532
2017-08-19,52,DAIRY,Manta,Manabi,A,11,0,1279.197660874218
2017-08-19,52,DELI,Manta,Manabi,A,11,0,421.94796586813453
2017-08-19,52,EGGS,Manta,Manabi,A,11,0,237.4467377480318
2017-08-19,52,FROZEN FOODS,Manta,Manabi,A,11,0,457.35197439946114
2017-08-19,52,GROCERY I,Manta,Manabi,A,11,0,6883.031052052139
2017-08-19,52,GROCERY II,Manta,Manabi,A,11,0,46.90111658088083
2017-08-19,52,HARDWARE,Manta,Manabi,A,11,0,4.922588481470257
2017-08-19,52,HOME AND KITCHEN I,Manta,Manabi,A,11,0,70.6704815298508
2017-08-19,52,HOME AND KITCHEN II,Manta,Manabi,A,11,0,46.86510078061098
2017-08-19,52,HOME APPLIANCES,Manta,Manabi,A,11,0,2.7322762157723406
2017-08-19,52,HOME CARE,Manta,Manabi,A,11,0,433.89501436262657
2017-08-19,52,LADIESWEAR,Manta,Manabi,A,11,0,18.08130015643161
2017-08-19,52,LAWN AND GARDEN,Manta,Manabi,A,11,0,69.87397185277054
2017-08-19,52,LINGERIE,Manta,Manabi,A,11,0,14.877707726288062
2017-08-19,52,"LIQUOR,WINE,BEER",Manta,Manabi,A,11,0,393.56356990794524
2017-08-19,52,MAGAZINES,Manta,Manabi,A,11,0,16.69238215321368
2017-08-19,52,MEATS,Manta,Manabi,A,11,0,525.5678062759704
2017-08-19,52,PERSONAL CARE,Manta,Manabi,A,11,0,423.4408028557055
2017-08-19,52,PET SUPPLIES,Manta,Manabi,A,11,0,21.29313605132271
2017-08-19,52,PLAYERS AND ELECTRONICS,Manta,Manabi,A,11,0,30.246130331138986
2017-08-19,52,POULTRY,Manta,Manabi,A,11,0,543.154546106588
2017-08-19,52,PREPARED FOODS,Manta,Manabi,A,11,0,127.74103721516119
2017-08-19,52,PRODUCE,Manta,Manabi,A,11,0,5099.178057752119
2017-08-19,52,SCHOOL AND OFFICE SUPPLIES,Manta,Manabi,A,11,0,8.613639423358261
2017-08-19,52,SEAFOOD,Manta,Manabi,A,11,0,12.396912566780266
2017-08-19,53,AUTOMOTIVE,Manta,Manabi,D,13,0,8.512889274369794
2017-08-19,53,BABY CARE,Manta,Manabi,D,13,0,2.0143941008260806
2017-08-19,53,BEAUTY,Manta,Manabi,D,13,0,6.421073023619998
2017-08-19,53,BEVERAGES,Manta,Manabi,D,13,0,2412.3842641210867
2017-08-19,53,BOOKS,Manta,Manabi,D,13,0,2.0143941008260806
2017-08-19,53,BREAD/BAKERY,Manta,Manabi,D,13,0,512.3220482940696
2017-08-19,53,CELEBRATION,Manta,Manabi,D,13,0,7.491797757284017
2017-08-19,53,CLEANING,Manta,Manabi,D,13,0,1056.5568722694347
2017-08-19,53,DAIRY,Manta,Manabi,D,13,0,577.5158467259041
2017-08-19,53,DELI,Manta,Manabi,D,13,0,256.0422557215288
2017-08-19,53,EGGS,Manta,Manabi,D,13,0,111.19235247018057
2017-08-19,53,FROZEN FOODS,Manta,Manabi,D,13,0,194.78484044181258
2017-08-19,53,GROCERY I,Manta,Manabi,D,13,0,3639.258226684913
2017-08-19,53,GROCERY II,Manta,Manabi,D,13,0,19.203031468795274
2017-08-19,53,HARDWARE,Manta,Manabi,D,13,0,2.4829268182999713
2017-08-19,53,HOME AND KITCHEN I,Manta,Manabi,D,13,0,40.44113005808283
2017-08-19,53,HOME AND KITCHEN II,Manta,Manabi,D,13,0,24.117060527534452
2017-08-19,53,HOME APPLIANCES,Manta,Manabi,D,13,0,1.987608992622994
2017-08-19,53,HOME CARE,Manta,Manabi,D,13,0,225.92960268021838
2017-08-19,53,LADIESWEAR,Manta,Manabi,D,13,0,16.4214808490092
2017-08-19,53,LAWN AND GARDEN,Manta,Manabi,D,13,0,17.695916724797016
2017-08-19,53,LINGERIE,Manta,Manabi,D,13,0,10.009635657250598
2017-08-19,53,"LIQUOR,WINE,BEER",Manta,Manabi,D,13,0,189.04401784186115
2017-08-19,53,MAGAZINES,Manta,Manabi,D,13,0,7.1519663085139875
2017-08-19,53,MEATS,Manta,Manabi,D,13,0,370.9864154159575
2017-08-19,53,PERSONAL CARE,Manta,Manabi,D,13,0,267.97189298778676
2017-08-19,53,PET SUPPLIES,Manta,Manabi,D,13,0,6.651544515932397
2017-08-19,53,PLAYERS AND ELECTRONICS,Manta,Manabi,D,13,0,7.4126787360454
2017-08-19,53,POULTRY,Manta,Manabi,D,13,0,225.22673016346056
2017-08-19,53,PREPARED FOODS,Manta,Manabi,D,13,0,73.05004101591366
2017-08-19,53,PRODUCE,Manta,Manabi,D,13,0,2362.7875366229364
2017-08-19,53,SCHOOL AND OFFICE SUPPLIES,Manta,Manabi,D,13,0,2.032312777769682
2017-08-19,53,SEAFOOD,Manta,Manabi,D,13,0,7.580025471206325
2017-08-19,54,AUTOMOTIVE,El Carmen,Manabi,C,3,0,9.429514076171035
2017-08-19,54,BABY CARE,El Carmen,Manabi,C,3,0,0.4926381830909884
2017-08-19,54,BEAUTY,El Carmen,Manabi,C,3,0,1.9878259335252446
2017-08-19,54,BEVERAGES,El Carmen,Manabi,C,3,0,3173.8295883352453
2017-08-19,54,BOOKS,El Carmen,Manabi,C,3,0,0.4926381830909884
2017-08-19,54,BREAD/BAKERY,El Carmen,Manabi,C,3,0,234.96483451290013
2017-08-19,54,CELEBRATION,El Carmen,Manabi,C,3,0,5.015567440611617
2017-08-19,54,CLEANING,El Carmen,Manabi,C,3,0,1038.7945155412647
2017-08-19,54,DAIRY,El Carmen,Manabi,C,3,0,288.97998140050976
2017-08-19,54,DELI,El Carmen,Manabi,C,3,0,237.36661676175424
2017-08-19,54,EGGS,El Carmen,Manabi,C,3,0,80.31602802122883
2017-08-19,54,FROZEN FOODS,El Carmen,Manabi,C,3,0,47.21585519380974
2017-08-19,54,GROCERY I,El Carmen,Manabi,C,3,0,3774.483191470864
2017-08-19,54,GROCERY II,El Carmen,Manabi,C,3,0,19.298192277298426
2017-08-19,54,HARDWARE,El Carmen,Manabi,C,3,0,1.7650521038861215
2017-08-19,54,HOME AND KITCHEN I,El Carmen,Manabi,C,3,0,29.22632359196613
2017-08-19,54,HOME AND KITCHEN II,El Carmen,Manabi,C,3,0,13.561049694170482
2017-08-19,54,HOME APPLIANCES,El Carmen,Manabi,C,3,0,0.4658530748879001
2017-08-19,54,HOME CARE,El Carmen,Manabi,C,3,0,231.3743702569773
2017-08-19,54,LADIESWEAR,El Carmen,Manabi,C,3,0,4.877346907870988
2017-08-19,54,LAWN AND GARDEN,El Carmen,Manabi,C,3,0,2.505711595383826
2017-08-19,54,LINGERIE,El Carmen,Manabi,C,3,0,7.837267243781236
2017-08-19,54,"LIQUOR,WINE,BEER",El Carmen,Manabi,C,3,0,63.40545673606559
2017-08-19,54,MAGAZINES,El Carmen,Manabi,C,3,0,2.6641483080380923
2017-08-19,54,MEATS,El Carmen,Manabi,C,3,0,54.9840019978572
2017-08-19,54,PERSONAL CARE,El Carmen,Manabi,C,3,0,185.2991905474328
2017-08-19,54,PET SUPPLIES,El Carmen,Manabi,C,3,0,1.959964326652108
2017-08-19,54,PLAYERS AND ELECTRONICS,El Carmen,Manabi,C,3,0,3.291525231599857
2017-08-19,54,POULTRY,El Carmen,Manabi,C,3,0,77.63221227356364
2017-08-19,54,PREPARED FOODS,El Carmen,Manabi,C,3,0,96.01420540887908
2017-08-19,54,PRODUCE,El Carmen,Manabi,C,3,0,682.8048487765639
2017-08-19,54,SCHOOL AND OFFICE SUPPLIES,El Carmen,Manabi,C,3,0,0.4476913723384917
2017-08-19,54,SEAFOOD,El Carmen,Manabi,C,3,0,3.0351437683476603
2017-08-20,1,AUTOMOTIVE,Quito,Pichincha,D,13,0,1.8289262750867594
2017-08-20,1,BABY CARE,Quito,Pichincha,D,13,0,0.0
2017-08-20,1,BEAUTY,Quito,Pichincha,D,13,0,1.7111818270649517
2017-08-20,1,BEVERAGES,Quito,Pichincha,D,13,0,829.5102912990187
2017-08-20,1,BOOKS,Quito,Pichincha,D,13,0,0.0
2017-08-20,1,BREAD/BAKERY,Quito,Pichincha,D,13,0,169.78178203706136
2017-08-20,1,CELEBRATION,Quito,Pichincha,D,13,0,1.4819655145027035
2017-08-20,1,CLEANING,Quito,Pichincha,D,13,0,205.1009359077419
2017-08-20,1,DAIRY,Quito,Pichincha,D,13,0,310.55613165650044
2017-08-20,1,DELI,Quito,Pichincha,D,13,0,76.88065275505551
2017-08-20,1,EGGS,Quito,Pichincha,D,13,0,81.92993160925037
2017-08-20,1,FROZEN FOODS,Quito,Pichincha,D,13,0,67.65834632153512
2017-08-20,1,GROCERY I,Quito,Pichincha,D,13,0,964.010501804877
2017-08-20,1,GROCERY II,Quito,Pichincha,D,13,0,4.9131637898062515
2017-08-20,1,HARDWARE,Quito,Pichincha,D,13,0,0.0
2017-08-20,1,HOME AND KITCHEN I,Quito,Pichincha,D,13,0,15.639451906968795
2017-08-20,1,HOME AND KITCHEN II,Quito,Pichincha,D,13,0,13.66243309506044
2017-08-20,1,HOME APPLIANCES,Quito,Pichincha,D,13,0,0.0
2017-08-20,1,HOME CARE,Quito,Pichincha,D,13,0,85.80862289304052
2017-08-20,1,LADIESWEAR,Quito,Pichincha,D,13,0,0.0
2017-08-20,1,LAWN AND GARDEN,Quito,Pichincha,D,13,0,9.481656045637234
2017-08-20,1,LINGERIE,Quito,Pichincha,D,13,0,0.5709026904211375
2017-08-20,1,"LIQUOR,WINE,BEER",Quito,Pichincha,D,13,0,22.448044711145126
2017-08-20,1,MAGAZINES,Quito,Pichincha,D,13,0,0.0
2017-08-20,1,MEATS,Quito,Pichincha,D,13,0,166.75949289063917
2017-08-20,1,PERSONAL CARE,Quito,Pichincha,D,13,0,88.67711192642446
2017-08-20,1,PET SUPPLIES,Quito,Pichincha,D,13,0,1.6210553022829464
2017-08-20,1,PLAYERS AND ELECTRONICS,Quito,Pichincha,D,13,0,1.4028464932640852
2017-08-20,1,POULTRY,Quito,Pichincha,D,13,0,159.58072486556395
2017-08-20,1,PREPARED FOODS,Quito,Pichincha,D,13,0,16.317008854513062
2017-08-20,1,PRODUCE,Quito,Pichincha,D,13,0,1133.3010593504566
2017-08-20,1,SCHOOL AND OFFICE SUPPLIES,Quito,Pichincha,D,13,0,0.0
2017-08-20,1,SEAFOOD,Quito,Pichincha,D,13,0,9.602807835168534
2017-08-20,2,AUTOMOTIVE,Quito,Pichincha,D,13,0,10.411360540090692
2017-08-20,2,BABY CARE,Quito,Pichincha,D,13,0,3.567447460330731
2017-08-20,2,BEAUTY,Quito,Pichincha,D,13,0,10.752489277401187
2017-08-20,2,BEVERAGES,Quito,Pichincha,D,13,0,3314.661702696436
2017-08-20,2,BOOKS,Quito,Pichincha,D,13,0,3.567447460330731
2017-08-20,2,BREAD/BAKERY,Quito,Pichincha,D,13,0,752.5675568906847
2017-08-20,2,CELEBRATION,Quito,Pichincha,D,13,0,13.70823195961257
2017-08-20,2,CLEANING,Quito,Pichincha,D,13,0,953.8679227468122
2017-08-20,2,DAIRY,Quito,Pichincha,D,13,0,1028.8929218822232
2017-08-20,2,DELI,Quito,Pichincha,D,13,0,241.72536978756858
2017-08-20,2,EGGS,Quito,Pichincha,D,13,0,220.89433774912752
2017-08-20,2,FROZEN FOODS,Quito,Pichincha,D,13,0,123.6330428484868
2017-08-20,2,GROCERY I,Quito,Pichincha,D,13,0,4317.6941674881455
2017-08-20,2,GROCERY II,Quito,Pichincha,D,13,0,43.233945334285245
2017-08-20,2,HARDWARE,Quito,Pichincha,D,13,0,3.968517520286743
2017-08-20,2,HOME AND KITCHEN I,Quito,Pichincha,D,13,0,28.718312795646817
2017-08-20,2,HOME AND KITCHEN II,Quito,Pichincha,D,13,0,51.023318082419436
2017-08-20,2,HOME APPLIANCES,Quito,Pichincha,D,13,0,3.540662352127643
2017-08-20,2,HOME CARE,Quito,Pichincha,D,13,0,294.4589934384799
2017-08-20,2,LADIESWEAR,Quito,Pichincha,D,13,0,29.065966373391035
2017-08-20,2,LAWN AND GARDEN,Quito,Pichincha,D,13,0,24.758935767313147
2017-08-20,2,LINGERIE,Quito,Pichincha,D,13,0,9.087115815430058
2017-08-20,2,"LIQUOR,WINE,BEER",Quito,Pichincha,D,13,0,80.8032791179009
2017-08-20,2,MAGAZINES,Quito,Pichincha,D,13,0,14.97998070338159
2017-08-20,2,MEATS,Quito,Pichincha,D,13,0,400.9165934186022
2017-08-20,2,PERSONAL CARE,Quito,Pichincha,D,13,0,312.1725345649275
2017-08-20,2,PET SUPPLIES,Quito,Pichincha,D,13,0,10.239415408948867
2017-08-20,2,PLAYERS AND ELECTRONICS,Quito,Pichincha,D,13,0,10.396655812529135
2017-08-20,2,POULTRY,Quito,Pichincha,D,13,0,535.8264008200867
2017-08-20,2,PREPARED FOODS,Quito,Pichincha,D,13,0,125.35990923420587
2017-08-20,2,PRODUCE,Quito,Pichincha,D,13,0,2817.538518028599
2017-08-20,2,SCHOOL AND OFFICE SUPPLIES,Quito,Pichincha,D,13,0,3.5225006495782343
2017-08-20,2,SEAFOOD,Quito,Pichincha,D,13,0,42.19200646324031
2017-08-20,3,AUTOMOTIVE,Quito,Pichincha,D,8,0,13.55701796282172
2017-08-20,3,BABY CARE,Quito,Pichincha,D,8,0,3.4806477572169503
2017-08-20,3,BEAUTY,Quito,Pichincha,D,8,0,25.7705717197056
2017-08-20,3,BEVERAGES,Quito,Pichincha,D,8,0,11573.414775373305
2017-08-20,3,BOOKS,Quito,Pichincha,D,8,0,3.4806477572169503
2017-08-20,3,BREAD/BAKERY,Quito,Pichincha,D,8,0,1392.3787495860608
2017-08-20,3,CELEBRATION,Quito,Pichincha,D,8,0,32.663397993695945
2017-08-20,3,CLEANING,Quito,Pichincha,D,8,0,2226.5026017102173
2017-08-20,3,DAIRY,Quito,Pichincha,D,8,0,2559.4178378738443
2017-08-20,3,DELI,Quito,Pichincha,D,8,0,431.7757331697277
2017-08-20,3,EGGS,Quito,Pichincha,D,8,0,618.9194092046213
2017-08-20,3,FROZEN FOODS,Quito,Pichincha,D,8,0,412.45597289172423
2017-08-20,3,GROCERY I,Quito,Pichincha,D,8,0,10045.477828055307
2017-08-20,3,GROCERY II,Quito,Pichincha,D,8,0,75.74177163676997
2017-08-20,3,HARDWARE,Quito,Pichincha,D,8,0,5.278252228625246
2017-08-20,3,HOME AND KITCHEN I,Quito,Pichincha,D,8,0,86.3306758992153
2017-08-20,3,HOME AND KITCHEN II,Quito,Pichincha,D,8,0,49.66676352775198
2017-08-20,3,HOME APPLIANCES,Quito,Pichincha,D,8,0,3.453862649013862
2017-08-20,3,HOME CARE,Quito,Pichincha,D,8,0,637.9382114943824
2017-08-20,3,LADIESWEAR,Quito,Pichincha,D,8,0,46.773635137801705
2017-08-20,3,LAWN AND GARDEN,Quito,Pichincha,D,8,0,49.11660870401739
2017-08-20,3,LINGERIE,Quito,Pichincha,D,8,0,28.12272781056753
2017-08-20,3,"LIQUOR,WINE,BEER",Quito,Pichincha,D,8,0,186.22309469652836
2017-08-20,3,MAGAZINES,Quito,Pichincha,D,8,0,37.091017768628376
2017-08-20,3,MEATS,Quito,Pichincha,D,8,0,850.3043852204249
2017-08-20,3,PERSONAL CARE,Quito,Pichincha,D,8,0,742.3968886483261
2017-08-20,3,PET SUPPLIES,Quito,Pichincha,D,8,0,23.85608907983069
2017-08-20,3,PLAYERS AND ELECTRONICS,Quito,Pichincha,D,8,0,32.47577038288381
2017-08-20,3,POULTRY,Quito,Pichincha,D,8,0,1345.5925296842186
2017-08-20,3,PREPARED FOODS,Quito,Pichincha,D,8,0,277.48675839468194
2017-08-20,3,PRODUCE,Quito,Pichincha,D,8,0,9905.76975132556
2017-08-20,3,SCHOOL AND OFFICE SUPPLIES,Quito,Pichincha,D,8,0,3.7067871372781975
2017-08-20,3,SEAFOOD,Quito,Pichincha,D,8,0,87.0662435815376
2017-08-20,4,AUTOMOTIVE,Quito,Pichincha,D,9,0,7.969413230021313
2017-08-20,4,BABY CARE,Quito,Pichincha,D,9,0,2.8122020248487223
2017-08-20,4,BEAUTY,Quito,Pichincha,D,9,0,7.404767833552604
2017-08-20,4,BEVERAGES,Quito,Pichincha,D,9,0,3165.3122160873736
2017-08-20,4,BOOKS,Quito,Pichincha,D,9,0,2.8122020248487223
2017-08-20,4,BREAD/BAKERY,Quito,Pichincha,D,9,0,429.8348546008266
2017-08-20,4,CELEBRATION,Quito,Pichincha,D,9,0,10.382483771249023
2017-08-20,4,CLEANING,Quito,Pichincha,D,9,0,910.0734210001049
2017-08-20,4,DAIRY,Quito,Pichincha,D,9,0,960.6723755500778
2017-08-20,4,DELI,Quito,Pichincha,D,9,0,221.75433955558486
2017-08-20,4,EGGS,Quito,Pichincha,D,9,0,181.20092085198428
2017-08-20,4,FROZEN FOODS,Quito,Pichincha,D,9,0,116.81865521180443
2017-08-20,4,GROCERY I,Quito,Pichincha,D,9,0,4101.777496022741
2017-08-20,4,GROCERY II,Quito,Pichincha,D,9,0,32.15285548156312
2017-08-20,4,HARDWARE,Quito,Pichincha,D,9,0,3.1073578374531716
2017-08-20,4,HOME AND KITCHEN I,Quito,Pichincha,D,9,0,22.713337484980354
2017-08-20,4,HOME AND KITCHEN II,Quito,Pichincha,D,9,0,12.42901511528726
2017-08-20,4,HOME APPLIANCES,Quito,Pichincha,D,9,0,2.785416916645634
2017-08-20,4,HOME CARE,Quito,Pichincha,D,9,0,262.02549885059807
2017-08-20,4,LADIESWEAR,Quito,Pichincha,D,9,0,30.935879160491304
2017-08-20,4,LAWN AND GARDEN,Quito,Pichincha,D,9,0,25.91331502639054
2017-08-20,4,LINGERIE,Quito,Pichincha,D,9,0,4.4154607165452315
2017-08-20,4,"LIQUOR,WINE,BEER",Quito,Pichincha,D,9,0,78.207517530988
2017-08-20,4,MAGAZINES,Quito,Pichincha,D,9,0,9.35539807854917
2017-08-20,4,MEATS,Quito,Pichincha,D,9,0,410.8162580219176
2017-08-20,4,PERSONAL CARE,Quito,Pichincha,D,9,0,341.7649532783245
2017-08-20,4,PET SUPPLIES,Quito,Pichincha,D,9,0,9.693657511750109
2017-08-20,4,PLAYERS AND ELECTRONICS,Quito,Pichincha,D,9,0,9.850897915330373
2017-08-20,4,POULTRY,Quito,Pichincha,D,9,0,490.044935325515
2017-08-20,4,PREPARED FOODS,Quito,Pichincha,D,9,0,64.30519624245184
2017-08-20,4,PRODUCE,Quito,Pichincha,D,9,0,2935.86210638438
2017-08-20,4,SCHOOL AND OFFICE SUPPLIES,Quito,Pichincha,D,9,0,2.7672552140962257
2017-08-20,4,SEAFOOD,Quito,Pichincha,D,9,0,31.357716267201823
2017-08-20,5,AUTOMOTIVE,Santo Domingo,Santo Domingo de los Tsachilas,D,4,0,10.657850094851822
2017-08-20,5,BABY CARE,Santo Domingo,Santo Domingo de los Tsachilas,D,4,0,2.992934283876946
2017-08-20,5,BEAUTY,Santo Domingo,Santo Domingo de los Tsachilas,D,4,0,8.904170556318357
2017-08-20,5,BEVERAGES,Santo Domingo,Santo Domingo de los Tsachilas,D,4,0,2130.194423996713
2017-08-20,5,BOOKS,Santo Domingo,Santo Domingo de los Tsachilas,D,4,0,2.729360579540441
2017-08-20,5,BREAD/BAKERY,Santo Domingo,Santo Domingo de los Tsachilas,D,4,0,402.65488805835463
2017-08-20,5,CELEBRATION,Santo Domingo,Santo Domingo de los Tsachilas,D,4,0,28.8026464136822
2017-08-20,5,CLEANING,Santo Domingo,Santo Domingo de los Tsachilas,D,4,0,1009.3166921882181
2017-08-20,5,DAIRY,Santo Domingo,Santo Domingo de los Tsachilas,D,4,0,635.6275728412251
2017-08-20,5,DELI,Santo Domingo,Santo Domingo de los Tsachilas,D,4,0,260.54449014106785
2017-08-20,5,EGGS,Santo Domingo,Santo Domingo de los Tsachilas,D,4,0,110.42382008717924
2017-08-20,5,FROZEN FOODS,Santo Domingo,Santo Domingo de los Tsachilas,D,4,0,98.99432635064589
2017-08-20,5,GROCERY I,Santo Domingo,Santo Domingo de los Tsachilas,D,4,0,3362.4511146103246
2017-08-20,5,GROCERY II,Santo Domingo,Santo Domingo de los Tsachilas,D,4,0,40.27390982453516
2017-08-20,5,HARDWARE,Santo Domingo,Santo Domingo de los Tsachilas,D,4,0,3.3240159381433894
2017-08-20,5,HOME AND KITCHEN I,Santo Domingo,Santo Domingo de los Tsachilas,D,4,0,33.28200988160765
2017-08-20,5,HOME AND KITCHEN II,Santo Domingo,Santo Domingo de los Tsachilas,D,4,0,24.943635814826557
2017-08-20,5,HOME APPLIANCES,Santo Domingo,Santo Domingo de los Tsachilas,D,4,0,2.702575471337353
2017-08-20,5,HOME CARE,Santo Domingo,Santo Domingo de los Tsachilas,D,4,0,251.39140519762864
2017-08-20,5,LADIESWEAR,Santo Domingo,Santo Domingo de los Tsachilas,D,4,0,18.051165706143255
2017-08-20,5,LAWN AND GARDEN,Santo Domingo,Santo Domingo de los Tsachilas,D,4,0,9.659671077003162
2017-08-20,5,LINGERIE,Santo Domingo,Santo Domingo de los Tsachilas,D,4,0,12.600920311488627
2017-08-20,5,"LIQUOR,WINE,BEER",Santo Domingo,Santo Domingo de los Tsachilas,D,4,0,55.188043557852886
2017-08-20,5,MAGAZINES,Santo Domingo,Santo Domingo de los Tsachilas,D,4,0,15.249364277460193
2017-08-20,5,MEATS,Santo Domingo,Santo Domingo de los Tsachilas,D,4,0,264.6016754425767
2017-08-20,5,PERSONAL CARE,Santo Domingo,Santo Domingo de los Tsachilas,D,4,0,286.4467653685055
2017-08-20,5,PET SUPPLIES,Santo Domingo,Santo Domingo de los Tsachilas,D,4,0,4.921230252441211
2017-08-20,5,PLAYERS AND ELECTRONICS,Santo Domingo,Santo Domingo de los Tsachilas,D,4,0,9.252841828422756
2017-08-20,5,POULTRY,Santo Domingo,Santo Domingo de los Tsachilas,D,4,0,261.14977059395795
2017-08-20,5,PREPARED FOODS,Santo Domingo,Santo Domingo de los Tsachilas,D,4,0,65.75179100601916
2017-08-20,5,PRODUCE,Santo Domingo,Santo Domingo de los Tsachilas,D,4,0,1745.9812513880058
2017-08-20,5,SCHOOL AND OFFICE SUPPLIES,Santo Domingo,Santo Domingo de los Tsachilas,D,4,0,3.0600956928007834
2017-08-20,5,SEAFOOD,Santo Domingo,Santo Domingo de los Tsachilas,D,4,0,11.110316929531853
2017-08-20,6,AUTOMOTIVE,Quito,Pichincha,D,13,0,9.600090607506248
2017-08-20,6,BABY CARE,Quito,Pichincha,D,13,0,2.8122020248487223
2017-08-20,6,BEAUTY,Quito,Pichincha,D,13,0,8.8164278413349
2017-08-20,6,BEVERAGES,Quito,Pichincha,D,13,0,4447.669328912801
2017-08-20,6,BOOKS,Quito,Pichincha,D,13,0,2.8122020248487223
2017-08-20,6,BREAD/BAKERY,Quito,Pichincha,D,13,0,634.6752088200643
2017-08-20,6,CELEBRATION,Quito,Pichincha,D,13,0,11.259510999566375
2017-08-20,6,CLEANING,Quito,Pichincha,D,13,0,1458.3847382249248
2017-08-20,6,DAIRY,Quito,Pichincha,D,13,0,1293.9061284107065
2017-08-20,6,DELI,Quito,Pichincha,D,13,0,433.15670382716036
2017-08-20,6,EGGS,Quito,Pichincha,D,13,0,246.9184154169644
2017-08-20,6,FROZEN FOODS,Quito,Pichincha,D,13,0,183.55085070217257
2017-08-20,6,GROCERY I,Quito,Pichincha,D,13,0,5971.513578774358
2017-08-20,6,GROCERY II,Quito,Pichincha,D,13,0,45.83383430097572
2017-08-20,6,HARDWARE,Quito,Pichincha,D,13,0,2.921697090870308
2017-08-20,6,HOME AND KITCHEN I,Quito,Pichincha,D,13,0,30.850939328864797
2017-08-20,6,HOME AND KITCHEN II,Quito,Pichincha,D,13,0,36.28069210373889
2017-08-20,6,HOME APPLIANCES,Quito,Pichincha,D,13,0,2.785416916645634
2017-08-20,6,HOME CARE,Quito,Pichincha,D,13,0,421.68934038895617
2017-08-20,6,LADIESWEAR,Quito,Pichincha,D,13,0,35.48188994480679
2017-08-20,6,LAWN AND GARDEN,Quito,Pichincha,D,13,0,24.66564470479442
2017-08-20,6,LINGERIE,Quito,Pichincha,D,13,0,10.318069477571955
2017-08-20,6,"LIQUOR,WINE,BEER",Quito,Pichincha,D,13,0,85.98410597834018
2017-08-20,6,MAGAZINES,Quito,Pichincha,D,13,0,8.84212176799901
2017-08-20,6,MEATS,Quito,Pichincha,D,13,0,534.5671378761298
2017-08-20,6,PERSONAL CARE,Quito,Pichincha,D,13,0,450.0536557196992
2017-08-20,6,PET SUPPLIES,Quito,Pichincha,D,13,0,10.75763953936181
2017-08-20,6,PLAYERS AND ELECTRONICS,Quito,Pichincha,D,13,0,22.971104333207425
2017-08-20,6,POULTRY,Quito,Pichincha,D,13,0,676.3912480702398
2017-08-20,6,PREPARED FOODS,Quito,Pichincha,D,13,0,128.0692280135636
2017-08-20,6,PRODUCE,Quito,Pichincha,D,13,0,3418.652780065543
2017-08-20,6,SCHOOL AND OFFICE SUPPLIES,Quito,Pichincha,D,13,0,2.5036815097597227
2017-08-20,6,SEAFOOD,Quito,Pichincha,D,13,0,44.79189542993078
2017-08-20,7,AUTOMOTIVE,Quito,Pichincha,D,8,0,8.075522760215145
2017-08-20,7,BABY CARE,Quito,Pichincha,D,8,0,2.837510541411276
2017-08-20,7,BEAUTY,Quito,Pichincha,D,8,0,9.854419641702949
2017-08-20,7,BEVERAGES,Quito,Pichincha,D,8,0,3582.3128556356464
2017-08-20,7,BOOKS,Quito,Pichincha,D,8,0,2.837510541411276
2017-08-20,7,BREAD/BAKERY,Quito,Pichincha,D,8,0,625.2666607837892
2017-08-20,7,CELEBRATION,Quito,Pichincha,D,8,0,17.146327532662717
2017-08-20,7,CLEANING,Quito,Pichincha,D,8,0,851.2171970532179
2017-08-20,7,DAIRY,Quito,Pichincha,D,8,0,1249.9357828643647
2017-08-20,7,DELI,Quito,Pichincha,D,8,0,176.40717822619618
2017-08-20,7,EGGS,Quito,Pichincha,D,8,0,273.5027151327301
2017-08-20,7,FROZEN FOODS,Quito,Pichincha,D,8,0,206.34248330834902
2017-08-20,7,GROCERY I,Quito,Pichincha,D,8,0,3221.2508527983014
2017-08-20,7,GROCERY II,Quito,Pichincha,D,8,0,34.73700214672112
2017-08-20,7,HARDWARE,Quito,Pichincha,D,8,0,3.6917555735192047
2017-08-20,7,HOME AND KITCHEN I,Quito,Pichincha,D,8,0,35.355183115174185
2017-08-20,7,HOME AND KITCHEN II,Quito,Pichincha,D,8,0,46.01194169983172
2017-08-20,7,HOME APPLIANCES,Quito,Pichincha,D,8,0,2.8107254332081877
2017-08-20,7,HOME CARE,Quito,Pichincha,D,8,0,261.5812628560629
2017-08-20,7,LADIESWEAR,Quito,Pichincha,D,8,0,19.819810453528763
2017-08-20,7,LAWN AND GARDEN,Quito,Pichincha,D,8,0,35.41724395258249
2017-08-20,7,LINGERIE,Quito,Pichincha,D,8,0,9.513290904392464
2017-08-20,7,"LIQUOR,WINE,BEER",Quito,Pichincha,D,8,0,127.86188964116091
2017-08-20,7,MAGAZINES,Quito,Pichincha,D,8,0,21.837134129282003
2017-08-20,7,MEATS,Quito,Pichincha,D,8,0,435.671307815821
2017-08-20,7,PERSONAL CARE,Quito,Pichincha,D,8,0,241.78076834217543
2017-08-20,7,PET SUPPLIES,Quito,Pichincha,D,8,0,8.82806946270048
2017-08-20,7,PLAYERS AND ELECTRONICS,Quito,Pichincha,D,8,0,18.11397740456389
2017-08-20,7,POULTRY,Quito,Pichincha,D,8,0,592.0085459498508
2017-08-20,7,PREPARED FOODS,Quito,Pichincha,D,8,0,130.83745134363048
2017-08-20,7,PRODUCE,Quito,Pichincha,D,8,0,4230.457514640843
2017-08-20,7,SCHOOL AND OFFICE SUPPLIES,Quito,Pichincha,D,8,0,2.9782244772416426
2017-08-20,7,SEAFOOD,Quito,Pichincha,D,8,0,35.53839574211378
2017-08-20,8,AUTOMOTIVE,Quito,Pichincha,D,8,0,7.588354586060002
2017-08-20,8,BABY CARE,Quito,Pichincha,D,8,0,3.1186711845628814
2017-08-20,8,BEAUTY,Quito,Pichincha,D,8,0,11.37731388696332
2017-08-20,8,BEVERAGES,Quito,Pichincha,D,8,0,5320.87597730581
2017-08-20,8,BOOKS,Quito,Pichincha,D,8,0,2.7254023217349417
2017-08-20,8,BREAD/BAKERY,Quito,Pichincha,D,8,0,919.6685216713387
2017-08-20,8,CELEBRATION,Quito,Pichincha,D,8,0,19.156168748344477
2017-08-20,8,CLEANING,Quito,Pichincha,D,8,0,1358.653124634013
2017-08-20,8,DAIRY,Quito,Pichincha,D,8,0,1695.2216075632855
2017-08-20,8,DELI,Quito,Pichincha,D,8,0,359.8908611425828
2017-08-20,8,EGGS,Quito,Pichincha,D,8,0,436.4841018010654
2017-08-20,8,FROZEN FOODS,Quito,Pichincha,D,8,0,170.5480855291105
2017-08-20,8,GROCERY I,Quito,Pichincha,D,8,0,5619.378552976318
2017-08-20,8,GROCERY II,Quito,Pichincha,D,8,0,44.243225206828726
2017-08-20,8,HARDWARE,Quito,Pichincha,D,8,0,5.445665230607445
2017-08-20,8,HOME AND KITCHEN I,Quito,Pichincha,D,8,0,41.69450362153105
2017-08-20,8,HOME AND KITCHEN II,Quito,Pichincha,D,8,0,45.558854072370245
2017-08-20,8,HOME APPLIANCES,Quito,Pichincha,D,8,0,2.6986172135318536
2017-08-20,8,HOME CARE,Quito,Pichincha,D,8,0,427.27330347218435
2017-08-20,8,LADIESWEAR,Quito,Pichincha,D,8,0,33.200168020614726
2017-08-20,8,LAWN AND GARDEN,Quito,Pichincha,D,8,0,37.31063230779568
2017-08-20,8,LINGERIE,Quito,Pichincha,D,8,0,22.89900935765519
2017-08-20,8,"LIQUOR,WINE,BEER",Quito,Pichincha,D,8,0,95.57601864577518
2017-08-20,8,MAGAZINES,Quito,Pichincha,D,8,0,22.65431682869812
2017-08-20,8,MEATS,Quito,Pichincha,D,8,0,487.6144098752993
2017-08-20,8,PERSONAL CARE,Quito,Pichincha,D,8,0,451.30403812204156
2017-08-20,8,PET SUPPLIES,Quito,Pichincha,D,8,0,23.419062135418468
2017-08-20,8,PLAYERS AND ELECTRONICS,Quito,Pichincha,D,8,0,22.884304630093645
2017-08-20,8,POULTRY,Quito,Pichincha,D,8,0,696.2224456602725
2017-08-20,8,PREPARED FOODS,Quito,Pichincha,D,8,0,170.46758963389217
2017-08-20,8,PRODUCE,Quito,Pichincha,D,8,0,5571.346279184201
2017-08-20,8,SCHOOL AND OFFICE SUPPLIES,Quito,Pichincha,D,8,0,2.8284895723207724
2017-08-20,8,SEAFOOD,Quito,Pichincha,D,8,0,34.10879003858506
2017-08-20,9,AUTOMOTIVE,Quito,Pichincha,B,6,0,15.457883563596303
2017-08-20,9,BABY CARE,Quito,Pichincha,B,6,0,2.539034148039699
2017-08-20,9,BEAUTY,Quito,Pichincha,B,6,0,10.267720738593118
2017-08-20,9,BEVERAGES,Quito,Pichincha,B,6,0,4306.211686951628
2017-08-20,9,BOOKS,Quito,Pichincha,B,6,0,2.539034148039699
2017-08-20,9,BREAD/BAKERY,Quito,Pichincha,B,6,0,605.0467355247413
2017-08-20,9,CELEBRATION,Quito,Pichincha,B,6,0,16.131531525224723
2017-08-20,9,CLEANING,Quito,Pichincha,B,6,0,1846.7152907739494
2017-08-20,9,DAIRY,Quito,Pichincha,B,6,0,1002.5903104353503
2017-08-20,9,DELI,Quito,Pichincha,B,6,0,635.3180687774015
2017-08-20,9,EGGS,Quito,Pichincha,B,6,0,252.10193749058877
2017-08-20,9,FROZEN FOODS,Quito,Pichincha,B,6,0,125.60917424467702
2017-08-20,9,GROCERY I,Quito,Pichincha,B,6,0,7648.785437547817
2017-08-20,9,GROCERY II,Quito,Pichincha,B,6,0,13.207013785093071
2017-08-20,9,HARDWARE,Quito,Pichincha,B,6,0,2.944701377817487
2017-08-20,9,HOME AND KITCHEN I,Quito,Pichincha,B,6,0,53.38425842109401
2017-08-20,9,HOME AND KITCHEN II,Quito,Pichincha,B,6,0,49.6043192393325
2017-08-20,9,HOME APPLIANCES,Quito,Pichincha,B,6,0,2.512249039836611
2017-08-20,9,HOME CARE,Quito,Pichincha,B,6,0,496.59563065545706
2017-08-20,9,LADIESWEAR,Quito,Pichincha,B,6,0,13.889336228934319
2017-08-20,9,LAWN AND GARDEN,Quito,Pichincha,B,6,0,9.504002334703653
2017-08-20,9,LINGERIE,Quito,Pichincha,B,6,0,14.396492143660199
2017-08-20,9,"LIQUOR,WINE,BEER",Quito,Pichincha,B,6,0,39.22552005745143
2017-08-20,9,MAGAZINES,Quito,Pichincha,B,6,0,9.380461595277882
2017-08-20,9,MEATS,Quito,Pichincha,B,6,0,400.4682351236603
2017-08-20,9,PERSONAL CARE,Quito,Pichincha,B,6,0,583.2786259224843
2017-08-20,9,PET SUPPLIES,Quito,Pichincha,B,6,0,7.34055269839628
2017-08-20,9,PLAYERS AND ELECTRONICS,Quito,Pichincha,B,6,0,9.646375238335397
2017-08-20,9,POULTRY,Quito,Pichincha,B,6,0,498.42659973198454
2017-08-20,9,PREPARED FOODS,Quito,Pichincha,B,6,0,131.58874050919707
2017-08-20,9,PRODUCE,Quito,Pichincha,B,6,0,1944.9561585127442
2017-08-20,9,SCHOOL AND OFFICE SUPPLIES,Quito,Pichincha,B,6,0,156.52684697782172
2017-08-20,9,SEAFOOD,Quito,Pichincha,B,6,0,23.046798419159675
2017-08-20,10,AUTOMOTIVE,Quito,Pichincha,C,15,0,3.71464159691766
2017-08-20,10,BABY CARE,Quito,Pichincha,C,15,0,1.501243810739609
2017-08-20,10,BEAUTY,Quito,Pichincha,C,15,0,5.234090640046717
2017-08-20,10,BEVERAGES,Quito,Pichincha,C,15,0,1665.523962650488
2017-08-20,10,BOOKS,Quito,Pichincha,C,15,0,1.501243810739609
2017-08-20,10,BREAD/BAKERY,Quito,Pichincha,C,15,0,136.59234197717757
2017-08-20,10,CELEBRATION,Quito,Pichincha,C,15,0,4.760294125665301
2017-08-20,10,CLEANING,Quito,Pichincha,C,15,0,788.5252805373079
2017-08-20,10,DAIRY,Quito,Pichincha,C,15,0,334.93610960905323
2017-08-20,10,DELI,Quito,Pichincha,C,15,0,319.38280651286084
2017-08-20,10,EGGS,Quito,Pichincha,C,15,0,67.28428344308088
2017-08-20,10,FROZEN FOODS,Quito,Pichincha,C,15,0,46.973138185713935
2017-08-20,10,GROCERY I,Quito,Pichincha,C,15,0,3025.1534552947264
2017-08-20,10,GROCERY II,Quito,Pichincha,C,15,0,9.14223425168323
2017-08-20,10,HARDWARE,Quito,Pichincha,C,15,0,1.9777930700269029
2017-08-20,10,HOME AND KITCHEN I,Quito,Pichincha,C,15,0,9.76429961066756
2017-08-20,10,HOME AND KITCHEN II,Quito,Pichincha,C,15,0,12.770126843245206
2017-08-20,10,HOME APPLIANCES,Quito,Pichincha,C,15,0,1.8431096983052233
2017-08-20,10,HOME CARE,Quito,Pichincha,C,15,0,196.25820005013057
2017-08-20,10,LADIESWEAR,Quito,Pichincha,C,15,0,9.60663018058246
2017-08-20,10,LAWN AND GARDEN,Quito,Pichincha,C,15,0,2.6604492436093445
2017-08-20,10,LINGERIE,Quito,Pichincha,C,15,0,3.210795737630575
2017-08-20,10,"LIQUOR,WINE,BEER",Quito,Pichincha,C,15,0,0.0
2017-08-20,10,MAGAZINES,Quito,Pichincha,C,15,0,2.385443019523406
2017-08-20,10,MEATS,Quito,Pichincha,C,15,0,179.69275581869152
2017-08-20,10,PERSONAL CARE,Quito,Pichincha,C,15,0,197.71868739450227
2017-08-20,10,PET SUPPLIES,Quito,Pichincha,C,15,0,2.7217641216751587
2017-08-20,10,PLAYERS AND ELECTRONICS,Quito,Pichincha,C,15,0,4.329516300162688
2017-08-20,10,POULTRY,Quito,Pichincha,C,15,0,178.76174466199032
2017-08-20,10,PREPARED FOODS,Quito,Pichincha,C,15,0,33.800704308147736
2017-08-20,10,PRODUCE,Quito,Pichincha,C,15,0,284.06786495359523
2017-08-20,10,SCHOOL AND OFFICE SUPPLIES,Quito,Pichincha,C,15,0,8.63702057116508
2017-08-20,10,SEAFOOD,Quito,Pichincha,C,15,0,5.504477095667897
2017-08-20,11,AUTOMOTIVE,Cayambe,Pichincha,B,6,0,8.77432614302367
2017-08-20,11,BABY CARE,Cayambe,Pichincha,B,6,0,2.575595997657014
2017-08-20,11,BEAUTY,Cayambe,Pichincha,B,6,0,6.2262856313849655
2017-08-20,11,BEVERAGES,Cayambe,Pichincha,B,6,0,4659.374090941506
2017-08-20,11,BOOKS,Cayambe,Pichincha,B,6,0,2.206945001888313
2017-08-20,11,BREAD/BAKERY,Cayambe,Pichincha,B,6,0,768.0647182785879
2017-08-20,11,CELEBRATION,Cayambe,Pichincha,B,6,0,16.98764738636447
2017-08-20,11,CLEANING,Cayambe,Pichincha,B,6,0,1811.544280072533
2017-08-20,11,DAIRY,Cayambe,Pichincha,B,6,0,723.7081089000935
2017-08-20,11,DELI,Cayambe,Pichincha,B,6,0,550.6325915234389
2017-08-20,11,EGGS,Cayambe,Pichincha,B,6,0,287.13907298421447
2017-08-20,11,FROZEN FOODS,Cayambe,Pichincha,B,6,0,116.42026205409731
2017-08-20,11,GROCERY I,Cayambe,Pichincha,B,6,0,8252.477108230645
2017-08-20,11,GROCERY II,Cayambe,Pichincha,B,6,0,26.931085915505005
2017-08-20,11,HARDWARE,Cayambe,Pichincha,B,6,0,2.9470679655121064
2017-08-20,11,HOME AND KITCHEN I,Cayambe,Pichincha,B,6,0,32.78574553525946
2017-08-20,11,HOME AND KITCHEN II,Cayambe,Pichincha,B,6,0,14.505653569452432
2017-08-20,11,HOME APPLIANCES,Cayambe,Pichincha,B,6,0,2.1801598936852247
2017-08-20,11,HOME CARE,Cayambe,Pichincha,B,6,0,532.6610283622615
2017-08-20,11,LADIESWEAR,Cayambe,Pichincha,B,6,0,9.239363777190484
2017-08-20,11,LAWN AND GARDEN,Cayambe,Pichincha,B,6,0,7.394156353309449
2017-08-20,11,LINGERIE,Cayambe,Pichincha,B,6,0,9.08909872270855
2017-08-20,11,"LIQUOR,WINE,BEER",Cayambe,Pichincha,B,6,0,16.878609308519376
2017-08-20,11,MAGAZINES,Cayambe,Pichincha,B,6,0,4.132173226700044
2017-08-20,11,MEATS,Cayambe,Pichincha,B,6,0,628.5565178100776
2017-08-20,11,PERSONAL CARE,Cayambe,Pichincha,B,6,0,461.2873618940791
2017-08-20,11,PET SUPPLIES,Cayambe,Pichincha,B,6,0,4.192518233148353
2017-08-20,11,PLAYERS AND ELECTRONICS,Cayambe,Pichincha,B,6,0,20.616131903517445
2017-08-20,11,POULTRY,Cayambe,Pichincha,B,6,0,483.07248724930224
2017-08-20,11,PREPARED FOODS,Cayambe,Pichincha,B,6,0,94.004907090411
2017-08-20,11,PRODUCE,Cayambe,Pichincha,B,6,0,1471.746160366491
2017-08-20,11,SCHOOL AND OFFICE SUPPLIES,Cayambe,Pichincha,B,6,0,22.935844585309415
2017-08-20,11,SEAFOOD,Cayambe,Pichincha,B,6,0,8.77432614302367
2017-08-20,12,AUTOMOTIVE,Latacunga,Cotopaxi,C,15,0,6.208814002393944
2017-08-20,12,BABY CARE,Latacunga,Cotopaxi,C,15,0,0.6458813885653439
2017-08-20,12,BEAUTY,Latacunga,Cotopaxi,C,15,0,2.601895415629858
2017-08-20,12,BEVERAGES,Latacunga,Cotopaxi,C,15,0,1665.4257094738023
2017-08-20,12,BOOKS,Latacunga,Cotopaxi,C,15,0,0.6458813885653439
2017-08-20,12,BREAD/BAKERY,Latacunga,Cotopaxi,C,15,0,194.51443176138093
2017-08-20,12,CELEBRATION,Latacunga,Cotopaxi,C,15,0,16.545543787628255
2017-08-20,12,CLEANING,Latacunga,Cotopaxi,C,15,0,706.4609572505655
2017-08-20,12,DAIRY,Latacunga,Cotopaxi,C,15,0,417.2135577436495
2017-08-20,12,DELI,Latacunga,Cotopaxi,C,15,0,211.6255557727139
2017-08-20,12,EGGS,Latacunga,Cotopaxi,C,15,0,64.47864312279032
2017-08-20,12,FROZEN FOODS,Latacunga,Cotopaxi,C,15,0,30.03130492318609
2017-08-20,12,GROCERY I,Latacunga,Cotopaxi,C,15,0,2699.949679911475
2017-08-20,12,GROCERY II,Latacunga,Cotopaxi,C,15,0,6.702949907412978
2017-08-20,12,HARDWARE,Latacunga,Cotopaxi,C,15,0,0.6432682349105948
2017-08-20,12,HOME AND KITCHEN I,Latacunga,Cotopaxi,C,15,0,14.626686474917614
2017-08-20,12,HOME AND KITCHEN II,Latacunga,Cotopaxi,C,15,0,21.42886647931813
2017-08-20,12,HOME APPLIANCES,Latacunga,Cotopaxi,C,15,0,0.6190962803622556
2017-08-20,12,HOME CARE,Latacunga,Cotopaxi,C,15,0,160.89444237481354
2017-08-20,12,LADIESWEAR,Latacunga,Cotopaxi,C,15,0,7.495915827749708
2017-08-20,12,LAWN AND GARDEN,Latacunga,Cotopaxi,C,15,0,1.548544045342709
2017-08-20,12,LINGERIE,Latacunga,Cotopaxi,C,15,0,4.92606938031843
2017-08-20,12,"LIQUOR,WINE,BEER",Latacunga,Cotopaxi,C,15,0,7.287728802130044
2017-08-20,12,MAGAZINES,Latacunga,Cotopaxi,C,15,0,2.627589342293971
2017-08-20,12,MEATS,Latacunga,Cotopaxi,C,15,0,137.67835549034368
2017-08-20,12,PERSONAL CARE,Latacunga,Cotopaxi,C,15,0,176.10578745560338
2017-08-20,12,PET SUPPLIES,Latacunga,Cotopaxi,C,15,0,2.262803624056687
2017-08-20,12,PLAYERS AND ELECTRONICS,Latacunga,Cotopaxi,C,15,0,6.852035374452684
2017-08-20,12,POULTRY,Latacunga,Cotopaxi,C,15,0,146.09189802815052
2017-08-20,12,PREPARED FOODS,Latacunga,Cotopaxi,C,15,0,29.371617987945356
2017-08-20,12,PRODUCE,Latacunga,Cotopaxi,C,15,0,361.5263922640258
2017-08-20,12,SCHOOL AND OFFICE SUPPLIES,Latacunga,Cotopaxi,C,15,0,6.018660150753571
2017-08-20,12,SEAFOOD,Latacunga,Cotopaxi,C,15,0,2.4112253049034544
2017-08-20,13,AUTOMOTIVE,Latacunga,Cotopaxi,C,15,0,4.117472116638766
2017-08-20,13,BABY CARE,Latacunga,Cotopaxi,C,15,0,0.6458813885653439
2017-08-20,13,BEAUTY,Latacunga,Cotopaxi,C,15,0,3.7486778231145843
2017-08-20,13,BEVERAGES,Latacunga,Cotopaxi,C,15,0,1437.3658120472335
2017-08-20,13,BOOKS,Latacunga,Cotopaxi,C,15,0,0.6458813885653439
2017-08-20,13,BREAD/BAKERY,Latacunga,Cotopaxi,C,15,0,128.39475618362317
2017-08-20,13,CELEBRATION,Latacunga,Cotopaxi,C,15,0,6.701568201967617
2017-08-20,13,CLEANING,Latacunga,Cotopaxi,C,15,0,620.9891939272966
2017-08-20,13,DAIRY,Latacunga,Cotopaxi,C,15,0,280.8716078561145
2017-08-20,13,DELI,Latacunga,Cotopaxi,C,15,0,165.48656107775344
2017-08-20,13,EGGS,Latacunga,Cotopaxi,C,15,0,50.924616864143054
2017-08-20,13,FROZEN FOODS,Latacunga,Cotopaxi,C,15,0,29.614938235459434
2017-08-20,13,GROCERY I,Latacunga,Cotopaxi,C,15,0,2414.5754952289576
2017-08-20,13,GROCERY II,Latacunga,Cotopaxi,C,15,0,9.542743832011842
2017-08-20,13,HARDWARE,Latacunga,Cotopaxi,C,15,0,0.6432682349105948
2017-08-20,13,HOME AND KITCHEN I,Latacunga,Cotopaxi,C,15,0,14.499171693923964
2017-08-20,13,HOME AND KITCHEN II,Latacunga,Cotopaxi,C,15,0,8.858292779677104
2017-08-20,13,HOME APPLIANCES,Latacunga,Cotopaxi,C,15,0,0.6190962803622556
2017-08-20,13,HOME CARE,Latacunga,Cotopaxi,C,15,0,140.6593014891289
2017-08-20,13,LADIESWEAR,Latacunga,Cotopaxi,C,15,0,3.7411284389058532
2017-08-20,13,LAWN AND GARDEN,Latacunga,Cotopaxi,C,15,0,1.548544045342709
2017-08-20,13,LINGERIE,Latacunga,Cotopaxi,C,15,0,2.447151146565448
2017-08-20,13,"LIQUOR,WINE,BEER",Latacunga,Cotopaxi,C,15,0,9.394805032494444
2017-08-20,13,MAGAZINES,Latacunga,Cotopaxi,C,15,0,1.5188587870616161
2017-08-20,13,MEATS,Latacunga,Cotopaxi,C,15,0,122.82988790400667
2017-08-20,13,PERSONAL CARE,Latacunga,Cotopaxi,C,15,0,199.65784584198465
2017-08-20,13,PET SUPPLIES,Latacunga,Cotopaxi,C,15,0,1.497750703732188
2017-08-20,13,PLAYERS AND ELECTRONICS,Latacunga,Cotopaxi,C,15,0,5.64728863712265
2017-08-20,13,POULTRY,Latacunga,Cotopaxi,C,15,0,98.58635165519784
2017-08-20,13,PREPARED FOODS,Latacunga,Cotopaxi,C,15,0,23.69494916837123
2017-08-20,13,PRODUCE,Latacunga,Cotopaxi,C,15,0,186.99469250792652
2017-08-20,13,SCHOOL AND OFFICE SUPPLIES,Latacunga,Cotopaxi,C,15,0,8.916416592579592
2017-08-20,13,SEAFOOD,Latacunga,Cotopaxi,C,15,0,2.127736722722768
2017-08-20,14,AUTOMOTIVE,Riobamba,Chimborazo,C,7,0,4.020544010149046
2017-08-20,14,BABY CARE,Riobamba,Chimborazo,C,7,0,0.0
2017-08-20,14,BEAUTY,Riobamba,Chimborazo,C,7,0,0.7481453049577481
2017-08-20,14,BEVERAGES,Riobamba,Chimborazo,C,7,0,1801.7106629084583
2017-08-20,14,BOOKS,Riobamba,Chimborazo,C,7,0,0.0
2017-08-20,14,BREAD/BAKERY,Riobamba,Chimborazo,C,7,0,145.66310770125986
2017-08-20,14,CELEBRATION,Riobamba,Chimborazo,C,7,0,10.57789890380512
2017-08-20,14,CLEANING,Riobamba,Chimborazo,C,7,0,641.2004111377948
2017-08-20,14,DAIRY,Riobamba,Chimborazo,C,7,0,314.76371005037885
2017-08-20,14,DELI,Riobamba,Chimborazo,C,7,0,206.37929100999654
2017-08-20,14,EGGS,Riobamba,Chimborazo,C,7,0,38.07603204505936
2017-08-20,14,FROZEN FOODS,Riobamba,Chimborazo,C,7,0,36.99067078316684
2017-08-20,14,GROCERY I,Riobamba,Chimborazo,C,7,0,2415.14931504553
2017-08-20,14,GROCERY II,Riobamba,Chimborazo,C,7,0,4.050414167609483
2017-08-20,14,HARDWARE,Riobamba,Chimborazo,C,7,0,0.0
2017-08-20,14,HOME AND KITCHEN I,Riobamba,Chimborazo,C,7,0,4.784351410169333
2017-08-20,14,HOME AND KITCHEN II,Riobamba,Chimborazo,C,7,0,18.983213456391596
2017-08-20,14,HOME APPLIANCES,Riobamba,Chimborazo,C,7,0,0.0
2017-08-20,14,HOME CARE,Riobamba,Chimborazo,C,7,0,160.2525202021646
2017-08-20,14,LADIESWEAR,Riobamba,Chimborazo,C,7,0,1.8337868389179326
2017-08-20,14,LAWN AND GARDEN,Riobamba,Chimborazo,C,7,0,0.5200359077222633
2017-08-20,14,LINGERIE,Riobamba,Chimborazo,C,7,0,1.6342908331556658
2017-08-20,14,"LIQUOR,WINE,BEER",Riobamba,Chimborazo,C,7,0,2.2558529503069567
2017-08-20,14,MAGAZINES,Riobamba,Chimborazo,C,7,0,3.25275746537486
2017-08-20,14,MEATS,Riobamba,Chimborazo,C,7,0,217.13549383579218
2017-08-20,14,PERSONAL CARE,Riobamba,Chimborazo,C,7,0,195.30620220476823
2017-08-20,14,PET SUPPLIES,Riobamba,Chimborazo,C,7,0,0.6585979438251656
2017-08-20,14,PLAYERS AND ELECTRONICS,Riobamba,Chimborazo,C,7,0,5.0565358466381385
2017-08-20,14,POULTRY,Riobamba,Chimborazo,C,7,0,87.02454649721278
2017-08-20,14,PREPARED FOODS,Riobamba,Chimborazo,C,7,0,83.20057323472031
2017-08-20,14,PRODUCE,Riobamba,Chimborazo,C,7,0,376.21291655164424
2017-08-20,14,SCHOOL AND OFFICE SUPPLIES,Riobamba,Chimborazo,C,7,0,4.233552542194437
2017-08-20,14,SEAFOOD,Riobamba,Chimborazo,C,7,0,4.720542152852816
2017-08-20,15,AUTOMOTIVE,Ibarra,Imbabura,C,15,0,5.195270611397937
2017-08-20,15,BABY CARE,Ibarra,Imbabura,C,15,0,1.2008725011281813
2017-08-20,15,BEAUTY,Ibarra,Imbabura,C,15,0,3.540137475770662
2017-08-20,15,BEVERAGES,Ibarra,Imbabura,C,15,0,1517.651809308573
2017-08-20,15,BOOKS,Ibarra,Imbabura,C,15,0,0.6208236787973264
2017-08-20,15,BREAD/BAKERY,Ibarra,Imbabura,C,15,0,139.50246022312623
2017-08-20,15,CELEBRATION,Ibarra,Imbabura,C,15,0,6.4673648607712675
2017-08-20,15,CLEANING,Ibarra,Imbabura,C,15,0,689.6178095960022
2017-08-20,15,DAIRY,Ibarra,Imbabura,C,15,0,264.20004177529114
2017-08-20,15,DELI,Ibarra,Imbabura,C,15,0,217.6005138438459
2017-08-20,15,EGGS,Ibarra,Imbabura,C,15,0,101.46576619421653
2017-08-20,15,FROZEN FOODS,Ibarra,Imbabura,C,15,0,50.91728317535206
2017-08-20,15,GROCERY I,Ibarra,Imbabura,C,15,0,2400.225926833016
2017-08-20,15,GROCERY II,Ibarra,Imbabura,C,15,0,6.153973986531751
2017-08-20,15,HARDWARE,Ibarra,Imbabura,C,15,0,1.2937592440421735
2017-08-20,15,HOME AND KITCHEN I,Ibarra,Imbabura,C,15,0,8.481941894170253
2017-08-20,15,HOME AND KITCHEN II,Ibarra,Imbabura,C,15,0,14.497942639977975
2017-08-20,15,HOME APPLIANCES,Ibarra,Imbabura,C,15,0,0.5940385705942376
2017-08-20,15,HOME CARE,Ibarra,Imbabura,C,15,0,184.42110942142247
2017-08-20,15,LADIESWEAR,Ibarra,Imbabura,C,15,0,5.873674617197837
2017-08-20,15,LAWN AND GARDEN,Ibarra,Imbabura,C,15,0,1.5234863355746917
2017-08-20,15,LINGERIE,Ibarra,Imbabura,C,15,0,5.195270611397937
2017-08-20,15,"LIQUOR,WINE,BEER",Ibarra,Imbabura,C,15,0,0.0
2017-08-20,15,MAGAZINES,Ibarra,Imbabura,C,15,0,2.1290726748114266
2017-08-20,15,MEATS,Ibarra,Imbabura,C,15,0,99.19138307301587
2017-08-20,15,PERSONAL CARE,Ibarra,Imbabura,C,15,0,154.12175272449795
2017-08-20,15,PET SUPPLIES,Ibarra,Imbabura,C,15,0,2.026233778381676
2017-08-20,15,PLAYERS AND ELECTRONICS,Ibarra,Imbabura,C,15,0,5.58630508569264
2017-08-20,15,POULTRY,Ibarra,Imbabura,C,15,0,102.42900007055623
2017-08-20,15,PREPARED FOODS,Ibarra,Imbabura,C,15,0,36.88033364694377
2017-08-20,15,PRODUCE,Ibarra,Imbabura,C,15,0,529.2395752984837
2017-08-20,15,SCHOOL AND OFFICE SUPPLIES,Ibarra,Imbabura,C,15,0,9.162878971865213
2017-08-20,15,SEAFOOD,Ibarra,Imbabura,C,15,0,3.9940065689677384
2017-08-20,16,AUTOMOTIVE,Santo Domingo,Santo Domingo de los Tsachilas,C,3,0,7.5459975505569785
2017-08-20,16,BABY CARE,Santo Domingo,Santo Domingo de los Tsachilas,C,3,0,2.0506270655365344
2017-08-20,16,BEAUTY,Santo Domingo,Santo Domingo de los Tsachilas,C,3,0,2.6919468365476855
2017-08-20,16,BEVERAGES,Santo Domingo,Santo Domingo de los Tsachilas,C,3,0,1752.6704418382797
2017-08-20,16,BOOKS,Santo Domingo,Santo Domingo de los Tsachilas,C,3,0,1.6819760697678334
2017-08-20,16,BREAD/BAKERY,Santo Domingo,Santo Domingo de los Tsachilas,C,3,0,212.4572506544179
2017-08-20,16,CELEBRATION,Santo Domingo,Santo Domingo de los Tsachilas,C,3,0,6.543481481368846
2017-08-20,16,CLEANING,Santo Domingo,Santo Domingo de los Tsachilas,C,3,0,908.9551640438317
2017-08-20,16,DAIRY,Santo Domingo,Santo Domingo de los Tsachilas,C,3,0,356.4956335165693
2017-08-20,16,DELI,Santo Domingo,Santo Domingo de los Tsachilas,C,3,0,207.3463695010849
2017-08-20,16,EGGS,Santo Domingo,Santo Domingo de los Tsachilas,C,3,0,157.64584346999266
2017-08-20,16,FROZEN FOODS,Santo Domingo,Santo Domingo de los Tsachilas,C,3,0,41.5297104994277
2017-08-20,16,GROCERY I,Santo Domingo,Santo Domingo de los Tsachilas,C,3,0,2764.073724764922
2017-08-20,16,GROCERY II,Santo Domingo,Santo Domingo de los Tsachilas,C,3,0,8.496447876040735
2017-08-20,16,HARDWARE,Santo Domingo,Santo Domingo de los Tsachilas,C,3,0,1.6793629161130843
2017-08-20,16,HOME AND KITCHEN I,Santo Domingo,Santo Domingo de los Tsachilas,C,3,0,18.52449725576677
2017-08-20,16,HOME AND KITCHEN II,Santo Domingo,Santo Domingo de los Tsachilas,C,3,0,24.92442929006027
2017-08-20,16,HOME APPLIANCES,Santo Domingo,Santo Domingo de los Tsachilas,C,3,0,1.6551909615647449
2017-08-20,16,HOME CARE,Santo Domingo,Santo Domingo de los Tsachilas,C,3,0,218.79233128677456
2017-08-20,16,LADIESWEAR,Santo Domingo,Santo Domingo de los Tsachilas,C,3,0,4.871281921434053
2017-08-20,16,LAWN AND GARDEN,Santo Domingo,Santo Domingo de los Tsachilas,C,3,0,2.577607798301066
2017-08-20,16,LINGERIE,Santo Domingo,Santo Domingo de los Tsachilas,C,3,0,4.524953286752463
2017-08-20,16,"LIQUOR,WINE,BEER",Santo Domingo,Santo Domingo de los Tsachilas,C,3,0,16.236742695449035
2017-08-20,16,MAGAZINES,Santo Domingo,Santo Domingo de los Tsachilas,C,3,0,2.865674824550126
2017-08-20,16,MEATS,Santo Domingo,Santo Domingo de los Tsachilas,C,3,0,53.16445585691251
2017-08-20,16,PERSONAL CARE,Santo Domingo,Santo Domingo de los Tsachilas,C,3,0,169.97405134239574
2017-08-20,16,PET SUPPLIES,Santo Domingo,Santo Domingo de los Tsachilas,C,3,0,2.9024963807033832
2017-08-20,16,PLAYERS AND ELECTRONICS,Santo Domingo,Santo Domingo de los Tsachilas,C,3,0,4.0132661511813525
2017-08-20,16,POULTRY,Santo Domingo,Santo Domingo de los Tsachilas,C,3,0,65.4026109340236
2017-08-20,16,PREPARED FOODS,Santo Domingo,Santo Domingo de los Tsachilas,C,3,0,44.915334550275425
2017-08-20,16,PRODUCE,Santo Domingo,Santo Domingo de los Tsachilas,C,3,0,638.0295275499178
2017-08-20,16,SCHOOL AND OFFICE SUPPLIES,Santo Domingo,Santo Domingo de los Tsachilas,C,3,0,1.6370292590153366
2017-08-20,16,SEAFOOD,Santo Domingo,Santo Domingo de los Tsachilas,C,3,0,3.531188449241808
2017-08-20,17,AUTOMOTIVE,Quito,Pichincha,C,12,0,9.255514328702072
2017-08-20,17,BABY CARE,Quito,Pichincha,C,12,0,1.980406223681652
2017-08-20,17,BEAUTY,Quito,Pichincha,C,12,0,3.5768521640934963
2017-08-20,17,BEVERAGES,Quito,Pichincha,C,12,0,3990.4168358967713
2017-08-20,17,BOOKS,Quito,Pichincha,C,12,0,1.501243810739609
2017-08-20,17,BREAD/BAKERY,Quito,Pichincha,C,12,0,454.2151269491913
2017-08-20,17,CELEBRATION,Quito,Pichincha,C,12,0,7.465605426867815
2017-08-20,17,CLEANING,Quito,Pichincha,C,12,0,1339.449448430794
2017-08-20,17,DAIRY,Quito,Pichincha,C,12,0,886.6155538554009
2017-08-20,17,DELI,Quito,Pichincha,C,12,0,618.353772496518
2017-08-20,17,EGGS,Quito,Pichincha,C,12,0,238.90476011382077
2017-08-20,17,FROZEN FOODS,Quito,Pichincha,C,12,0,135.6785702782647
2017-08-20,17,GROCERY I,Quito,Pichincha,C,12,0,5437.595348640054
2017-08-20,17,GROCERY II,Quito,Pichincha,C,12,0,17.946355287894615
2017-08-20,17,HARDWARE,Quito,Pichincha,C,12,0,2.371061932854844
2017-08-20,17,HOME AND KITCHEN I,Quito,Pichincha,C,12,0,36.289721576687505
2017-08-20,17,HOME AND KITCHEN II,Quito,Pichincha,C,12,0,33.34092684659521
2017-08-20,17,HOME APPLIANCES,Quito,Pichincha,C,12,0,1.4744587025365206
2017-08-20,17,HOME CARE,Quito,Pichincha,C,12,0,382.5810758026556
2017-08-20,17,LADIESWEAR,Quito,Pichincha,C,12,0,4.69054966240583
2017-08-20,17,LAWN AND GARDEN,Quito,Pichincha,C,12,0,2.6604492436093445
2017-08-20,17,LINGERIE,Quito,Pichincha,C,12,0,8.312079236564092
2017-08-20,17,"LIQUOR,WINE,BEER",Quito,Pichincha,C,12,0,28.73114643878451
2017-08-20,17,MAGAZINES,Quito,Pichincha,C,12,0,5.771751924227563
2017-08-20,17,MEATS,Quito,Pichincha,C,12,0,292.18077743877353
2017-08-20,17,PERSONAL CARE,Quito,Pichincha,C,12,0,356.86892622004933
2017-08-20,17,PET SUPPLIES,Quito,Pichincha,C,12,0,3.0029247648267634
2017-08-20,17,PLAYERS AND ELECTRONICS,Quito,Pichincha,C,12,0,9.506321636526197
2017-08-20,17,POULTRY,Quito,Pichincha,C,12,0,447.4170043175257
2017-08-20,17,PREPARED FOODS,Quito,Pichincha,C,12,0,67.25286361039737
2017-08-20,17,PRODUCE,Quito,Pichincha,C,12,0,1746.5074362626392
2017-08-20,17,SCHOOL AND OFFICE SUPPLIES,Quito,Pichincha,C,12,0,29.616498339918472
2017-08-20,17,SEAFOOD,Quito,Pichincha,C,12,0,14.869781554433194
2017-08-20,18,AUTOMOTIVE,Quito,Pichincha,B,16,0,5.348553725549642
2017-08-20,18,BABY CARE,Quito,Pichincha,B,16,0,2.8484534880031522
2017-08-20,18,BEAUTY,Quito,Pichincha,B,16,0,6.274349179534107
2017-08-20,18,BEVERAGES,Quito,Pichincha,B,16,0,2739.801935010207
2017-08-20,18,BOOKS,Quito,Pichincha,B,16,0,1.9936091510482739
2017-08-20,18,BREAD/BAKERY,Quito,Pichincha,B,16,0,709.5776151312637
2017-08-20,18,CELEBRATION,Quito,Pichincha,B,16,0,11.141788025685186
2017-08-20,18,CLEANING,Quito,Pichincha,B,16,0,770.0371120630274
2017-08-20,18,DAIRY,Quito,Pichincha,B,16,0,731.5273545094477
2017-08-20,18,DELI,Quito,Pichincha,B,16,0,253.66068169271713
2017-08-20,18,EGGS,Quito,Pichincha,B,16,0,256.4382415690298
2017-08-20,18,FROZEN FOODS,Quito,Pichincha,B,16,0,67.66480361554933
2017-08-20,18,GROCERY I,Quito,Pichincha,B,16,0,3484.971665788879
2017-08-20,18,GROCERY II,Quito,Pichincha,B,16,0,14.245013530354651
2017-08-20,18,HARDWARE,Quito,Pichincha,B,16,0,3.0315010809312675
2017-08-20,18,HOME AND KITCHEN I,Quito,Pichincha,B,16,0,30.316833601677693
2017-08-20,18,HOME AND KITCHEN II,Quito,Pichincha,B,16,0,28.745957511038792
2017-08-20,18,HOME APPLIANCES,Quito,Pichincha,B,16,0,1.9668240428451853
2017-08-20,18,HOME CARE,Quito,Pichincha,B,16,0,286.3340401820946
2017-08-20,18,LADIESWEAR,Quito,Pichincha,B,16,0,13.364620739116429
2017-08-20,18,LAWN AND GARDEN,Quito,Pichincha,B,16,0,3.2649228035943403
2017-08-20,18,LINGERIE,Quito,Pichincha,B,16,0,7.599297532651881
2017-08-20,18,"LIQUOR,WINE,BEER",Quito,Pichincha,B,16,0,36.27172965292925
2017-08-20,18,MAGAZINES,Quito,Pichincha,B,16,0,4.555967997413837
2017-08-20,18,MEATS,Quito,Pichincha,B,16,0,108.88479447710276
2017-08-20,18,PERSONAL CARE,Quito,Pichincha,B,16,0,219.45100689565444
2017-08-20,18,PET SUPPLIES,Quito,Pichincha,B,16,0,4.66464123689108
2017-08-20,18,PLAYERS AND ELECTRONICS,Quito,Pichincha,B,16,0,9.73317494144918
2017-08-20,18,POULTRY,Quito,Pichincha,B,16,0,230.95196275359203
2017-08-20,18,PREPARED FOODS,Quito,Pichincha,B,16,0,66.680203112519
2017-08-20,18,PRODUCE,Quito,Pichincha,B,16,0,2283.1724343828096
2017-08-20,18,SCHOOL AND OFFICE SUPPLIES,Quito,Pichincha,B,16,0,48.05110776901695
2017-08-20,18,SEAFOOD,Quito,Pichincha,B,16,0,17.58201403898958
2017-08-20,19,AUTOMOTIVE,Guaranda,Bolivar,C,15,0,5.104667096617769
2017-08-20,19,BABY CARE,Guaranda,Bolivar,C,15,0,0.0
2017-08-20,19,BEAUTY,Guaranda,Bolivar,C,15,0,1.5439273129493638
2017-08-20,19,BEVERAGES,Guaranda,Bolivar,C,15,0,2419.6473322100696
2017-08-20,19,BOOKS,Guaranda,Bolivar,C,15,0,0.0
2017-08-20,19,BREAD/BAKERY,Guaranda,Bolivar,C,15,0,199.23128724658483
2017-08-20,19,CELEBRATION,Guaranda,Bolivar,C,15,0,5.169081390294837
2017-08-20,19,CLEANING,Guaranda,Bolivar,C,15,0,805.3945552284234
2017-08-20,19,DAIRY,Guaranda,Bolivar,C,15,0,357.2856196129843
2017-08-20,19,DELI,Guaranda,Bolivar,C,15,0,322.69116548785837
2017-08-20,19,EGGS,Guaranda,Bolivar,C,15,0,73.65641831123877
2017-08-20,19,FROZEN FOODS,Guaranda,Bolivar,C,15,0,36.70814462706667
2017-08-20,19,GROCERY I,Guaranda,Bolivar,C,15,0,3106.7390969181215
2017-08-20,19,GROCERY II,Guaranda,Bolivar,C,15,0,11.943850104697653
2017-08-20,19,HARDWARE,Guaranda,Bolivar,C,15,0,0.1877531415901041
2017-08-20,19,HOME AND KITCHEN I,Guaranda,Bolivar,C,15,0,11.500284526038572
2017-08-20,19,HOME AND KITCHEN II,Guaranda,Bolivar,C,15,0,28.42255884465392
2017-08-20,19,HOME APPLIANCES,Guaranda,Bolivar,C,15,0,0.0
2017-08-20,19,HOME CARE,Guaranda,Bolivar,C,15,0,176.2135637888182
2017-08-20,19,LADIESWEAR,Guaranda,Bolivar,C,15,0,12.089866374804648
2017-08-20,19,LAWN AND GARDEN,Guaranda,Bolivar,C,15,0,0.606835610836045
2017-08-20,19,LINGERIE,Guaranda,Bolivar,C,15,0,5.104667096617769
2017-08-20,19,"LIQUOR,WINE,BEER",Guaranda,Bolivar,C,15,0,16.731518136525363
2017-08-20,19,MAGAZINES,Guaranda,Bolivar,C,15,0,3.895215508325346
2017-08-20,19,MEATS,Guaranda,Bolivar,C,15,0,134.52320837988364
2017-08-20,19,PERSONAL CARE,Guaranda,Bolivar,C,15,0,201.1701944597102
2017-08-20,19,PET SUPPLIES,Guaranda,Bolivar,C,15,0,1.0127892066221318
2017-08-20,19,PLAYERS AND ELECTRONICS,Guaranda,Bolivar,C,15,0,5.149614832610833
2017-08-20,19,POULTRY,Guaranda,Bolivar,C,15,0,113.88025026456475
2017-08-20,19,PREPARED FOODS,Guaranda,Bolivar,C,15,0,31.282517878996387
2017-08-20,19,PRODUCE,Guaranda,Bolivar,C,15,0,452.5706332677268
2017-08-20,19,SCHOOL AND OFFICE SUPPLIES,Guaranda,Bolivar,C,15,0,6.741157379916089
2017-08-20,19,SEAFOOD,Guaranda,Bolivar,C,15,0,5.994231232793693
2017-08-20,20,AUTOMOTIVE,Quito,Pichincha,B,6,0,10.990574028894335
2017-08-20,20,BABY CARE,Quito,Pichincha,B,6,0,2.6495455652130375
2017-08-20,20,BEAUTY,Quito,Pichincha,B,6,0,4.736386266684182
2017-08-20,20,BEVERAGES,Quito,Pichincha,B,6,0,5940.376891132658
2017-08-20,20,BOOKS,Quito,Pichincha,B,6,0,2.539034148039699
2017-08-20,20,BREAD/BAKERY,Quito,Pichincha,B,6,0,866.0067194826786
2017-08-20,20,CELEBRATION,Quito,Pichincha,B,6,0,8.895582586952699
2017-08-20,20,CLEANING,Quito,Pichincha,B,6,0,1749.7156788981072
2017-08-20,20,DAIRY,Quito,Pichincha,B,6,0,1177.7348228397316
2017-08-20,20,DELI,Quito,Pichincha,B,6,0,904.854926866772
2017-08-20,20,EGGS,Quito,Pichincha,B,6,0,178.39893282386507
2017-08-20,20,FROZEN FOODS,Quito,Pichincha,B,6,0,108.7738451806002
2017-08-20,20,GROCERY I,Quito,Pichincha,B,6,0,7916.0226403817205
2017-08-20,20,GROCERY II,Quito,Pichincha,B,6,0,16.0045814290297
2017-08-20,20,HARDWARE,Quito,Pichincha,B,6,0,2.6469324115582884
2017-08-20,20,HOME AND KITCHEN I,Quito,Pichincha,B,6,0,22.052987562965907
2017-08-20,20,HOME AND KITCHEN II,Quito,Pichincha,B,6,0,27.780584061632812
2017-08-20,20,HOME APPLIANCES,Quito,Pichincha,B,6,0,2.512249039836611
2017-08-20,20,HOME CARE,Quito,Pichincha,B,6,0,494.73683732176823
2017-08-20,20,LADIESWEAR,Quito,Pichincha,B,6,0,7.366106477652238
2017-08-20,20,LAWN AND GARDEN,Quito,Pichincha,B,6,0,9.769514370089329
2017-08-20,20,LINGERIE,Quito,Pichincha,B,6,0,8.888231995658401
2017-08-20,20,"LIQUOR,WINE,BEER",Quito,Pichincha,B,6,0,32.95487791036473
2017-08-20,20,MAGAZINES,Quito,Pichincha,B,6,0,4.726154351686299
2017-08-20,20,MEATS,Quito,Pichincha,B,6,0,410.8665062684314
2017-08-20,20,PERSONAL CARE,Quito,Pichincha,B,6,0,580.862119980655
2017-08-20,20,PET SUPPLIES,Quito,Pichincha,B,6,0,4.541915692115305
2017-08-20,20,PLAYERS AND ELECTRONICS,Quito,Pichincha,B,6,0,10.52340246665275
2017-08-20,20,POULTRY,Quito,Pichincha,B,6,0,483.4895620176435
2017-08-20,20,PREPARED FOODS,Quito,Pichincha,B,6,0,100.8013814171869
2017-08-20,20,PRODUCE,Quito,Pichincha,B,6,0,1582.8897365942923
2017-08-20,20,SCHOOL AND OFFICE SUPPLIES,Quito,Pichincha,B,6,0,106.202350484778
2017-08-20,20,SEAFOOD,Quito,Pichincha,B,6,0,15.740864280387628
2017-08-20,21,AUTOMOTIVE,Santo Domingo,Santo Domingo de los Tsachilas,B,6,0,15.542879153770079
2017-08-20,21,BABY CARE,Santo Domingo,Santo Domingo de los Tsachilas,B,6,0,3.029185747031376
2017-08-20,21,BEAUTY,Santo Domingo,Santo Domingo de los Tsachilas,B,6,0,7.803902276906451
2017-08-20,21,BEVERAGES,Santo Domingo,Santo Domingo de los Tsachilas,B,6,0,4361.825881264747
2017-08-20,21,BOOKS,Santo Domingo,Santo Domingo de los Tsachilas,B,6,0,2.1743414100764995
2017-08-20,21,BREAD/BAKERY,Santo Domingo,Santo Domingo de los Tsachilas,B,6,0,723.6904801391404
2017-08-20,21,CELEBRATION,Santo Domingo,Santo Domingo de los Tsachilas,B,6,0,9.957100380054026
2017-08-20,21,CLEANING,Santo Domingo,Santo Domingo de los Tsachilas,B,6,0,1727.3231397109578
2017-08-20,21,DAIRY,Santo Domingo,Santo Domingo de los Tsachilas,B,6,0,945.1352517878124
2017-08-20,21,DELI,Santo Domingo,Santo Domingo de los Tsachilas,B,6,0,492.1661242711414
2017-08-20,21,EGGS,Santo Domingo,Santo Domingo de los Tsachilas,B,6,0,397.1576379566415
2017-08-20,21,FROZEN FOODS,Santo Domingo,Santo Domingo de los Tsachilas,B,6,0,105.27486673540206
2017-08-20,21,GROCERY I,Santo Domingo,Santo Domingo de los Tsachilas,B,6,0,6221.466228498732
2017-08-20,21,GROCERY II,Santo Domingo,Santo Domingo de los Tsachilas,B,6,0,19.241375261194616
2017-08-20,21,HARDWARE,Santo Domingo,Santo Domingo de los Tsachilas,B,6,0,2.5403792521904522
2017-08-20,21,HOME AND KITCHEN I,Santo Domingo,Santo Domingo de los Tsachilas,B,6,0,41.055636916107
2017-08-20,21,HOME AND KITCHEN II,Santo Domingo,Santo Domingo de los Tsachilas,B,6,0,43.01150204798196
2017-08-20,21,HOME APPLIANCES,Santo Domingo,Santo Domingo de los Tsachilas,B,6,0,2.147556301873411
2017-08-20,21,HOME CARE,Santo Domingo,Santo Domingo de los Tsachilas,B,6,0,476.4999124956863
2017-08-20,21,LADIESWEAR,Santo Domingo,Santo Domingo de los Tsachilas,B,6,0,11.337392296502617
2017-08-20,21,LAWN AND GARDEN,Santo Domingo,Santo Domingo de los Tsachilas,B,6,0,4.399184429520255
2017-08-20,21,LINGERIE,Santo Domingo,Santo Domingo de los Tsachilas,B,6,0,12.15373061718235
2017-08-20,21,"LIQUOR,WINE,BEER",Santo Domingo,Santo Domingo de los Tsachilas,B,6,0,75.6580306015125
2017-08-20,21,MAGAZINES,Santo Domingo,Santo Domingo de los Tsachilas,B,6,0,4.73670025644206
2017-08-20,21,MEATS,Santo Domingo,Santo Domingo de los Tsachilas,B,6,0,159.68409499155172
2017-08-20,21,PERSONAL CARE,Santo Domingo,Santo Domingo de los Tsachilas,B,6,0,454.2240667027356
2017-08-20,21,PET SUPPLIES,Santo Domingo,Santo Domingo de los Tsachilas,B,6,0,4.076133612529719
2017-08-20,21,PLAYERS AND ELECTRONICS,Santo Domingo,Santo Domingo de los Tsachilas,B,6,0,10.179419235863081
2017-08-20,21,POULTRY,Santo Domingo,Santo Domingo de los Tsachilas,B,6,0,232.3641234906733
2017-08-20,21,PREPARED FOODS,Santo Domingo,Santo Domingo de los Tsachilas,B,6,0,199.58960587459137
2017-08-20,21,PRODUCE,Santo Domingo,Santo Domingo de los Tsachilas,B,6,0,1882.8292435453807
2017-08-20,21,SCHOOL AND OFFICE SUPPLIES,Santo Domingo,Santo Domingo de los Tsachilas,B,6,0,2.1293945993240024
2017-08-20,21,SEAFOOD,Santo Domingo,Santo Domingo de los Tsachilas,B,6,0,7.7800297916801044
2017-08-20,22,AUTOMOTIVE,Puyo,Pastaza,C,7,0,5.676829049645994
2017-08-20,22,BABY CARE,Puyo,Pastaza,C,7,0,1.2175078309771619
2017-08-20,22,BEAUTY,Puyo,Pastaza,C,7,0,3.698293326902444
2017-08-20,22,BEVERAGES,Puyo,Pastaza,C,7,0,1925.9001333831973
2017-08-20,22,BOOKS,Puyo,Pastaza,C,7,0,1.2175078309771619
2017-08-20,22,BREAD/BAKERY,Puyo,Pastaza,C,7,0,150.31600977609853
2017-08-20,22,CELEBRATION,Puyo,Pastaza,C,7,0,7.090064181667184
2017-08-20,22,CLEANING,Puyo,Pastaza,C,7,0,691.515907899733
2017-08-20,22,DAIRY,Puyo,Pastaza,C,7,0,383.01409280621095
2017-08-20,22,DELI,Puyo,Pastaza,C,7,0,163.72771098941192
2017-08-20,22,EGGS,Puyo,Pastaza,C,7,0,51.83210183117416
2017-08-20,22,FROZEN FOODS,Puyo,Pastaza,C,7,0,65.24225946229883
2017-08-20,22,GROCERY I,Puyo,Pastaza,C,7,0,2606.511476840067
2017-08-20,22,GROCERY II,Puyo,Pastaza,C,7,0,8.021603344110753
2017-08-20,22,HARDWARE,Puyo,Pastaza,C,7,0,1.6940570902644538
2017-08-20,22,HOME AND KITCHEN I,Puyo,Pastaza,C,7,0,25.59849014748429
2017-08-20,22,HOME AND KITCHEN II,Puyo,Pastaza,C,7,0,22.069871744039393
2017-08-20,22,HOME APPLIANCES,Puyo,Pastaza,C,7,0,1.1907227227740738
2017-08-20,22,HOME CARE,Puyo,Pastaza,C,7,0,177.2612932415729
2017-08-20,22,LADIESWEAR,Puyo,Pastaza,C,7,0,4.59380232384853
2017-08-20,22,LAWN AND GARDEN,Puyo,Pastaza,C,7,0,2.113139559510396
2017-08-20,22,LINGERIE,Puyo,Pastaza,C,7,0,7.431389089846364
2017-08-20,22,"LIQUOR,WINE,BEER",Puyo,Pastaza,C,7,0,72.31298375496647
2017-08-20,22,MAGAZINES,Puyo,Pastaza,C,7,0,5.432136520688925
2017-08-20,22,MEATS,Puyo,Pastaza,C,7,0,129.29551418342896
2017-08-20,22,PERSONAL CARE,Puyo,Pastaza,C,7,0,156.803205339891
2017-08-20,22,PET SUPPLIES,Puyo,Pastaza,C,7,0,2.4380281419127114
2017-08-20,22,PLAYERS AND ELECTRONICS,Puyo,Pastaza,C,7,0,7.010945160428568
2017-08-20,22,POULTRY,Puyo,Pastaza,C,7,0,174.03439474982605
2017-08-20,22,PREPARED FOODS,Puyo,Pastaza,C,7,0,35.970779012024174
2017-08-20,22,PRODUCE,Puyo,Pastaza,C,7,0,449.81679236708396
2017-08-20,22,SCHOOL AND OFFICE SUPPLIES,Puyo,Pastaza,C,7,0,6.944399479187986
2017-08-20,22,SEAFOOD,Puyo,Pastaza,C,7,0,3.4716973745140467
2017-08-20,23,AUTOMOTIVE,Ambato,Tungurahua,D,9,0,3.7719620215573384
2017-08-20,23,BABY CARE,Ambato,Tungurahua,D,9,0,2.031754880057817
2017-08-20,23,BEAUTY,Ambato,Tungurahua,D,9,0,3.501575565936158
2017-08-20,23,BEVERAGES,Ambato,Tungurahua,D,9,0,1564.257597868109
2017-08-20,23,BOOKS,Ambato,Tungurahua,D,9,0,2.031754880057817
2017-08-20,23,BREAD/BAKERY,Ambato,Tungurahua,D,9,0,264.1521343039552
2017-08-20,23,CELEBRATION,Ambato,Tungurahua,D,9,0,9.49379016315046
2017-08-20,23,CLEANING,Ambato,Tungurahua,D,9,0,536.6685446021893
2017-08-20,23,DAIRY,Ambato,Tungurahua,D,9,0,539.4405371385848
2017-08-20,23,DELI,Ambato,Tungurahua,D,9,0,134.42446821513363
2017-08-20,23,EGGS,Ambato,Tungurahua,D,9,0,53.30629380026734
2017-08-20,23,FROZEN FOODS,Ambato,Tungurahua,D,9,0,63.991046061917054
2017-08-20,23,GROCERY I,Ambato,Tungurahua,D,9,0,2144.6003921353463
2017-08-20,23,GROCERY II,Ambato,Tungurahua,D,9,0,23.034864035095417
2017-08-20,23,HARDWARE,Ambato,Tungurahua,D,9,0,2.029141726403069
2017-08-20,23,HOME AND KITCHEN I,Ambato,Tungurahua,D,9,0,14.052083600823535
2017-08-20,23,HOME AND KITCHEN II,Ambato,Tungurahua,D,9,0,20.66376322784182
2017-08-20,23,HOME APPLIANCES,Ambato,Tungurahua,D,9,0,2.004969771854729
2017-08-20,23,HOME CARE,Ambato,Tungurahua,D,9,0,142.3058324808951
2017-08-20,23,LADIESWEAR,Ambato,Tungurahua,D,9,0,20.168369048841416
2017-08-20,23,LAWN AND GARDEN,Ambato,Tungurahua,D,9,0,3.189753665678456
2017-08-20,23,LINGERIE,Ambato,Tungurahua,D,9,0,4.283929379074063
2017-08-20,23,"LIQUOR,WINE,BEER",Ambato,Tungurahua,D,9,0,31.68124967187249
2017-08-20,23,MAGAZINES,Ambato,Tungurahua,D,9,0,7.499599155281208
2017-08-20,23,MEATS,Ambato,Tungurahua,D,9,0,803.6703663573112
2017-08-20,23,PERSONAL CARE,Ambato,Tungurahua,D,9,0,166.46748051273985
2017-08-20,23,PET SUPPLIES,Ambato,Tungurahua,D,9,0,7.144830842495937
2017-08-20,23,PLAYERS AND ELECTRONICS,Ambato,Tungurahua,D,9,0,7.882228964276102
2017-08-20,23,POULTRY,Ambato,Tungurahua,D,9,0,336.48556046061475
2017-08-20,23,PREPARED FOODS,Ambato,Tungurahua,D,9,0,31.620344474930832
2017-08-20,23,PRODUCE,Ambato,Tungurahua,D,9,0,1271.0518963943339
2017-08-20,23,SCHOOL AND OFFICE SUPPLIES,Ambato,Tungurahua,D,9,0,1.9868080693053203
2017-08-20,23,SEAFOOD,Ambato,Tungurahua,D,9,0,7.839869989454883
2017-08-20,24,AUTOMOTIVE,Guayaquil,Guayas,D,1,0,4.985039452811658
2017-08-20,24,BABY CARE,Guayaquil,Guayas,D,1,0,2.6969391121334247
2017-08-20,24,BEAUTY,Guayaquil,Guayas,D,1,0,4.540870783478797
2017-08-20,24,BEVERAGES,Guayaquil,Guayas,D,1,0,3691.2677424391095
2017-08-20,24,BOOKS,Guayaquil,Guayas,D,1,0,2.6969391121334247
2017-08-20,24,BREAD/BAKERY,Guayaquil,Guayas,D,1,0,771.4731105572855
2017-08-20,24,CELEBRATION,Guayaquil,Guayas,D,1,0,15.134870237606286
2017-08-20,24,CLEANING,Guayaquil,Guayas,D,1,0,1053.6778688113059
2017-08-20,24,DAIRY,Guayaquil,Guayas,D,1,0,1311.314112874782
2017-08-20,24,DELI,Guayaquil,Guayas,D,1,0,282.4339632941043
2017-08-20,24,EGGS,Guayaquil,Guayas,D,1,0,229.76433240732692
2017-08-20,24,FROZEN FOODS,Guayaquil,Guayas,D,1,0,147.80630366347955
2017-08-20,24,GROCERY I,Guayaquil,Guayas,D,1,0,3626.341211661692
2017-08-20,24,GROCERY II,Guayaquil,Guayas,D,1,0,35.64383964943602
2017-08-20,24,HARDWARE,Guayaquil,Guayas,D,1,0,3.4234530371411775
2017-08-20,24,HOME AND KITCHEN I,Guayaquil,Guayas,D,1,0,23.75895972964456
2017-08-20,24,HOME AND KITCHEN II,Guayaquil,Guayas,D,1,0,34.93243199965885
2017-08-20,24,HOME APPLIANCES,Guayaquil,Guayas,D,1,0,2.6701540039303366
2017-08-20,24,HOME CARE,Guayaquil,Guayas,D,1,0,261.4194964603649
2017-08-20,24,LADIESWEAR,Guayaquil,Guayas,D,1,0,12.309456966125161
2017-08-20,24,LAWN AND GARDEN,Guayaquil,Guayas,D,1,0,30.841809381621133
2017-08-20,24,LINGERIE,Guayaquil,Guayas,D,1,0,11.484516123232687
2017-08-20,24,"LIQUOR,WINE,BEER",Guayaquil,Guayas,D,1,0,52.63490448112883
2017-08-20,24,MAGAZINES,Guayaquil,Guayas,D,1,0,13.951017711635135
2017-08-20,24,MEATS,Guayaquil,Guayas,D,1,0,362.7158742165822
2017-08-20,24,PERSONAL CARE,Guayaquil,Guayas,D,1,0,297.10919615965355
2017-08-20,24,PET SUPPLIES,Guayaquil,Guayas,D,1,0,18.275834723772928
2017-08-20,24,PLAYERS AND ELECTRONICS,Guayaquil,Guayas,D,1,0,10.784123388909016
2017-08-20,24,POULTRY,Guayaquil,Guayas,D,1,0,472.45648716715897
2017-08-20,24,PREPARED FOODS,Guayaquil,Guayas,D,1,0,114.44375236928924
2017-08-20,24,PRODUCE,Guayaquil,Guayas,D,1,0,3169.0628055258403
2017-08-20,24,SCHOOL AND OFFICE SUPPLIES,Guayaquil,Guayas,D,1,0,2.651992301380928
2017-08-20,24,SEAFOOD,Guayaquil,Guayas,D,1,0,26.84057107399507
2017-08-20,25,AUTOMOTIVE,Salinas,Santa Elena,D,1,0,4.519837420494738
2017-08-20,25,BABY CARE,Salinas,Santa Elena,D,1,0,0.2746004374346876
2017-08-20,25,BEAUTY,Salinas,Santa Elena,D,1,0,3.7982086323804314
2017-08-20,25,BEVERAGES,Salinas,Santa Elena,D,1,0,2090.5776563542963
2017-08-20,25,BOOKS,Salinas,Santa Elena,D,1,0,0.2746004374346876
2017-08-20,25,BREAD/BAKERY,Salinas,Santa Elena,D,1,0,454.7517317889758
2017-08-20,25,CELEBRATION,Salinas,Santa Elena,D,1,0,9.485025959263963
2017-08-20,25,CLEANING,Salinas,Santa Elena,D,1,0,485.0249371557941
2017-08-20,25,DAIRY,Salinas,Santa Elena,D,1,0,637.9008098904266
2017-08-20,25,DELI,Salinas,Santa Elena,D,1,0,184.750601542715
2017-08-20,25,EGGS,Salinas,Santa Elena,D,1,0,143.57967946241465
2017-08-20,25,FROZEN FOODS,Salinas,Santa Elena,D,1,0,136.35270311046654
2017-08-20,25,GROCERY I,Salinas,Santa Elena,D,1,0,1950.9014393469702
2017-08-20,25,GROCERY II,Salinas,Santa Elena,D,1,0,23.78857840332613
2017-08-20,25,HARDWARE,Salinas,Santa Elena,D,1,0,1.4745733201569686
2017-08-20,25,HOME AND KITCHEN I,Salinas,Santa Elena,D,1,0,25.53044690542473
2017-08-20,25,HOME AND KITCHEN II,Salinas,Santa Elena,D,1,0,11.213805905658374
2017-08-20,25,HOME APPLIANCES,Salinas,Santa Elena,D,1,0,0.24781532923159916
2017-08-20,25,HOME CARE,Salinas,Santa Elena,D,1,0,137.86362552434704
2017-08-20,25,LADIESWEAR,Salinas,Santa Elena,D,1,0,1.0198332185324543
2017-08-20,25,LAWN AND GARDEN,Salinas,Santa Elena,D,1,0,21.734302822001432
2017-08-20,25,LINGERIE,Salinas,Santa Elena,D,1,0,5.973740274926214
2017-08-20,25,"LIQUOR,WINE,BEER",Salinas,Santa Elena,D,1,0,191.9166951249038
2017-08-20,25,MAGAZINES,Salinas,Santa Elena,D,1,0,16.102365059831758
2017-08-20,25,MEATS,Salinas,Santa Elena,D,1,0,198.00583134970316
2017-08-20,25,PERSONAL CARE,Salinas,Santa Elena,D,1,0,130.1226275334986
2017-08-20,25,PET SUPPLIES,Salinas,Santa Elena,D,1,0,5.083816273718688
2017-08-20,25,PLAYERS AND ELECTRONICS,Salinas,Santa Elena,D,1,0,6.090539694243263
2017-08-20,25,POULTRY,Salinas,Santa Elena,D,1,0,188.66926266218874
2017-08-20,25,PREPARED FOODS,Salinas,Santa Elena,D,1,0,43.303569058215515
2017-08-20,25,PRODUCE,Salinas,Santa Elena,D,1,0,1500.8534164339576
2017-08-20,25,SCHOOL AND OFFICE SUPPLIES,Salinas,Santa Elena,D,1,0,0.9587807053446938
2017-08-20,25,SEAFOOD,Salinas,Santa Elena,D,1,0,6.264608878552829
2017-08-20,26,AUTOMOTIVE,Guayaquil,Guayas,D,10,0,6.218621563410162
2017-08-20,26,BABY CARE,Guayaquil,Guayas,D,10,0,2.7837388152472053
2017-08-20,26,BEAUTY,Guayaquil,Guayas,D,10,0,3.5090143525972683
2017-08-20,26,BEVERAGES,Guayaquil,Guayas,D,10,0,1203.1111817169224
2017-08-20,26,BOOKS,Guayaquil,Guayas,D,10,0,2.7837388152472053
2017-08-20,26,BREAD/BAKERY,Guayaquil,Guayas,D,10,0,266.1998651848094
2017-08-20,26,CELEBRATION,Guayaquil,Guayas,D,10,0,8.71333192070413
2017-08-20,26,CLEANING,Guayaquil,Guayas,D,10,0,449.2622280521479
2017-08-20,26,DAIRY,Guayaquil,Guayas,D,10,0,347.22598314669494
2017-08-20,26,DELI,Guayaquil,Guayas,D,10,0,112.20119931122402
2017-08-20,26,EGGS,Guayaquil,Guayas,D,10,0,47.86205379479038
2017-08-20,26,FROZEN FOODS,Guayaquil,Guayas,D,10,0,40.402738154259396
2017-08-20,26,GROCERY I,Guayaquil,Guayas,D,10,0,1734.4307593399742
2017-08-20,26,GROCERY II,Guayaquil,Guayas,D,10,0,9.042973484861083
2017-08-20,26,HARDWARE,Guayaquil,Guayas,D,10,0,2.8749811427371372
2017-08-20,26,HOME AND KITCHEN I,Guayaquil,Guayas,D,10,0,10.69014508662827
2017-08-20,26,HOME AND KITCHEN II,Guayaquil,Guayas,D,10,0,9.076797602908277
2017-08-20,26,HOME APPLIANCES,Guayaquil,Guayas,D,10,0,2.7569537070441172
2017-08-20,26,HOME CARE,Guayaquil,Guayas,D,10,0,91.10623643817593
2017-08-20,26,LADIESWEAR,Guayaquil,Guayas,D,10,0,4.961555373520268
2017-08-20,26,LAWN AND GARDEN,Guayaquil,Guayas,D,10,0,7.887955655741228
2017-08-20,26,LINGERIE,Guayaquil,Guayas,D,10,0,3.874900704787191
2017-08-20,26,"LIQUOR,WINE,BEER",Guayaquil,Guayas,D,10,0,2.3309098502197987
2017-08-20,26,MAGAZINES,Guayaquil,Guayas,D,10,0,3.4408527981167003
2017-08-20,26,MEATS,Guayaquil,Guayas,D,10,0,341.270783168585
2017-08-20,26,PERSONAL CARE,Guayaquil,Guayas,D,10,0,142.71779548759253
2017-08-20,26,PET SUPPLIES,Guayaquil,Guayas,D,10,0,4.352000825604888
2017-08-20,26,PLAYERS AND ELECTRONICS,Guayaquil,Guayas,D,10,0,4.084110504499584
2017-08-20,26,POULTRY,Guayaquil,Guayas,D,10,0,166.37134237588128
2017-08-20,26,PREPARED FOODS,Guayaquil,Guayas,D,10,0,35.1567686600539
2017-08-20,26,PRODUCE,Guayaquil,Guayas,D,10,0,541.9220158412412
2017-08-20,26,SCHOOL AND OFFICE SUPPLIES,Guayaquil,Guayas,D,10,0,2.7387920044947087
2017-08-20,26,SEAFOOD,Guayaquil,Guayas,D,10,0,5.07183915592544
2017-08-20,27,AUTOMOTIVE,Daule,Guayas,D,1,0,11.014882260746973
2017-08-20,27,BABY CARE,Daule,Guayas,D,1,0,3.2374613767487768
2017-08-20,27,BEAUTY,Daule,Guayas,D,1,0,4.4941512348097685
2017-08-20,27,BEVERAGES,Daule,Guayas,D,1,0,4728.145495513751
2017-08-20,27,BOOKS,Daule,Guayas,D,1,0,3.1253531570724427
2017-08-20,27,BREAD/BAKERY,Daule,Guayas,D,1,0,879.0776377108972
2017-08-20,27,CELEBRATION,Daule,Guayas,D,1,0,21.19767110632199
2017-08-20,27,CLEANING,Daule,Guayas,D,1,0,1100.3475872970548
2017-08-20,27,DAIRY,Daule,Guayas,D,1,0,1414.3482144615832
2017-08-20,27,DELI,Daule,Guayas,D,1,0,405.74717886568004
2017-08-20,27,EGGS,Daule,Guayas,D,1,0,332.01837911274475
2017-08-20,27,FROZEN FOODS,Daule,Guayas,D,1,0,193.02232875504586
2017-08-20,27,GROCERY I,Daule,Guayas,D,1,0,5216.255822756383
2017-08-20,27,GROCERY II,Daule,Guayas,D,1,0,43.3552293174304
2017-08-20,27,HARDWARE,Daule,Guayas,D,1,0,7.706404261805805
2017-08-20,27,HOME AND KITCHEN I,Daule,Guayas,D,1,0,25.864868340773448
2017-08-20,27,HOME AND KITCHEN II,Daule,Guayas,D,1,0,37.79153396986347
2017-08-20,27,HOME APPLIANCES,Daule,Guayas,D,1,0,3.0985680488693546
2017-08-20,27,HOME CARE,Daule,Guayas,D,1,0,293.3244512007286
2017-08-20,27,LADIESWEAR,Daule,Guayas,D,1,0,15.747379023078855
2017-08-20,27,LAWN AND GARDEN,Daule,Guayas,D,1,0,45.11741491842976
2017-08-20,27,LINGERIE,Daule,Guayas,D,1,0,14.716238574318435
2017-08-20,27,"LIQUOR,WINE,BEER",Daule,Guayas,D,1,0,153.93346069732033
2017-08-20,27,MAGAZINES,Daule,Guayas,D,1,0,9.062283356177963
2017-08-20,27,MEATS,Daule,Guayas,D,1,0,347.37159038648497
2017-08-20,27,PERSONAL CARE,Daule,Guayas,D,1,0,371.88814597805595
2017-08-20,27,PET SUPPLIES,Daule,Guayas,D,1,0,12.945055704493605
2017-08-20,27,PLAYERS AND ELECTRONICS,Daule,Guayas,D,1,0,13.102296108073872
2017-08-20,27,POULTRY,Daule,Guayas,D,1,0,513.1295285795618
2017-08-20,27,PREPARED FOODS,Daule,Guayas,D,1,0,112.81038997538639
2017-08-20,27,PRODUCE,Daule,Guayas,D,1,0,3539.359997851679
2017-08-20,27,SCHOOL AND OFFICE SUPPLIES,Daule,Guayas,D,1,0,3.4736752091478857
2017-08-20,27,SEAFOOD,Daule,Guayas,D,1,0,24.10841273721183
2017-08-20,28,AUTOMOTIVE,Guayaquil,Guayas,E,10,0,9.421010737761932
2017-08-20,28,BABY CARE,Guayaquil,Guayas,E,10,0,2.7495242288520405
2017-08-20,28,BEAUTY,Guayaquil,Guayas,E,10,0,6.361002868606499
2017-08-20,28,BEVERAGES,Guayaquil,Guayas,E,10,0,5274.725195034666
2017-08-20,28,BOOKS,Guayaquil,Guayas,E,10,0,2.7495242288520405
2017-08-20,28,BREAD/BAKERY,Guayaquil,Guayas,E,10,0,999.2439180657124
2017-08-20,28,CELEBRATION,Guayaquil,Guayas,E,10,0,16.978804026915032
2017-08-20,28,CLEANING,Guayaquil,Guayas,E,10,0,1607.1711484941939
2017-08-20,28,DAIRY,Guayaquil,Guayas,E,10,0,1493.9712712354374
2017-08-20,28,DELI,Guayaquil,Guayas,E,10,0,484.58609159265603
2017-08-20,28,EGGS,Guayaquil,Guayas,E,10,0,320.1177548966247
2017-08-20,28,FROZEN FOODS,Guayaquil,Guayas,E,10,0,93.2058810300433
2017-08-20,28,GROCERY I,Guayaquil,Guayas,E,10,0,8762.934673695552
2017-08-20,28,GROCERY II,Guayaquil,Guayas,E,10,0,36.344561174251105
2017-08-20,28,HARDWARE,Guayaquil,Guayas,E,10,0,2.9695307120469647
2017-08-20,28,HOME AND KITCHEN I,Guayaquil,Guayas,E,10,0,40.74173374951376
2017-08-20,28,HOME AND KITCHEN II,Guayaquil,Guayas,E,10,0,26.854738786305827
2017-08-20,28,HOME APPLIANCES,Guayaquil,Guayas,E,10,0,2.945358757498625
2017-08-20,28,HOME CARE,Guayaquil,Guayas,E,10,0,411.83725885861617
2017-08-20,28,LADIESWEAR,Guayaquil,Guayas,E,10,0,8.762954654014479
2017-08-20,28,LAWN AND GARDEN,Guayaquil,Guayas,E,10,0,14.06653984098919
2017-08-20,28,LINGERIE,Guayaquil,Guayas,E,10,0,9.516589042978538
2017-08-20,28,"LIQUOR,WINE,BEER",Guayaquil,Guayas,E,10,0,42.04652736455457
2017-08-20,28,MAGAZINES,Guayaquil,Guayas,E,10,0,3.723113329715888
2017-08-20,28,MEATS,Guayaquil,Guayas,E,10,0,218.9525095252011
2017-08-20,28,PERSONAL CARE,Guayaquil,Guayas,E,10,0,397.6882901645851
2017-08-20,28,PET SUPPLIES,Guayaquil,Guayas,E,10,0,8.02597344809919
2017-08-20,28,PLAYERS AND ELECTRONICS,Guayaquil,Guayas,E,10,0,9.406306010200389
2017-08-20,28,POULTRY,Guayaquil,Guayas,E,10,0,292.19828141168654
2017-08-20,28,PREPARED FOODS,Guayaquil,Guayas,E,10,0,108.96727504271445
2017-08-20,28,PRODUCE,Guayaquil,Guayas,E,10,0,2035.557341104444
2017-08-20,28,SCHOOL AND OFFICE SUPPLIES,Guayaquil,Guayas,E,10,0,3.3280645685696344
2017-08-20,28,SEAFOOD,Guayaquil,Guayas,E,10,0,9.516589042978538
2017-08-20,29,AUTOMOTIVE,Guayaquil,Guayas,E,10,0,7.497396783113541
2017-08-20,29,BABY CARE,Guayaquil,Guayas,E,10,0,2.860035646025379
2017-08-20,29,BEAUTY,Guayaquil,Guayas,E,10,0,7.227010327492361
2017-08-20,29,BEVERAGES,Guayaquil,Guayas,E,10,0,4555.374307468603
2017-08-20,29,BOOKS,Guayaquil,Guayas,E,10,0,2.7495242288520405
2017-08-20,29,BREAD/BAKERY,Guayaquil,Guayas,E,10,0,1014.2450183791015
2017-08-20,29,CELEBRATION,Guayaquil,Guayas,E,10,0,14.77379645857745
2017-08-20,29,CLEANING,Guayaquil,Guayas,E,10,0,1270.543404745156
2017-08-20,29,DAIRY,Guayaquil,Guayas,E,10,0,1115.3063450569082
2017-08-20,29,DELI,Guayaquil,Guayas,E,10,0,383.2239809264026
2017-08-20,29,EGGS,Guayaquil,Guayas,E,10,0,293.4487742423891
2017-08-20,29,FROZEN FOODS,Guayaquil,Guayas,E,10,0,93.32766065657853
2017-08-20,29,GROCERY I,Guayaquil,Guayas,E,10,0,5574.671874416604
2017-08-20,29,GROCERY II,Guayaquil,Guayas,E,10,0,26.529836457468576
2017-08-20,29,HARDWARE,Guayaquil,Guayas,E,10,0,3.711060182076409
2017-08-20,29,HOME AND KITCHEN I,Guayaquil,Guayas,E,10,0,37.49531748645655
2017-08-20,29,HOME AND KITCHEN II,Guayaquil,Guayas,E,10,0,26.57569238420744
2017-08-20,29,HOME APPLIANCES,Guayaquil,Guayas,E,10,0,2.7227391206489524
2017-08-20,29,HOME CARE,Guayaquil,Guayas,E,10,0,341.9755737616571
2017-08-20,29,LADIESWEAR,Guayaquil,Guayas,E,10,0,7.240758097903401
2017-08-20,29,LAWN AND GARDEN,Guayaquil,Guayas,E,10,0,8.11216897794802
2017-08-20,29,LINGERIE,Guayaquil,Guayas,E,10,0,8.720488941634466
2017-08-20,29,"LIQUOR,WINE,BEER",Guayaquil,Guayas,E,10,0,75.99283077960902
2017-08-20,29,MAGAZINES,Guayaquil,Guayas,E,10,0,4.46765847824414
2017-08-20,29,MEATS,Guayaquil,Guayas,E,10,0,126.81997231902234
2017-08-20,29,PERSONAL CARE,Guayaquil,Guayas,E,10,0,297.870492079955
2017-08-20,29,PET SUPPLIES,Guayaquil,Guayas,E,10,0,4.576331717721385
2017-08-20,29,PLAYERS AND ELECTRONICS,Guayaquil,Guayas,E,10,0,8.801362519289528
2017-08-20,29,POULTRY,Guayaquil,Guayas,E,10,0,211.34260313006547
2017-08-20,29,PREPARED FOODS,Guayaquil,Guayas,E,10,0,89.05508772343016
2017-08-20,29,PRODUCE,Guayaquil,Guayas,E,10,0,1506.7331844137482
2017-08-20,29,SCHOOL AND OFFICE SUPPLIES,Guayaquil,Guayas,E,10,0,3.0210525360938973
2017-08-20,29,SEAFOOD,Guayaquil,Guayas,E,10,0,10.149712501038525
2017-08-20,30,AUTOMOTIVE,Guayaquil,Guayas,C,3,0,3.8689241568023616
2017-08-20,30,BABY CARE,Guayaquil,Guayas,C,3,0,2.1287170153028594
2017-08-20,30,BEAUTY,Guayaquil,Guayas,C,3,0,2.395951664804164
2017-08-20,30,BEVERAGES,Guayaquil,Guayas,C,3,0,1748.506590542175
2017-08-20,30,BOOKS,Guayaquil,Guayas,C,3,0,1.642523674116679
2017-08-20,30,BREAD/BAKERY,Guayaquil,Guayas,C,3,0,208.39086656977364
2017-08-20,30,CELEBRATION,Guayaquil,Guayas,C,3,0,8.485952728230963
2017-08-20,30,CLEANING,Guayaquil,Guayas,C,3,0,573.9357986482286
2017-08-20,30,DAIRY,Guayaquil,Guayas,C,3,0,312.52798939959183
2017-08-20,30,DELI,Guayaquil,Guayas,C,3,0,132.2349415726852
2017-08-20,30,EGGS,Guayaquil,Guayas,C,3,0,163.83030756504166
2017-08-20,30,FROZEN FOODS,Guayaquil,Guayas,C,3,0,44.23425017321494
2017-08-20,30,GROCERY I,Guayaquil,Guayas,C,3,0,2037.1763885616047
2017-08-20,30,GROCERY II,Guayaquil,Guayas,C,3,0,10.032218327599006
2017-08-20,30,HARDWARE,Guayaquil,Guayas,C,3,0,2.126103861648111
2017-08-20,30,HOME AND KITCHEN I,Guayaquil,Guayas,C,3,0,14.901487729854187
2017-08-20,30,HOME AND KITCHEN II,Guayaquil,Guayas,C,3,0,8.254753529987582
2017-08-20,30,HOME APPLIANCES,Guayaquil,Guayas,C,3,0,1.6157385659135906
2017-08-20,30,HOME CARE,Guayaquil,Guayas,C,3,0,155.3538434424831
2017-08-20,30,LADIESWEAR,Guayaquil,Guayas,C,3,0,4.590022155756607
2017-08-20,30,LAWN AND GARDEN,Guayaquil,Guayas,C,3,0,2.545186330894047
2017-08-20,30,LINGERIE,Guayaquil,Guayas,C,3,0,3.8689241568023616
2017-08-20,30,"LIQUOR,WINE,BEER",Guayaquil,Guayas,C,3,0,14.092137352876637
2017-08-20,30,MAGAZINES,Guayaquil,Guayas,C,3,0,2.8796864793170336
2017-08-20,30,MEATS,Guayaquil,Guayas,C,3,0,62.72730228523835
2017-08-20,30,PERSONAL CARE,Guayaquil,Guayas,C,3,0,103.80529079119461
2017-08-20,30,PET SUPPLIES,Guayaquil,Guayas,C,3,0,3.2359224593129716
2017-08-20,30,PLAYERS AND ELECTRONICS,Guayaquil,Guayas,C,3,0,6.897715874248387
2017-08-20,30,POULTRY,Guayaquil,Guayas,C,3,0,123.29238151987913
2017-08-20,30,PREPARED FOODS,Guayaquil,Guayas,C,3,0,34.39072517014884
2017-08-20,30,PRODUCE,Guayaquil,Guayas,C,3,0,567.8941826354954
2017-08-20,30,SCHOOL AND OFFICE SUPPLIES,Guayaquil,Guayas,C,3,0,1.5975768633641823
2017-08-20,30,SEAFOOD,Guayaquil,Guayas,C,3,0,6.618161660962407
2017-08-20,31,AUTOMOTIVE,Babahoyo,Los Rios,B,10,0,8.814021263785515
2017-08-20,31,BABY CARE,Babahoyo,Los Rios,B,10,0,1.7966728743996072
2017-08-20,31,BEAUTY,Babahoyo,Los Rios,B,10,0,2.91875186085579
2017-08-20,31,BEVERAGES,Babahoyo,Los Rios,B,10,0,4274.740842684152
2017-08-20,31,BOOKS,Babahoyo,Los Rios,B,10,0,1.7966728743996072
2017-08-20,31,BREAD/BAKERY,Babahoyo,Los Rios,B,10,0,778.6177083094924
2017-08-20,31,CELEBRATION,Babahoyo,Los Rios,B,10,0,9.31076749607567
2017-08-20,31,CLEANING,Babahoyo,Los Rios,B,10,0,1558.8688934995928
2017-08-20,31,DAIRY,Babahoyo,Los Rios,B,10,0,963.2371293918644
2017-08-20,31,DELI,Babahoyo,Los Rios,B,10,0,326.92960292195767
2017-08-20,31,EGGS,Babahoyo,Los Rios,B,10,0,381.22611554192594
2017-08-20,31,FROZEN FOODS,Babahoyo,Los Rios,B,10,0,97.22257978691775
2017-08-20,31,GROCERY I,Babahoyo,Los Rios,B,10,0,5831.373197190404
2017-08-20,31,GROCERY II,Babahoyo,Los Rios,B,10,0,14.322636816955425
2017-08-20,31,HARDWARE,Babahoyo,Los Rios,B,10,0,2.3853303533632335
2017-08-20,31,HOME AND KITCHEN I,Babahoyo,Los Rios,B,10,0,35.016556881153555
2017-08-20,31,HOME AND KITCHEN II,Babahoyo,Los Rios,B,10,0,24.73407833323881
2017-08-20,31,HOME APPLIANCES,Babahoyo,Los Rios,B,10,0,1.7698877661965187
2017-08-20,31,HOME CARE,Babahoyo,Los Rios,B,10,0,388.5490200605308
2017-08-20,31,LADIESWEAR,Babahoyo,Los Rios,B,10,0,6.877582669880348
2017-08-20,31,LAWN AND GARDEN,Babahoyo,Los Rios,B,10,0,8.599879930209454
2017-08-20,31,LINGERIE,Babahoyo,Los Rios,B,10,0,9.246353202398602
2017-08-20,31,"LIQUOR,WINE,BEER",Babahoyo,Los Rios,B,10,0,7.729997427715088
2017-08-20,31,MAGAZINES,Babahoyo,Los Rios,B,10,0,3.1301065341027665
2017-08-20,31,MEATS,Babahoyo,Los Rios,B,10,0,410.67090565698084
2017-08-20,31,PERSONAL CARE,Babahoyo,Los Rios,B,10,0,376.3829884583547
2017-08-20,31,PET SUPPLIES,Babahoyo,Los Rios,B,10,0,7.194490283199403
2017-08-20,31,PLAYERS AND ELECTRONICS,Babahoyo,Los Rios,B,10,0,7.387656528441666
2017-08-20,31,POULTRY,Babahoyo,Los Rios,B,10,0,144.44272584654377
2017-08-20,31,PREPARED FOODS,Babahoyo,Los Rios,B,10,0,100.06066969043172
2017-08-20,31,PRODUCE,Babahoyo,Los Rios,B,10,0,1502.6157353664046
2017-08-20,31,SCHOOL AND OFFICE SUPPLIES,Babahoyo,Los Rios,B,10,0,2.342996696265486
2017-08-20,31,SEAFOOD,Babahoyo,Los Rios,B,10,0,8.625453414524145
2017-08-20,32,AUTOMOTIVE,Guayaquil,Guayas,C,3,0,3.3954651990878464
2017-08-20,32,BABY CARE,Guayaquil,Guayas,C,3,0,1.642523674116679
2017-08-20,32,BEAUTY,Guayaquil,Guayas,C,3,0,2.8539925526529215
2017-08-20,32,BEVERAGES,Guayaquil,Guayas,C,3,0,1158.8083206318022
2017-08-20,32,BOOKS,Guayaquil,Guayas,C,3,0,1.642523674116679
2017-08-20,32,BREAD/BAKERY,Guayaquil,Guayas,C,3,0,149.93309854935146
2017-08-20,32,CELEBRATION,Guayaquil,Guayas,C,3,0,6.646650112977481
2017-08-20,32,CLEANING,Guayaquil,Guayas,C,3,0,559.5449125937201
2017-08-20,32,DAIRY,Guayaquil,Guayas,C,3,0,200.9775334100327
2017-08-20,32,DELI,Guayaquil,Guayas,C,3,0,115.00048100426788
2017-08-20,32,EGGS,Guayaquil,Guayas,C,3,0,181.8439160238256
2017-08-20,32,FROZEN FOODS,Guayaquil,Guayas,C,3,0,22.160952618809866
2017-08-20,32,GROCERY I,Guayaquil,Guayas,C,3,0,1896.310456963467
2017-08-20,32,GROCERY II,Guayaquil,Guayas,C,3,0,4.927589379752499
2017-08-20,32,HARDWARE,Guayaquil,Guayas,C,3,0,2.013995641971776
2017-08-20,32,HOME AND KITCHEN I,Guayaquil,Guayas,C,3,0,8.628885839471717
2017-08-20,32,HOME AND KITCHEN II,Guayaquil,Guayas,C,3,0,8.030259839064216
2017-08-20,32,HOME APPLIANCES,Guayaquil,Guayas,C,3,0,1.9898236874234367
2017-08-20,32,HOME CARE,Guayaquil,Guayas,C,3,0,101.74573251803068
2017-08-20,32,LADIESWEAR,Guayaquil,Guayas,C,3,0,4.2126780924312435
2017-08-20,32,LAWN AND GARDEN,Guayaquil,Guayas,C,3,0,2.545186330894047
2017-08-20,32,LINGERIE,Guayaquil,Guayas,C,3,0,3.3954651990878464
2017-08-20,32,"LIQUOR,WINE,BEER",Guayaquil,Guayas,C,3,0,14.682278680292933
2017-08-20,32,MAGAZINES,Guayaquil,Guayas,C,3,0,2.421645591468277
2017-08-20,32,MEATS,Guayaquil,Guayas,C,3,0,72.40432714868938
2017-08-20,32,PERSONAL CARE,Guayaquil,Guayas,C,3,0,80.99476701981399
2017-08-20,32,PET SUPPLIES,Guayaquil,Guayas,C,3,0,2.9524338771322842
2017-08-20,32,PLAYERS AND ELECTRONICS,Guayaquil,Guayas,C,3,0,3.3931628628932424
2017-08-20,32,POULTRY,Guayaquil,Guayas,C,3,0,57.04683667966372
2017-08-20,32,PREPARED FOODS,Guayaquil,Guayas,C,3,0,20.33073759300439
2017-08-20,32,PRODUCE,Guayaquil,Guayas,C,3,0,255.23969803954537
2017-08-20,32,SCHOOL AND OFFICE SUPPLIES,Guayaquil,Guayas,C,3,0,1.5975768633641823
2017-08-20,32,SEAFOOD,Guayaquil,Guayas,C,3,0,3.8689241568023616
2017-08-20,33,AUTOMOTIVE,Quevedo,Los Rios,C,3,0,8.1418666763183
2017-08-20,33,BABY CARE,Quevedo,Los Rios,C,3,0,1.2175078309771619
2017-08-20,33,BEAUTY,Quevedo,Los Rios,C,3,0,3.754172750678635
2017-08-20,33,BEVERAGES,Quevedo,Los Rios,C,3,0,2689.736235246165
2017-08-20,33,BOOKS,Quevedo,Los Rios,C,3,0,1.2175078309771619
2017-08-20,33,BREAD/BAKERY,Quevedo,Los Rios,C,3,0,320.7556533916977
2017-08-20,33,CELEBRATION,Quevedo,Los Rios,C,3,0,9.000266800954698
2017-08-20,33,CLEANING,Quevedo,Los Rios,C,3,0,1173.5762249294999
2017-08-20,33,DAIRY,Quevedo,Los Rios,C,3,0,562.7243846056001
2017-08-20,33,DELI,Quevedo,Los Rios,C,3,0,218.12965853241573
2017-08-20,33,EGGS,Quevedo,Los Rios,C,3,0,198.76036249337983
2017-08-20,33,FROZEN FOODS,Quevedo,Los Rios,C,3,0,68.53137695757088
2017-08-20,33,GROCERY I,Quevedo,Los Rios,C,3,0,3604.9716115604
2017-08-20,33,GROCERY II,Quevedo,Los Rios,C,3,0,6.392785642326858
2017-08-20,33,HARDWARE,Quevedo,Los Rios,C,3,0,1.5835456730911137
2017-08-20,33,HOME AND KITCHEN I,Quevedo,Los Rios,C,3,0,33.79395174537604
2017-08-20,33,HOME AND KITCHEN II,Quevedo,Los Rios,C,3,0,26.66690358739047
2017-08-20,33,HOME APPLIANCES,Quevedo,Los Rios,C,3,0,1.1907227227740738
2017-08-20,33,HOME CARE,Quevedo,Los Rios,C,3,0,312.3286014492867
2017-08-20,33,LADIESWEAR,Quevedo,Los Rios,C,3,0,5.22464220271446
2017-08-20,33,LAWN AND GARDEN,Quevedo,Los Rios,C,3,0,2.113139559510396
2017-08-20,33,LINGERIE,Quevedo,Los Rios,C,3,0,12.674450165960264
2017-08-20,33,"LIQUOR,WINE,BEER",Quevedo,Los Rios,C,3,0,21.388660074073904
2017-08-20,33,MAGAZINES,Quevedo,Los Rios,C,3,0,2.6464413872490655
2017-08-20,33,MEATS,Quevedo,Los Rios,C,3,0,313.8062287111096
2017-08-20,33,PERSONAL CARE,Quevedo,Los Rios,C,3,0,272.7501936605426
2017-08-20,33,PET SUPPLIES,Quevedo,Los Rios,C,3,0,3.427483350472405
2017-08-20,33,PLAYERS AND ELECTRONICS,Quevedo,Los Rios,C,3,0,4.009854478738254
2017-08-20,33,POULTRY,Quevedo,Los Rios,C,3,0,267.31409169667927
2017-08-20,33,PREPARED FOODS,Quevedo,Los Rios,C,3,0,36.9011334824037
2017-08-20,33,PRODUCE,Quevedo,Los Rios,C,3,0,1438.9573718119361
2017-08-20,33,SCHOOL AND OFFICE SUPPLIES,Quevedo,Los Rios,C,3,0,1.1725610202246655
2017-08-20,33,SEAFOOD,Quevedo,Los Rios,C,3,0,2.609973273054529
2017-08-20,34,AUTOMOTIVE,Guayaquil,Guayas,B,6,0,7.11052700127107
2017-08-20,34,BABY CARE,Guayaquil,Guayas,B,6,0,2.5089741359351865
2017-08-20,34,BEAUTY,Guayaquil,Guayas,B,6,0,3.617444083775328
2017-08-20,34,BEVERAGES,Guayaquil,Guayas,B,6,0,2945.8526510309343
2017-08-20,34,BOOKS,Guayaquil,Guayas,B,6,0,2.398462718761848
2017-08-20,34,BREAD/BAKERY,Guayaquil,Guayas,B,6,0,763.3382478036182
2017-08-20,34,CELEBRATION,Guayaquil,Guayas,B,6,0,11.532903478108107
2017-08-20,34,CLEANING,Guayaquil,Guayas,B,6,0,991.7079953619512
2017-08-20,34,DAIRY,Guayaquil,Guayas,B,6,0,746.0885645891266
2017-08-20,34,DELI,Guayaquil,Guayas,B,6,0,233.37042167770656
2017-08-20,34,EGGS,Guayaquil,Guayas,B,6,0,128.04300988298104
2017-08-20,34,FROZEN FOODS,Guayaquil,Guayas,B,6,0,69.51808951889345
2017-08-20,34,GROCERY I,Guayaquil,Guayas,B,6,0,4447.954302628859
2017-08-20,34,GROCERY II,Guayaquil,Guayas,B,6,0,12.880013565435126
2017-08-20,34,HARDWARE,Guayaquil,Guayas,B,6,0,3.3475962806192734
2017-08-20,34,HOME AND KITCHEN I,Guayaquil,Guayas,B,6,0,27.080555573960446
2017-08-20,34,HOME AND KITCHEN II,Guayaquil,Guayas,B,6,0,33.40963346974653
2017-08-20,34,HOME APPLIANCES,Guayaquil,Guayas,B,6,0,2.37167761055876
2017-08-20,34,HOME CARE,Guayaquil,Guayas,B,6,0,207.92323389097047
2017-08-20,34,LADIESWEAR,Guayaquil,Guayas,B,6,0,5.995947208633153
2017-08-20,34,LAWN AND GARDEN,Guayaquil,Guayas,B,6,0,7.247708310925304
2017-08-20,34,LINGERIE,Guayaquil,Guayas,B,6,0,5.211441998432818
2017-08-20,34,"LIQUOR,WINE,BEER",Guayaquil,Guayas,B,6,0,5.1579312260198575
2017-08-20,34,MAGAZINES,Guayaquil,Guayas,B,6,0,5.263379375638676
2017-08-20,34,MEATS,Guayaquil,Guayas,B,6,0,164.53870566957622
2017-08-20,34,PERSONAL CARE,Guayaquil,Guayas,B,6,0,280.77176302564834
2017-08-20,34,PET SUPPLIES,Guayaquil,Guayas,B,6,0,6.902656028467257
2017-08-20,34,PLAYERS AND ELECTRONICS,Guayaquil,Guayas,B,6,0,8.633687011915331
2017-08-20,34,POULTRY,Guayaquil,Guayas,B,6,0,150.12458418896966
2017-08-20,34,PREPARED FOODS,Guayaquil,Guayas,B,6,0,32.04797048684677
2017-08-20,34,PRODUCE,Guayaquil,Guayas,B,6,0,646.2256943878838
2017-08-20,34,SCHOOL AND OFFICE SUPPLIES,Guayaquil,Guayas,B,6,0,5.473397187899492
2017-08-20,34,SEAFOOD,Guayaquil,Guayas,B,6,0,4.3612894971110165
2017-08-20,35,AUTOMOTIVE,Playas,Guayas,C,3,0,3.3467236619089697
2017-08-20,35,BABY CARE,Playas,Guayas,C,3,0,0.7157463417925801
2017-08-20,35,BEAUTY,Playas,Guayas,C,3,0,1.837825328248765
2017-08-20,35,BEVERAGES,Playas,Guayas,C,3,0,1941.4740330541738
2017-08-20,35,BOOKS,Playas,Guayas,C,3,0,0.7157463417925801
2017-08-20,35,BREAD/BAKERY,Playas,Guayas,C,3,0,150.37074268716322
2017-08-20,35,CELEBRATION,Playas,Guayas,C,3,0,2.7261668619645154
2017-08-20,35,CLEANING,Playas,Guayas,C,3,0,532.3330762189415
2017-08-20,35,DAIRY,Playas,Guayas,C,3,0,203.33443928106908
2017-08-20,35,DELI,Playas,Guayas,C,3,0,125.51780982418586
2017-08-20,35,EGGS,Playas,Guayas,C,3,0,162.27816491832087
2017-08-20,35,FROZEN FOODS,Playas,Guayas,C,3,0,85.88163839634595
2017-08-20,35,GROCERY I,Playas,Guayas,C,3,0,2132.7033007739064
2017-08-20,35,GROCERY II,Playas,Guayas,C,3,0,6.431577183029983
2017-08-20,35,HARDWARE,Playas,Guayas,C,3,0,1.0817841839065314
2017-08-20,35,HOME AND KITCHEN I,Playas,Guayas,C,3,0,11.724108834982742
2017-08-20,35,HOME AND KITCHEN II,Playas,Guayas,C,3,0,3.809666520922234
2017-08-20,35,HOME APPLIANCES,Playas,Guayas,C,3,0,1.0576122293581927
2017-08-20,35,HOME CARE,Playas,Guayas,C,3,0,121.511742109412
2017-08-20,35,LADIESWEAR,Playas,Guayas,C,3,0,3.8860771338429387
2017-08-20,35,LAWN AND GARDEN,Playas,Guayas,C,3,0,1.6113780703258098
2017-08-20,35,LINGERIE,Playas,Guayas,C,3,0,2.1082117838699483
2017-08-20,35,"LIQUOR,WINE,BEER",Playas,Guayas,C,3,0,53.83095269040337
2017-08-20,35,MAGAZINES,Playas,Guayas,C,3,0,1.9573747360575606
2017-08-20,35,MEATS,Playas,Guayas,C,3,0,197.72126727629822
2017-08-20,35,PERSONAL CARE,Playas,Guayas,C,3,0,83.44237771309538
2017-08-20,35,PET SUPPLIES,Playas,Guayas,C,3,0,1.9362666527281285
2017-08-20,35,PLAYERS AND ELECTRONICS,Playas,Guayas,C,3,0,2.093507056308404
2017-08-20,35,POULTRY,Playas,Guayas,C,3,0,57.27451366432329
2017-08-20,35,PREPARED FOODS,Playas,Guayas,C,3,0,30.417070058893195
2017-08-20,35,PRODUCE,Playas,Guayas,C,3,0,442.01950049184285
2017-08-20,35,SCHOOL AND OFFICE SUPPLIES,Playas,Guayas,C,3,0,0.6707995310400833
2017-08-20,35,SEAFOOD,Playas,Guayas,C,3,0,2.8497412538993916
2017-08-20,36,AUTOMOTIVE,Libertad,Guayas,E,10,0,7.680151876206583
2017-08-20,36,BABY CARE,Libertad,Guayas,E,10,0,2.100777032362706
2017-08-20,36,BEAUTY,Libertad,Guayas,E,10,0,3.0486722065624425
2017-08-20,36,BEVERAGES,Libertad,Guayas,E,10,0,4166.732114286676
2017-08-20,36,BOOKS,Libertad,Guayas,E,10,0,2.100777032362706
2017-08-20,36,BREAD/BAKERY,Libertad,Guayas,E,10,0,659.470173710702
2017-08-20,36,CELEBRATION,Libertad,Guayas,E,10,0,11.308489408698783
2017-08-20,36,CLEANING,Libertad,Guayas,E,10,0,947.8679689173131
2017-08-20,36,DAIRY,Libertad,Guayas,E,10,0,778.413291237296
2017-08-20,36,DELI,Libertad,Guayas,E,10,0,245.20401819796817
2017-08-20,36,EGGS,Libertad,Guayas,E,10,0,152.64457939082223
2017-08-20,36,FROZEN FOODS,Libertad,Guayas,E,10,0,126.48848289989024
2017-08-20,36,GROCERY I,Libertad,Guayas,E,10,0,4376.126347162887
2017-08-20,36,GROCERY II,Libertad,Guayas,E,10,0,10.73454193267317
2017-08-20,36,HARDWARE,Libertad,Guayas,E,10,0,2.3207835155576313
2017-08-20,36,HOME AND KITCHEN I,Libertad,Guayas,E,10,0,29.402312117769927
2017-08-20,36,HOME AND KITCHEN II,Libertad,Guayas,E,10,0,11.260732018919915
2017-08-20,36,HOME APPLIANCES,Libertad,Guayas,E,10,0,2.0739919241596168
2017-08-20,36,HOME CARE,Libertad,Guayas,E,10,0,257.483524189426
2017-08-20,36,LADIESWEAR,Libertad,Guayas,E,10,0,4.720161255307696
2017-08-20,36,LAWN AND GARDEN,Libertad,Guayas,E,10,0,27.82706973707884
2017-08-20,36,LINGERIE,Libertad,Guayas,E,10,0,4.063603810711895
2017-08-20,36,"LIQUOR,WINE,BEER",Libertad,Guayas,E,10,0,83.59745487399601
2017-08-20,36,MAGAZINES,Libertad,Guayas,E,10,0,3.818911281754827
2017-08-20,36,MEATS,Libertad,Guayas,E,10,0,219.27390066305387
2017-08-20,36,PERSONAL CARE,Libertad,Guayas,E,10,0,248.54351281743942
2017-08-20,36,PET SUPPLIES,Libertad,Guayas,E,10,0,7.4126284398481594
2017-08-20,36,PLAYERS AND ELECTRONICS,Libertad,Guayas,E,10,0,4.0488990831503475
2017-08-20,36,POULTRY,Libertad,Guayas,E,10,0,136.1626379692495
2017-08-20,36,PREPARED FOODS,Libertad,Guayas,E,10,0,41.53537792736924
2017-08-20,36,PRODUCE,Libertad,Guayas,E,10,0,1329.96085282803
2017-08-20,36,SCHOOL AND OFFICE SUPPLIES,Libertad,Guayas,E,10,0,2.467805236173305
2017-08-20,36,SEAFOOD,Libertad,Guayas,E,10,0,3.5901448529973674
2017-08-20,37,AUTOMOTIVE,Cuenca,Azuay,D,2,0,3.1451639176239006
2017-08-20,37,BABY CARE,Cuenca,Azuay,D,2,0,1.9526248204043628
2017-08-20,37,BEAUTY,Cuenca,Azuay,D,2,0,7.30806139919725
2017-08-20,37,BEVERAGES,Cuenca,Azuay,D,2,0,2265.347846025053
2017-08-20,37,BOOKS,Cuenca,Azuay,D,2,0,1.9526248204043628
2017-08-20,37,BREAD/BAKERY,Cuenca,Azuay,D,2,0,423.770548263306
2017-08-20,37,CELEBRATION,Cuenca,Azuay,D,2,0,6.669940516465168
2017-08-20,37,CLEANING,Cuenca,Azuay,D,2,0,679.2358412152787
2017-08-20,37,DAIRY,Cuenca,Azuay,D,2,0,672.6531067369299
2017-08-20,37,DELI,Cuenca,Azuay,D,2,0,132.0592522012321
2017-08-20,37,EGGS,Cuenca,Azuay,D,2,0,109.86468010797581
2017-08-20,37,FROZEN FOODS,Cuenca,Azuay,D,2,0,103.29230350221184
2017-08-20,37,GROCERY I,Cuenca,Azuay,D,2,0,2665.596972607814
2017-08-20,37,GROCERY II,Cuenca,Azuay,D,2,0,34.80829343715602
2017-08-20,37,HARDWARE,Cuenca,Azuay,D,2,0,2.3273557300749865
2017-08-20,37,HOME AND KITCHEN I,Cuenca,Azuay,D,2,0,32.52128383213527
2017-08-20,37,HOME AND KITCHEN II,Cuenca,Azuay,D,2,0,24.899504623137567
2017-08-20,37,HOME APPLIANCES,Cuenca,Azuay,D,2,0,1.9258397122012743
2017-08-20,37,HOME CARE,Cuenca,Azuay,D,2,0,190.56069837127342
2017-08-20,37,LADIESWEAR,Cuenca,Azuay,D,2,0,22.832636071430933
2017-08-20,37,LAWN AND GARDEN,Cuenca,Azuay,D,2,0,19.343778790730052
2017-08-20,37,LINGERIE,Cuenca,Azuay,D,2,0,2.867589988852223
2017-08-20,37,"LIQUOR,WINE,BEER",Cuenca,Azuay,D,2,0,66.10589327169876
2017-08-20,37,MAGAZINES,Cuenca,Azuay,D,2,0,12.147068018109358
2017-08-20,37,MEATS,Cuenca,Azuay,D,2,0,173.0688109661609
2017-08-20,37,PERSONAL CARE,Cuenca,Azuay,D,2,0,234.2723185861661
2017-08-20,37,PET SUPPLIES,Cuenca,Azuay,D,2,0,10.656707706017254
2017-08-20,37,PLAYERS AND ELECTRONICS,Cuenca,Azuay,D,2,0,14.679898627170065
2017-08-20,37,POULTRY,Cuenca,Azuay,D,2,0,228.58550578500945
2017-08-20,37,PREPARED FOODS,Cuenca,Azuay,D,2,0,64.32936236894689
2017-08-20,37,PRODUCE,Cuenca,Azuay,D,2,0,1986.9331820168793
2017-08-20,37,SCHOOL AND OFFICE SUPPLIES,Cuenca,Azuay,D,2,0,1.5434926029477898
2017-08-20,37,SEAFOOD,Cuenca,Azuay,D,2,0,12.39176054706643
2017-08-20,38,AUTOMOTIVE,Loja,Loja,D,4,0,8.120602094833414
2017-08-20,38,BABY CARE,Loja,Loja,D,4,0,2.0345576719874443
2017-08-20,38,BEAUTY,Loja,Loja,D,4,0,10.265215512972475
2017-08-20,38,BEVERAGES,Loja,Loja,D,4,0,2605.9128077984724
2017-08-20,38,BOOKS,Loja,Loja,D,4,0,2.0345576719874443
2017-08-20,38,BREAD/BAKERY,Loja,Loja,D,4,0,536.1389713465558
2017-08-20,38,CELEBRATION,Loja,Loja,D,4,0,15.67655946492403
2017-08-20,38,CLEANING,Loja,Loja,D,4,0,1067.6501338549335
2017-08-20,38,DAIRY,Loja,Loja,D,4,0,864.3831321907935
2017-08-20,38,DELI,Loja,Loja,D,4,0,158.855465099742
2017-08-20,38,EGGS,Loja,Loja,D,4,0,115.65684898140248
2017-08-20,38,FROZEN FOODS,Loja,Loja,D,4,0,112.98509061464857
2017-08-20,38,GROCERY I,Loja,Loja,D,4,0,3856.2462954111293
2017-08-20,38,GROCERY II,Loja,Loja,D,4,0,28.65510405145722
2017-08-20,38,HARDWARE,Loja,Loja,D,4,0,2.5082381447131126
2017-08-20,38,HOME AND KITCHEN I,Loja,Loja,D,4,0,41.52258295688461
2017-08-20,38,HOME AND KITCHEN II,Loja,Loja,D,4,0,58.76614181646026
2017-08-20,38,HOME APPLIANCES,Loja,Loja,D,4,0,2.007772563784357
2017-08-20,38,HOME CARE,Loja,Loja,D,4,0,389.36584531423654
2017-08-20,38,LADIESWEAR,Loja,Loja,D,4,0,33.37079747800609
2017-08-20,38,LAWN AND GARDEN,Loja,Loja,D,4,0,14.527200151993306
2017-08-20,38,LINGERIE,Loja,Loja,D,4,0,11.34051734378831
2017-08-20,38,"LIQUOR,WINE,BEER",Loja,Loja,D,4,0,129.32275612436908
2017-08-20,38,MAGAZINES,Loja,Loja,D,4,0,14.669171447953211
2017-08-20,38,MEATS,Loja,Loja,D,4,0,145.35398591323536
2017-08-20,38,PERSONAL CARE,Loja,Loja,D,4,0,464.74666646519483
2017-08-20,38,PET SUPPLIES,Loja,Loja,D,4,0,10.363656837451838
2017-08-20,38,PLAYERS AND ELECTRONICS,Loja,Loja,D,4,0,12.876327138559564
2017-08-20,38,POULTRY,Loja,Loja,D,4,0,128.87549171239507
2017-08-20,38,PREPARED FOODS,Loja,Loja,D,4,0,95.0739960959921
2017-08-20,38,PRODUCE,Loja,Loja,D,4,0,2172.4305667332783
2017-08-20,38,SCHOOL AND OFFICE SUPPLIES,Loja,Loja,D,4,0,17.003492629391754
2017-08-20,38,SEAFOOD,Loja,Loja,D,4,0,17.731579210543764
2017-08-20,39,AUTOMOTIVE,Cuenca,Azuay,B,6,0,7.108905406530286
2017-08-20,39,BABY CARE,Cuenca,Azuay,B,6,0,1.4004744375020468
2017-08-20,39,BEAUTY,Cuenca,Azuay,B,6,0,3.9816289546275243
2017-08-20,39,BEVERAGES,Cuenca,Azuay,B,6,0,4060.582163066366
2017-08-20,39,BOOKS,Cuenca,Azuay,B,6,0,1.4004744375020468
2017-08-20,39,BREAD/BAKERY,Cuenca,Azuay,B,6,0,770.0645555787615
2017-08-20,39,CELEBRATION,Cuenca,Azuay,B,6,0,6.5940837599432625
2017-08-20,39,CLEANING,Cuenca,Azuay,B,6,0,1475.9740596924871
2017-08-20,39,DAIRY,Cuenca,Azuay,B,6,0,711.923943252602
2017-08-20,39,DELI,Cuenca,Azuay,B,6,0,200.2602494287636
2017-08-20,39,EGGS,Cuenca,Azuay,B,6,0,292.2155813230653
2017-08-20,39,FROZEN FOODS,Cuenca,Azuay,B,6,0,64.54387605842747
2017-08-20,39,GROCERY I,Cuenca,Azuay,B,6,0,4658.049576034931
2017-08-20,39,GROCERY II,Cuenca,Azuay,B,6,0,32.177383162401135
2017-08-20,39,HARDWARE,Cuenca,Azuay,B,6,0,2.0994361296031325
2017-08-20,39,HOME AND KITCHEN I,Cuenca,Azuay,B,6,0,27.28531878463695
2017-08-20,39,HOME AND KITCHEN II,Cuenca,Azuay,B,6,0,16.921466896247253
2017-08-20,39,HOME APPLIANCES,Cuenca,Azuay,B,6,0,1.3736893292989583
2017-08-20,39,HOME CARE,Cuenca,Azuay,B,6,0,394.60998055279515
2017-08-20,39,LADIESWEAR,Cuenca,Azuay,B,6,0,10.264637224391526
2017-08-20,39,LAWN AND GARDEN,Cuenca,Azuay,B,6,0,11.55525194959034
2017-08-20,39,LINGERIE,Cuenca,Azuay,B,6,0,7.343226641548507
2017-08-20,39,"LIQUOR,WINE,BEER",Cuenca,Azuay,B,6,0,36.64526811021713
2017-08-20,39,MAGAZINES,Cuenca,Azuay,B,6,0,6.828287035911223
2017-08-20,39,MEATS,Cuenca,Azuay,B,6,0,132.37015612759322
2017-08-20,39,PERSONAL CARE,Cuenca,Azuay,B,6,0,367.4246016435583
2017-08-20,39,PET SUPPLIES,Cuenca,Azuay,B,6,0,6.453302640340982
2017-08-20,39,PLAYERS AND ELECTRONICS,Cuenca,Azuay,B,6,0,6.703532587966014
2017-08-20,39,POULTRY,Cuenca,Azuay,B,6,0,228.35463451472722
2017-08-20,39,PREPARED FOODS,Cuenca,Azuay,B,6,0,47.47936489871946
2017-08-20,39,PRODUCE,Cuenca,Azuay,B,6,0,1610.1100072872216
2017-08-20,39,SCHOOL AND OFFICE SUPPLIES,Cuenca,Azuay,B,6,0,7.367438877310659
2017-08-20,39,SEAFOOD,Cuenca,Azuay,B,6,0,13.514942672181006
2017-08-20,40,AUTOMOTIVE,Machala,El Oro,C,3,0,4.0654231076271525
2017-08-20,40,BABY CARE,Machala,El Oro,C,3,0,1.6270227280732121
2017-08-20,40,BEAUTY,Machala,El Oro,C,3,0,3.333980085658398
2017-08-20,40,BEVERAGES,Machala,El Oro,C,3,0,4414.041272721004
2017-08-20,40,BOOKS,Machala,El Oro,C,3,0,1.6270227280732121
2017-08-20,40,BREAD/BAKERY,Machala,El Oro,C,3,0,540.078327769681
2017-08-20,40,CELEBRATION,Machala,El Oro,C,3,0,12.65064899880257
2017-08-20,40,CLEANING,Machala,El Oro,C,3,0,1619.1439745682103
2017-08-20,40,DAIRY,Machala,El Oro,C,3,0,726.3198088862118
2017-08-20,40,DELI,Machala,El Oro,C,3,0,298.4959215262176
2017-08-20,40,EGGS,Machala,El Oro,C,3,0,202.10183119345243
2017-08-20,40,FROZEN FOODS,Machala,El Oro,C,3,0,67.04318459172465
2017-08-20,40,GROCERY I,Machala,El Oro,C,3,0,6389.304335209679
2017-08-20,40,GROCERY II,Machala,El Oro,C,3,0,10.81777100038152
2017-08-20,40,HARDWARE,Machala,El Oro,C,3,0,3.5251888488499286
2017-08-20,40,HOME AND KITCHEN I,Machala,El Oro,C,3,0,32.1698431649363
2017-08-20,40,HOME AND KITCHEN II,Machala,El Oro,C,3,0,26.3995773068726
2017-08-20,40,HOME APPLIANCES,Machala,El Oro,C,3,0,1.6002376198701236
2017-08-20,40,HOME CARE,Machala,El Oro,C,3,0,389.60005457003354
2017-08-20,40,LADIESWEAR,Machala,El Oro,C,3,0,4.540810744031198
2017-08-20,40,LAWN AND GARDEN,Machala,El Oro,C,3,0,2.52968538485058
2017-08-20,40,LINGERIE,Machala,El Oro,C,3,0,11.028872994832936
2017-08-20,40,"LIQUOR,WINE,BEER",Machala,El Oro,C,3,0,3.746553630257504
2017-08-20,40,MAGAZINES,Machala,El Oro,C,3,0,4.2083152245960616
2017-08-20,40,MEATS,Machala,El Oro,C,3,0,145.10451773670093
2017-08-20,40,PERSONAL CARE,Machala,El Oro,C,3,0,341.25871238926976
2017-08-20,40,PET SUPPLIES,Machala,El Oro,C,3,0,3.92940381814733
2017-08-20,40,PLAYERS AND ELECTRONICS,Machala,El Oro,C,3,0,11.819083642466039
2017-08-20,40,POULTRY,Machala,El Oro,C,3,0,162.44108847241844
2017-08-20,40,PREPARED FOODS,Machala,El Oro,C,3,0,60.660541873321726
2017-08-20,40,PRODUCE,Machala,El Oro,C,3,0,1188.4164701681195
2017-08-20,40,SCHOOL AND OFFICE SUPPLIES,Machala,El Oro,C,3,0,1.5820759173207153
2017-08-20,40,SEAFOOD,Machala,El Oro,C,3,0,8.087152272429044
2017-08-20,41,AUTOMOTIVE,Machala,El Oro,D,4,0,10.458859050088153
2017-08-20,41,BABY CARE,Machala,El Oro,D,4,0,2.6814381660899578
2017-08-20,41,BEAUTY,Machala,El Oro,D,4,0,13.155417684926105
2017-08-20,41,BEVERAGES,Machala,El Oro,D,4,0,3022.6591669015916
2017-08-20,41,BOOKS,Machala,El Oro,D,4,0,2.6814381660899578
2017-08-20,41,BREAD/BAKERY,Machala,El Oro,D,4,0,679.2304728116409
2017-08-20,41,CELEBRATION,Machala,El Oro,D,4,0,11.93970391189155
2017-08-20,41,CLEANING,Machala,El Oro,D,4,0,1408.2719187504513
2017-08-20,41,DAIRY,Machala,El Oro,D,4,0,1052.9345014119112
2017-08-20,41,DELI,Machala,El Oro,D,4,0,311.24472355425524
2017-08-20,41,EGGS,Machala,El Oro,D,4,0,177.7993413385109
2017-08-20,41,FROZEN FOODS,Machala,El Oro,D,4,0,174.21703842386793
2017-08-20,41,GROCERY I,Machala,El Oro,D,4,0,4650.149312701823
2017-08-20,41,GROCERY II,Machala,El Oro,D,4,0,42.53606133352643
2017-08-20,41,HARDWARE,Machala,El Oro,D,4,0,4.093410945680486
2017-08-20,41,HOME AND KITCHEN I,Machala,El Oro,D,4,0,39.98733974822874
2017-08-20,41,HOME AND KITCHEN II,Machala,El Oro,D,4,0,43.11766887397387
2017-08-20,41,HOME APPLIANCES,Machala,El Oro,D,4,0,2.6546530578868697
2017-08-20,41,HOME CARE,Machala,El Oro,D,4,0,354.66248960545863
2017-08-20,41,LADIESWEAR,Machala,El Oro,D,4,0,34.96769377187683
2017-08-20,41,LAWN AND GARDEN,Machala,El Oro,D,4,0,17.072534549281624
2017-08-20,41,LINGERIE,Machala,El Oro,D,4,0,11.875289618214483
2017-08-20,41,"LIQUOR,WINE,BEER",Machala,El Oro,D,4,0,76.41849094807509
2017-08-20,41,MAGAZINES,Machala,El Oro,D,4,0,16.636636139828397
2017-08-20,41,MEATS,Machala,El Oro,D,4,0,293.43335624947747
2017-08-20,41,PERSONAL CARE,Machala,El Oro,D,4,0,456.9611777551584
2017-08-20,41,PET SUPPLIES,Machala,El Oro,D,4,0,19.352296225516845
2017-08-20,41,PLAYERS AND ELECTRONICS,Machala,El Oro,D,4,0,12.990923441609292
2017-08-20,41,POULTRY,Machala,El Oro,D,4,0,236.51454183957205
2017-08-20,41,PREPARED FOODS,Machala,El Oro,D,4,0,80.26454428637797
2017-08-20,41,PRODUCE,Machala,El Oro,D,4,0,2662.3143707194477
2017-08-20,41,SCHOOL AND OFFICE SUPPLIES,Machala,El Oro,D,4,0,3.1863375086244012
2017-08-20,41,SEAFOOD,Machala,El Oro,D,4,0,10.458859050088153
2017-08-20,42,AUTOMOTIVE,Cuenca,Azuay,D,2,0,6.701104528004706
2017-08-20,42,BABY CARE,Cuenca,Azuay,D,2,0,1.9526248204043628
2017-08-20,42,BEAUTY,Cuenca,Azuay,D,2,0,6.590082529131543
2017-08-20,42,BEVERAGES,Cuenca,Azuay,D,2,0,2284.537845010205
2017-08-20,42,BOOKS,Cuenca,Azuay,D,2,0,1.9526248204043628
2017-08-20,42,BREAD/BAKERY,Cuenca,Azuay,D,2,0,477.03649711800495
2017-08-20,42,CELEBRATION,Cuenca,Azuay,D,2,0,8.940065348189325
2017-08-20,42,CLEANING,Cuenca,Azuay,D,2,0,755.2957649120293
2017-08-20,42,DAIRY,Cuenca,Azuay,D,2,0,855.0411125140414
2017-08-20,42,DELI,Cuenca,Azuay,D,2,0,160.09873542285712
2017-08-20,42,EGGS,Cuenca,Azuay,D,2,0,140.85455670935875
2017-08-20,42,FROZEN FOODS,Cuenca,Azuay,D,2,0,109.9789356582189
2017-08-20,42,GROCERY I,Cuenca,Azuay,D,2,0,3028.0700862626063
2017-08-20,42,GROCERY II,Cuenca,Azuay,D,2,0,33.17661706221985
2017-08-20,42,HARDWARE,Cuenca,Azuay,D,2,0,2.314953338708043
2017-08-20,42,HOME AND KITCHEN I,Cuenca,Azuay,D,2,0,30.531983461664353
2017-08-20,42,HOME AND KITCHEN II,Cuenca,Azuay,D,2,0,30.023647420845915
2017-08-20,42,HOME APPLIANCES,Cuenca,Azuay,D,2,0,1.9258397122012743
2017-08-20,42,HOME CARE,Cuenca,Azuay,D,2,0,205.32048228833813
2017-08-20,42,LADIESWEAR,Cuenca,Azuay,D,2,0,17.697346576314743
2017-08-20,42,LAWN AND GARDEN,Cuenca,Azuay,D,2,0,30.377768322640723
2017-08-20,42,LINGERIE,Cuenca,Azuay,D,2,0,5.833676396760337
2017-08-20,42,"LIQUOR,WINE,BEER",Cuenca,Azuay,D,2,0,40.053541394198675
2017-08-20,42,MAGAZINES,Cuenca,Azuay,D,2,0,9.43587390074984
2017-08-20,42,MEATS,Cuenca,Azuay,D,2,0,229.0203198165724
2017-08-20,42,PERSONAL CARE,Cuenca,Azuay,D,2,0,282.05308440383953
2017-08-20,42,PET SUPPLIES,Cuenca,Azuay,D,2,0,8.703705923370439
2017-08-20,42,PLAYERS AND ELECTRONICS,Cuenca,Azuay,D,2,0,8.17525832018856
2017-08-20,42,POULTRY,Cuenca,Azuay,D,2,0,228.53288428860927
2017-08-20,42,PREPARED FOODS,Cuenca,Azuay,D,2,0,44.61740803448113
2017-08-20,42,PRODUCE,Cuenca,Azuay,D,2,0,2402.478602925658
2017-08-20,42,SCHOOL AND OFFICE SUPPLIES,Cuenca,Azuay,D,2,0,2.0015334907965494
2017-08-20,42,SEAFOOD,Cuenca,Azuay,D,2,0,13.097145033473225
2017-08-20,43,AUTOMOTIVE,Esmeraldas,Esmeraldas,E,10,0,9.338236901942564
2017-08-20,43,BABY CARE,Esmeraldas,Esmeraldas,E,10,0,2.7495242288520405
2017-08-20,43,BEAUTY,Esmeraldas,Esmeraldas,E,10,0,8.509754949567903
2017-08-20,43,BEVERAGES,Esmeraldas,Esmeraldas,E,10,0,5253.00380550812
2017-08-20,43,BOOKS,Esmeraldas,Esmeraldas,E,10,0,2.7495242288520405
2017-08-20,43,BREAD/BAKERY,Esmeraldas,Esmeraldas,E,10,0,728.4223058874245
2017-08-20,43,CELEBRATION,Esmeraldas,Esmeraldas,E,10,0,22.119206842379736
2017-08-20,43,CLEANING,Esmeraldas,Esmeraldas,E,10,0,1396.3976849912776
2017-08-20,43,DAIRY,Esmeraldas,Esmeraldas,E,10,0,883.1068348964857
2017-08-20,43,DELI,Esmeraldas,Esmeraldas,E,10,0,354.589494383716
2017-08-20,43,EGGS,Esmeraldas,Esmeraldas,E,10,0,263.03391843898186
2017-08-20,43,FROZEN FOODS,Esmeraldas,Esmeraldas,E,10,0,91.6368172992293
2017-08-20,43,GROCERY I,Esmeraldas,Esmeraldas,E,10,0,5520.523380971865
2017-08-20,43,GROCERY II,Esmeraldas,Esmeraldas,E,10,0,20.848802970333264
2017-08-20,43,HARDWARE,Esmeraldas,Esmeraldas,E,10,0,2.8574224923706297
2017-08-20,43,HOME AND KITCHEN I,Esmeraldas,Esmeraldas,E,10,0,21.92045970864531
2017-08-20,43,HOME AND KITCHEN II,Esmeraldas,Esmeraldas,E,10,0,27.011199262665542
2017-08-20,43,HOME APPLIANCES,Esmeraldas,Esmeraldas,E,10,0,2.8332505378222907
2017-08-20,43,HOME CARE,Esmeraldas,Esmeraldas,E,10,0,303.6887674529361
2017-08-20,43,LADIESWEAR,Esmeraldas,Esmeraldas,E,10,0,3.8271347671254383
2017-08-20,43,LAWN AND GARDEN,Esmeraldas,Esmeraldas,E,10,0,10.281067140022971
2017-08-20,43,LINGERIE,Esmeraldas,Esmeraldas,E,10,0,4.712351007201211
2017-08-20,43,"LIQUOR,WINE,BEER",Esmeraldas,Esmeraldas,E,10,0,91.22383048331939
2017-08-20,43,MAGAZINES,Esmeraldas,Esmeraldas,E,10,0,4.46765847824414
2017-08-20,43,MEATS,Esmeraldas,Esmeraldas,E,10,0,229.9720551123645
2017-08-20,43,PERSONAL CARE,Esmeraldas,Esmeraldas,E,10,0,338.71437288931776
2017-08-20,43,PET SUPPLIES,Esmeraldas,Esmeraldas,E,10,0,7.289525810309731
2017-08-20,43,PLAYERS AND ELECTRONICS,Esmeraldas,Esmeraldas,E,10,0,4.260113163587138
2017-08-20,43,POULTRY,Esmeraldas,Esmeraldas,E,10,0,302.9517565230725
2017-08-20,43,PREPARED FOODS,Esmeraldas,Esmeraldas,E,10,0,164.0275563672335
2017-08-20,43,PRODUCE,Esmeraldas,Esmeraldas,E,10,0,1366.1203989122637
2017-08-20,43,SCHOOL AND OFFICE SUPPLIES,Esmeraldas,Esmeraldas,E,10,0,4.503776506883569
2017-08-20,43,SEAFOOD,Esmeraldas,Esmeraldas,E,10,0,4.063305755241697
2017-08-20,44,AUTOMOTIVE,Quito,Pichincha,A,5,0,22.61577467182782
2017-08-20,44,BABY CARE,Quito,Pichincha,A,5,0,4.341402335566191
2017-08-20,44,BEAUTY,Quito,Pichincha,A,5,0,18.435525726081938
2017-08-20,44,BEVERAGES,Quito,Pichincha,A,5,0,13969.469342157428
2017-08-20,44,BOOKS,Quito,Pichincha,A,5,0,4.341402335566191
2017-08-20,44,BREAD/BAKERY,Quito,Pichincha,A,5,0,2160.332273685114
2017-08-20,44,CELEBRATION,Quito,Pichincha,A,5,0,28.840948891306777
2017-08-20,44,CLEANING,Quito,Pichincha,A,5,0,2826.437054374262
2017-08-20,44,DAIRY,Quito,Pichincha,A,5,0,3239.4205051309973
2017-08-20,44,DELI,Quito,Pichincha,A,5,0,707.7773561103073
2017-08-20,44,EGGS,Quito,Pichincha,A,5,0,892.1604065150614
2017-08-20,44,FROZEN FOODS,Quito,Pichincha,A,5,0,540.9565633316286
2017-08-20,44,GROCERY I,Quito,Pichincha,A,5,0,12737.423701181271
2017-08-20,44,GROCERY II,Quito,Pichincha,A,5,0,89.95701201208631
2017-08-20,44,HARDWARE,Quito,Pichincha,A,5,0,7.237686114841133
2017-08-20,44,HOME AND KITCHEN I,Quito,Pichincha,A,5,0,138.81472769985098
2017-08-20,44,HOME AND KITCHEN II,Quito,Pichincha,A,5,0,136.16142851912915
2017-08-20,44,HOME APPLIANCES,Quito,Pichincha,A,5,0,4.314617227363104
2017-08-20,44,HOME CARE,Quito,Pichincha,A,5,0,968.2172504913071
2017-08-20,44,LADIESWEAR,Quito,Pichincha,A,5,0,40.81049470458633
2017-08-20,44,LAWN AND GARDEN,Quito,Pichincha,A,5,0,32.47067372710342
2017-08-20,44,LINGERIE,Quito,Pichincha,A,5,0,81.46689545979496
2017-08-20,44,"LIQUOR,WINE,BEER",Quito,Pichincha,A,5,0,284.4853653385922
2017-08-20,44,MAGAZINES,Quito,Pichincha,A,5,0,37.30689601092621
2017-08-20,44,MEATS,Quito,Pichincha,A,5,0,1079.5367141323866
2017-08-20,44,PERSONAL CARE,Quito,Pichincha,A,5,0,820.0462366487494
2017-08-20,44,PET SUPPLIES,Quito,Pichincha,A,5,0,47.448950665731545
2017-08-20,44,PLAYERS AND ELECTRONICS,Quito,Pichincha,A,5,0,47.1109500637003
2017-08-20,44,POULTRY,Quito,Pichincha,A,5,0,1513.0721644142418
2017-08-20,44,PREPARED FOODS,Quito,Pichincha,A,5,0,338.483755827883
2017-08-20,44,PRODUCE,Quito,Pichincha,A,5,0,12169.618232196657
2017-08-20,44,SCHOOL AND OFFICE SUPPLIES,Quito,Pichincha,A,5,0,442.69512767444877
2017-08-20,44,SEAFOOD,Quito,Pichincha,A,5,0,113.40373528216143
2017-08-20,45,AUTOMOTIVE,Quito,Pichincha,A,11,0,27.106934419540593
2017-08-20,45,BABY CARE,Quito,Pichincha,A,11,0,4.428202038679968
2017-08-20,45,BEAUTY,Quito,Pichincha,A,11,0,23.044468012530253
2017-08-20,45,BEVERAGES,Quito,Pichincha,A,11,0,13234.620877365454
2017-08-20,45,BOOKS,Quito,Pichincha,A,11,0,4.428202038679968
2017-08-20,45,BREAD/BAKERY,Quito,Pichincha,A,11,0,1586.057613082398
2017-08-20,45,CELEBRATION,Quito,Pichincha,A,11,0,31.495369191829496
2017-08-20,45,CLEANING,Quito,Pichincha,A,11,0,3295.056622479667
2017-08-20,45,DAIRY,Quito,Pichincha,A,11,0,3016.269260568152
2017-08-20,45,DELI,Quito,Pichincha,A,11,0,1040.3311812672841
2017-08-20,45,EGGS,Quito,Pichincha,A,11,0,554.9051470919228
2017-08-20,45,FROZEN FOODS,Quito,Pichincha,A,11,0,437.4425863844035
2017-08-20,45,GROCERY I,Quito,Pichincha,A,11,0,13313.336405440357
2017-08-20,45,GROCERY II,Quito,Pichincha,A,11,0,153.94724057150063
2017-08-20,45,HARDWARE,Quito,Pichincha,A,11,0,5.014932845218841
2017-08-20,45,HOME AND KITCHEN I,Quito,Pichincha,A,11,0,101.21085442237641
2017-08-20,45,HOME AND KITCHEN II,Quito,Pichincha,A,11,0,93.65447111895604
2017-08-20,45,HOME APPLIANCES,Quito,Pichincha,A,11,0,4.401416930476881
2017-08-20,45,HOME CARE,Quito,Pichincha,A,11,0,1026.8552456322323
2017-08-20,45,LADIESWEAR,Quito,Pichincha,A,11,0,40.402053402088605
2017-08-20,45,LAWN AND GARDEN,Quito,Pichincha,A,11,0,40.34690364438744
2017-08-20,45,LINGERIE,Quito,Pichincha,A,11,0,12.361432331922986
2017-08-20,45,"LIQUOR,WINE,BEER",Quito,Pichincha,A,11,0,190.68402203758052
2017-08-20,45,MAGAZINES,Quito,Pichincha,A,11,0,35.67541250683077
2017-08-20,45,MEATS,Quito,Pichincha,A,11,0,1484.2372466276267
2017-08-20,45,PERSONAL CARE,Quito,Pichincha,A,11,0,1172.8474102802224
2017-08-20,45,PET SUPPLIES,Quito,Pichincha,A,11,0,32.72971651428858
2017-08-20,45,PLAYERS AND ELECTRONICS,Quito,Pichincha,A,11,0,40.892898175182516
2017-08-20,45,POULTRY,Quito,Pichincha,A,11,0,1730.9300249881737
2017-08-20,45,PREPARED FOODS,Quito,Pichincha,A,11,0,324.7010767867152
2017-08-20,45,PRODUCE,Quito,Pichincha,A,11,0,8404.730446159414
2017-08-20,45,SCHOOL AND OFFICE SUPPLIES,Quito,Pichincha,A,11,0,571.4107564890888
2017-08-20,45,SEAFOOD,Quito,Pichincha,A,11,0,119.45161881584376
2017-08-20,46,AUTOMOTIVE,Quito,Pichincha,A,14,0,20.66314597914688
2017-08-20,46,BABY CARE,Quito,Pichincha,A,14,0,4.428202038679968
2017-08-20,46,BEAUTY,Quito,Pichincha,A,14,0,37.98414476547687
2017-08-20,46,BEVERAGES,Quito,Pichincha,A,14,0,8347.17311292881
2017-08-20,46,BOOKS,Quito,Pichincha,A,14,0,4.428202038679968
2017-08-20,46,BREAD/BAKERY,Quito,Pichincha,A,14,0,1255.1174287438714
2017-08-20,46,CELEBRATION,Quito,Pichincha,A,14,0,20.710741954539603
2017-08-20,46,CLEANING,Quito,Pichincha,A,14,0,3047.9719356252667
2017-08-20,46,DAIRY,Quito,Pichincha,A,14,0,2201.5832976765428
2017-08-20,46,DELI,Quito,Pichincha,A,14,0,1196.4134360546861
2017-08-20,46,EGGS,Quito,Pichincha,A,14,0,223.26291471631805
2017-08-20,46,FROZEN FOODS,Quito,Pichincha,A,14,0,365.06253234747504
2017-08-20,46,GROCERY I,Quito,Pichincha,A,14,0,13121.389417835278
2017-08-20,46,GROCERY II,Quito,Pichincha,A,14,0,52.198526064021976
2017-08-20,46,HARDWARE,Quito,Pichincha,A,14,0,9.160474830454195
2017-08-20,46,HOME AND KITCHEN I,Quito,Pichincha,A,14,0,70.6574389508773
2017-08-20,46,HOME AND KITCHEN II,Quito,Pichincha,A,14,0,39.40758354930631
2017-08-20,46,HOME APPLIANCES,Quito,Pichincha,A,14,0,4.401416930476881
2017-08-20,46,HOME CARE,Quito,Pichincha,A,14,0,951.7421658432844
2017-08-20,46,LADIESWEAR,Quito,Pichincha,A,14,0,45.12510894822348
2017-08-20,46,LAWN AND GARDEN,Quito,Pichincha,A,14,0,38.35641585724866
2017-08-20,46,LINGERIE,Quito,Pichincha,A,14,0,15.687300348587385
2017-08-20,46,"LIQUOR,WINE,BEER",Quito,Pichincha,A,14,0,114.63951847377099
2017-08-20,46,MAGAZINES,Quito,Pichincha,A,14,0,25.188780675719578
2017-08-20,46,MEATS,Quito,Pichincha,A,14,0,1165.1884042122235
2017-08-20,46,PERSONAL CARE,Quito,Pichincha,A,14,0,1213.4019209382536
2017-08-20,46,PET SUPPLIES,Quito,Pichincha,A,14,0,36.84902246523862
2017-08-20,46,PLAYERS AND ELECTRONICS,Quito,Pichincha,A,14,0,47.692990772425595
2017-08-20,46,POULTRY,Quito,Pichincha,A,14,0,1168.1073404365088
2017-08-20,46,PREPARED FOODS,Quito,Pichincha,A,14,0,158.59652791414098
2017-08-20,46,PRODUCE,Quito,Pichincha,A,14,0,4065.3491088306705
2017-08-20,46,SCHOOL AND OFFICE SUPPLIES,Quito,Pichincha,A,14,0,368.7898981653033
2017-08-20,46,SEAFOOD,Quito,Pichincha,A,14,0,59.97389632540176
2017-08-20,47,AUTOMOTIVE,Quito,Pichincha,A,14,0,25.604338281381317
2017-08-20,47,BABY CARE,Quito,Pichincha,A,14,0,4.428202038679968
2017-08-20,47,BEAUTY,Quito,Pichincha,A,14,0,34.63415635986414
2017-08-20,47,BEVERAGES,Quito,Pichincha,A,14,0,13195.625329432154
2017-08-20,47,BOOKS,Quito,Pichincha,A,14,0,4.428202038679968
2017-08-20,47,BREAD/BAKERY,Quito,Pichincha,A,14,0,1486.2543920447697
2017-08-20,47,CELEBRATION,Quito,Pichincha,A,14,0,27.36670215020272
2017-08-20,47,CLEANING,Quito,Pichincha,A,14,0,2913.3157674020813
2017-08-20,47,DAIRY,Quito,Pichincha,A,14,0,2719.6902634214407
2017-08-20,47,DELI,Quito,Pichincha,A,14,0,890.4142774047377
2017-08-20,47,EGGS,Quito,Pichincha,A,14,0,478.0073179414707
2017-08-20,47,FROZEN FOODS,Quito,Pichincha,A,14,0,318.7222121293917
2017-08-20,47,GROCERY I,Quito,Pichincha,A,14,0,12646.539772863449
2017-08-20,47,GROCERY II,Quito,Pichincha,A,14,0,45.60132168377457
2017-08-20,47,HARDWARE,Quito,Pichincha,A,14,0,4.61124963160808
2017-08-20,47,HOME AND KITCHEN I,Quito,Pichincha,A,14,0,89.84634047209315
2017-08-20,47,HOME AND KITCHEN II,Quito,Pichincha,A,14,0,73.76729151357937
2017-08-20,47,HOME APPLIANCES,Quito,Pichincha,A,14,0,4.401416930476881
2017-08-20,47,HOME CARE,Quito,Pichincha,A,14,0,827.0274293731788
2017-08-20,47,LADIESWEAR,Quito,Pichincha,A,14,0,39.07244222473287
2017-08-20,47,LAWN AND GARDEN,Quito,Pichincha,A,14,0,35.44435599640027
2017-08-20,47,LINGERIE,Quito,Pichincha,A,14,0,25.195740012015776
2017-08-20,47,"LIQUOR,WINE,BEER",Quito,Pichincha,A,14,0,177.25260869915286
2017-08-20,47,MAGAZINES,Quito,Pichincha,A,14,0,26.53687213654564
2017-08-20,47,MEATS,Quito,Pichincha,A,14,0,1084.8474504421843
2017-08-20,47,PERSONAL CARE,Quito,Pichincha,A,14,0,1117.139303572623
2017-08-20,47,PET SUPPLIES,Quito,Pichincha,A,14,0,37.24340668617333
2017-08-20,47,PLAYERS AND ELECTRONICS,Quito,Pichincha,A,14,0,40.01231287626019
2017-08-20,47,POULTRY,Quito,Pichincha,A,14,0,1422.8795550363402
2017-08-20,47,PREPARED FOODS,Quito,Pichincha,A,14,0,290.787709872569
2017-08-20,47,PRODUCE,Quito,Pichincha,A,14,0,7476.541999657341
2017-08-20,47,SCHOOL AND OFFICE SUPPLIES,Quito,Pichincha,A,14,0,620.6041407823662
2017-08-20,47,SEAFOOD,Quito,Pichincha,A,14,0,81.88078922962117
2017-08-20,48,AUTOMOTIVE,Quito,Pichincha,A,14,0,19.92635180347223
2017-08-20,48,BABY CARE,Quito,Pichincha,A,14,0,4.428202038679968
2017-08-20,48,BEAUTY,Quito,Pichincha,A,14,0,39.03835371690713
2017-08-20,48,BEVERAGES,Quito,Pichincha,A,14,0,6766.539088380726
2017-08-20,48,BOOKS,Quito,Pichincha,A,14,0,4.428202038679968
2017-08-20,48,BREAD/BAKERY,Quito,Pichincha,A,14,0,1243.9012914986126
2017-08-20,48,CELEBRATION,Quito,Pichincha,A,14,0,23.936841054135883
2017-08-20,48,CLEANING,Quito,Pichincha,A,14,0,2943.1575417153886
2017-08-20,48,DAIRY,Quito,Pichincha,A,14,0,1869.2512861288674
2017-08-20,48,DELI,Quito,Pichincha,A,14,0,993.386604559885
2017-08-20,48,EGGS,Quito,Pichincha,A,14,0,187.72118369115785
2017-08-20,48,FROZEN FOODS,Quito,Pichincha,A,14,0,315.612853566842
2017-08-20,48,GROCERY I,Quito,Pichincha,A,14,0,11679.599035570782
2017-08-20,48,GROCERY II,Quito,Pichincha,A,14,0,48.254393365420555
2017-08-20,48,HARDWARE,Quito,Pichincha,A,14,0,4.425588885025222
2017-08-20,48,HOME AND KITCHEN I,Quito,Pichincha,A,14,0,47.721239776341136
2017-08-20,48,HOME AND KITCHEN II,Quito,Pichincha,A,14,0,36.799333860005525
2017-08-20,48,HOME APPLIANCES,Quito,Pichincha,A,14,0,4.401416930476881
2017-08-20,48,HOME CARE,Quito,Pichincha,A,14,0,826.5223988575686
2017-08-20,48,LADIESWEAR,Quito,Pichincha,A,14,0,39.56159632979007
2017-08-20,48,LAWN AND GARDEN,Quito,Pichincha,A,14,0,20.189498245044625
2017-08-20,48,LINGERIE,Quito,Pichincha,A,14,0,9.370524306721912
2017-08-20,48,"LIQUOR,WINE,BEER",Quito,Pichincha,A,14,0,104.95150964473558
2017-08-20,48,MAGAZINES,Quito,Pichincha,A,14,0,12.957581019822562
2017-08-20,48,MEATS,Quito,Pichincha,A,14,0,1171.2980290926446
2017-08-20,48,PERSONAL CARE,Quito,Pichincha,A,14,0,1246.6441879916897
2017-08-20,48,PET SUPPLIES,Quito,Pichincha,A,14,0,33.6063302005049
2017-08-20,48,PLAYERS AND ELECTRONICS,Quito,Pichincha,A,14,0,35.11287451360569
2017-08-20,48,POULTRY,Quito,Pichincha,A,14,0,1255.5858505910542
2017-08-20,48,PREPARED FOODS,Quito,Pichincha,A,14,0,135.02897686287866
2017-08-20,48,PRODUCE,Quito,Pichincha,A,14,0,3109.2286699072774
2017-08-20,48,SCHOOL AND OFFICE SUPPLIES,Quito,Pichincha,A,14,0,431.0707828283084
2017-08-20,48,SEAFOOD,Quito,Pichincha,A,14,0,36.14314146146974
2017-08-20,49,AUTOMOTIVE,Quito,Pichincha,A,11,0,15.218401160860733
2017-08-20,49,BABY CARE,Quito,Pichincha,A,11,0,4.428202038679968
2017-08-20,49,BEAUTY,Quito,Pichincha,A,11,0,25.163086749055463
2017-08-20,49,BEVERAGES,Quito,Pichincha,A,11,0,8996.672260739622
2017-08-20,49,BOOKS,Quito,Pichincha,A,11,0,4.428202038679968
2017-08-20,49,BREAD/BAKERY,Quito,Pichincha,A,11,0,1405.2509917406978
2017-08-20,49,CELEBRATION,Quito,Pichincha,A,11,0,29.508531854343822
2017-08-20,49,CLEANING,Quito,Pichincha,A,11,0,2226.643044760568
2017-08-20,49,DAIRY,Quito,Pichincha,A,11,0,2615.1930053465085
2017-08-20,49,DELI,Quito,Pichincha,A,11,0,578.225211250476
2017-08-20,49,EGGS,Quito,Pichincha,A,11,0,602.6442010120098
2017-08-20,49,FROZEN FOODS,Quito,Pichincha,A,11,0,366.1130676873407
2017-08-20,49,GROCERY I,Quito,Pichincha,A,11,0,10331.024952207841
2017-08-20,49,GROCERY II,Quito,Pichincha,A,11,0,87.57988583536545
2017-08-20,49,HARDWARE,Quito,Pichincha,A,11,0,4.61124963160808
2017-08-20,49,HOME AND KITCHEN I,Quito,Pichincha,A,11,0,67.20226243457437
2017-08-20,49,HOME AND KITCHEN II,Quito,Pichincha,A,11,0,60.643806690283824
2017-08-20,49,HOME APPLIANCES,Quito,Pichincha,A,11,0,4.401416930476881
2017-08-20,49,HOME CARE,Quito,Pichincha,A,11,0,636.2053305919004
2017-08-20,49,LADIESWEAR,Quito,Pichincha,A,11,0,21.53559139350622
2017-08-20,49,LAWN AND GARDEN,Quito,Pichincha,A,11,0,36.7852879707407
2017-08-20,49,LINGERIE,Quito,Pichincha,A,11,0,12.39735817358498
2017-08-20,49,"LIQUOR,WINE,BEER",Quito,Pichincha,A,11,0,223.6103544357977
2017-08-20,49,MAGAZINES,Quito,Pichincha,A,11,0,27.4146982714563
2017-08-20,49,MEATS,Quito,Pichincha,A,11,0,897.9507725958797
2017-08-20,49,PERSONAL CARE,Quito,Pichincha,A,11,0,702.2430674232512
2017-08-20,49,PET SUPPLIES,Quito,Pichincha,A,11,0,28.539998201498385
2017-08-20,49,PLAYERS AND ELECTRONICS,Quito,Pichincha,A,11,0,39.95810970074568
2017-08-20,49,POULTRY,Quito,Pichincha,A,11,0,1219.0526744542938
2017-08-20,49,PREPARED FOODS,Quito,Pichincha,A,11,0,249.16081716831906
2017-08-20,49,PRODUCE,Quito,Pichincha,A,11,0,9313.891973935046
2017-08-20,49,SCHOOL AND OFFICE SUPPLIES,Quito,Pichincha,A,11,0,250.93505965977582
2017-08-20,49,SEAFOOD,Quito,Pichincha,A,11,0,78.33768903345208
2017-08-20,50,AUTOMOTIVE,Ambato,Tungurahua,A,14,0,16.695174472718794
2017-08-20,50,BABY CARE,Ambato,Tungurahua,A,14,0,3.535646674212751
2017-08-20,50,BEAUTY,Ambato,Tungurahua,A,14,0,21.81889740313294
2017-08-20,50,BEVERAGES,Ambato,Tungurahua,A,14,0,5391.888319010365
2017-08-20,50,BOOKS,Ambato,Tungurahua,A,14,0,3.535646674212751
2017-08-20,50,BREAD/BAKERY,Ambato,Tungurahua,A,14,0,678.9111955423235
2017-08-20,50,CELEBRATION,Ambato,Tungurahua,A,14,0,36.862312322405394
2017-08-20,50,CLEANING,Ambato,Tungurahua,A,14,0,2086.5145460801236
2017-08-20,50,DAIRY,Ambato,Tungurahua,A,14,0,1380.1246114722085
2017-08-20,50,DELI,Ambato,Tungurahua,A,14,0,587.0008238578117
2017-08-20,50,EGGS,Ambato,Tungurahua,A,14,0,138.8678608176622
2017-08-20,50,FROZEN FOODS,Ambato,Tungurahua,A,14,0,164.21043189271344
2017-08-20,50,GROCERY I,Ambato,Tungurahua,A,14,0,7622.973766084034
2017-08-20,50,GROCERY II,Ambato,Tungurahua,A,14,0,84.81146452755137
2017-08-20,50,HARDWARE,Ambato,Tungurahua,A,14,0,4.987822805351783
2017-08-20,50,HOME AND KITCHEN I,Ambato,Tungurahua,A,14,0,61.381883920670525
2017-08-20,50,HOME AND KITCHEN II,Ambato,Tungurahua,A,14,0,39.46388472266976
2017-08-20,50,HOME APPLIANCES,Ambato,Tungurahua,A,14,0,3.5088615660096627
2017-08-20,50,HOME CARE,Ambato,Tungurahua,A,14,0,530.2975777807263
2017-08-20,50,LADIESWEAR,Ambato,Tungurahua,A,14,0,17.004798688737132
2017-08-20,50,LAWN AND GARDEN,Ambato,Tungurahua,A,14,0,12.445739473788779
2017-08-20,50,LINGERIE,Ambato,Tungurahua,A,14,0,9.670472397696981
2017-08-20,50,"LIQUOR,WINE,BEER",Ambato,Tungurahua,A,14,0,95.96389576787941
2017-08-20,50,MAGAZINES,Ambato,Tungurahua,A,14,0,17.4847129859354
2017-08-20,50,MEATS,Ambato,Tungurahua,A,14,0,588.0060219868491
2017-08-20,50,PERSONAL CARE,Ambato,Tungurahua,A,14,0,713.4782936406607
2017-08-20,50,PET SUPPLIES,Ambato,Tungurahua,A,14,0,19.34094457521047
2017-08-20,50,PLAYERS AND ELECTRONICS,Ambato,Tungurahua,A,14,0,32.160994539708575
2017-08-20,50,POULTRY,Ambato,Tungurahua,A,14,0,500.441902589047
2017-08-20,50,PREPARED FOODS,Ambato,Tungurahua,A,14,0,98.39120353797526
2017-08-20,50,PRODUCE,Ambato,Tungurahua,A,14,0,2520.990900418181
2017-08-20,50,SCHOOL AND OFFICE SUPPLIES,Ambato,Tungurahua,A,14,0,417.47730419638043
2017-08-20,50,SEAFOOD,Ambato,Tungurahua,A,14,0,31.303100851285215
2017-08-20,51,AUTOMOTIVE,Guayaquil,Guayas,A,17,0,11.38466994716491
2017-08-20,51,BABY CARE,Guayaquil,Guayas,A,17,0,4.28763060940212
2017-08-20,51,BEAUTY,Guayaquil,Guayas,A,17,0,9.028351805343219
2017-08-20,51,BEVERAGES,Guayaquil,Guayas,A,17,0,5743.859245790657
2017-08-20,51,BOOKS,Guayaquil,Guayas,A,17,0,4.28763060940212
2017-08-20,51,BREAD/BAKERY,Guayaquil,Guayas,A,17,0,1072.0636440116596
2017-08-20,51,CELEBRATION,Guayaquil,Guayas,A,17,0,14.687088510435919
2017-08-20,51,CLEANING,Guayaquil,Guayas,A,17,0,1688.4760713143623
2017-08-20,51,DAIRY,Guayaquil,Guayas,A,17,0,1997.702936645571
2017-08-20,51,DELI,Guayaquil,Guayas,A,17,0,315.64788402535385
2017-08-20,51,EGGS,Guayaquil,Guayas,A,17,0,421.16928615181706
2017-08-20,51,FROZEN FOODS,Guayaquil,Guayas,A,17,0,299.6061761084335
2017-08-20,51,GROCERY I,Guayaquil,Guayas,A,17,0,5986.6867595031845
2017-08-20,51,GROCERY II,Guayaquil,Guayas,A,17,0,53.8397273964036
2017-08-20,51,HARDWARE,Guayaquil,Guayas,A,17,0,6.8865891480258945
2017-08-20,51,HOME AND KITCHEN I,Guayaquil,Guayas,A,17,0,37.64813333826154
2017-08-20,51,HOME AND KITCHEN II,Guayaquil,Guayas,A,17,0,49.369086930295985
2017-08-20,51,HOME APPLIANCES,Guayaquil,Guayas,A,17,0,4.260845501199032
2017-08-20,51,HOME CARE,Guayaquil,Guayas,A,17,0,406.5444266138159
2017-08-20,51,LADIESWEAR,Guayaquil,Guayas,A,17,0,12.219933012053689
2017-08-20,51,LAWN AND GARDEN,Guayaquil,Guayas,A,17,0,46.06026700232915
2017-08-20,51,LINGERIE,Guayaquil,Guayas,A,17,0,10.458382174548357
2017-08-20,51,"LIQUOR,WINE,BEER",Guayaquil,Guayas,A,17,0,125.50860317375968
2017-08-20,51,MAGAZINES,Guayaquil,Guayas,A,17,0,19.064380817036735
2017-08-20,51,MEATS,Guayaquil,Guayas,A,17,0,670.2126626350178
2017-08-20,51,PERSONAL CARE,Guayaquil,Guayas,A,17,0,381.21209846916224
2017-08-20,51,PET SUPPLIES,Guayaquil,Guayas,A,17,0,28.677225170993953
2017-08-20,51,PLAYERS AND ELECTRONICS,Guayaquil,Guayas,A,17,0,18.074706580947435
2017-08-20,51,POULTRY,Guayaquil,Guayas,A,17,0,909.9525924645505
2017-08-20,51,PREPARED FOODS,Guayaquil,Guayas,A,17,0,132.26302032796352
2017-08-20,51,PRODUCE,Guayaquil,Guayas,A,17,0,5780.851210382397
2017-08-20,51,SCHOOL AND OFFICE SUPPLIES,Guayaquil,Guayas,A,17,0,4.643551312270038
2017-08-20,51,SEAFOOD,Guayaquil,Guayas,A,17,0,46.534397117655736
2017-08-20,52,AUTOMOTIVE,Manta,Manabi,A,11,0,15.896823321667782
2017-08-20,52,BABY CARE,Manta,Manabi,A,11,0,3.754972135650906
2017-08-20,52,BEAUTY,Manta,Manabi,A,11,0,11.318520248383457
2017-08-20,52,BEVERAGES,Manta,Manabi,A,11,0,5319.919119570401
2017-08-20,52,BOOKS,Manta,Manabi,A,11,0,3.754972135650906
2017-08-20,52,BREAD/BAKERY,Manta,Manabi,A,11,0,1127.3390027694286
2017-08-20,52,CELEBRATION,Manta,Manabi,A,11,0,20.979418767639224
2017-08-20,52,CLEANING,Manta,Manabi,A,11,0,1916.3280039636695
2017-08-20,52,DAIRY,Manta,Manabi,A,11,0,1521.2749190967443
2017-08-20,52,DELI,Manta,Manabi,A,11,0,474.8448749170681
2017-08-20,52,EGGS,Manta,Manabi,A,11,0,289.4539442592408
2017-08-20,52,FROZEN FOODS,Manta,Manabi,A,11,0,332.1677211816524
2017-08-20,52,GROCERY I,Manta,Manabi,A,11,0,7586.669243511012
2017-08-20,52,GROCERY II,Manta,Manabi,A,11,0,48.01954450530398
2017-08-20,52,HARDWARE,Manta,Manabi,A,11,0,5.419400274183866
2017-08-20,52,HOME AND KITCHEN I,Manta,Manabi,A,11,0,59.626007858116715
2017-08-20,52,HOME AND KITCHEN II,Manta,Manabi,A,11,0,55.477557023300726
2017-08-20,52,HOME APPLIANCES,Manta,Manabi,A,11,0,3.728187027447818
2017-08-20,52,HOME CARE,Manta,Manabi,A,11,0,487.18809506052895
2017-08-20,52,LADIESWEAR,Manta,Manabi,A,11,0,16.834812026354133
2017-08-20,52,LAWN AND GARDEN,Manta,Manabi,A,11,0,59.49131179223142
2017-08-20,52,LINGERIE,Manta,Manabi,A,11,0,15.021464884212065
2017-08-20,52,"LIQUOR,WINE,BEER",Manta,Manabi,A,11,0,184.6938994675078
2017-08-20,52,MAGAZINES,Manta,Manabi,A,11,0,18.660470729323308
2017-08-20,52,MEATS,Manta,Manabi,A,11,0,514.6311368749978
2017-08-20,52,PERSONAL CARE,Manta,Manabi,A,11,0,484.2247359392348
2017-08-20,52,PET SUPPLIES,Manta,Manabi,A,11,0,20.27744625307204
2017-08-20,52,PLAYERS AND ELECTRONICS,Manta,Manabi,A,11,0,34.915938236957025
2017-08-20,52,POULTRY,Manta,Manabi,A,11,0,614.7179391425177
2017-08-20,52,PREPARED FOODS,Manta,Manabi,A,11,0,137.06430383077287
2017-08-20,52,PRODUCE,Manta,Manabi,A,11,0,5262.310849947718
2017-08-20,52,SCHOOL AND OFFICE SUPPLIES,Manta,Manabi,A,11,0,11.365488200743918
2017-08-20,52,SEAFOOD,Manta,Manabi,A,11,0,12.969411430468972
2017-08-20,53,AUTOMOTIVE,Manta,Manabi,D,13,0,12.390085243359316
2017-08-20,53,BABY CARE,Manta,Manabi,D,13,0,2.516887632878798
2017-08-20,53,BEAUTY,Manta,Manabi,D,13,0,7.337101304257191
2017-08-20,53,BEVERAGES,Manta,Manabi,D,13,0,2990.296981651052
2017-08-20,53,BOOKS,Manta,Manabi,D,13,0,2.516887632878798
2017-08-20,53,BREAD/BAKERY,Manta,Manabi,D,13,0,612.1903124487112
2017-08-20,53,CELEBRATION,Manta,Manabi,D,13,0,8.930920053738364
2017-08-20,53,CLEANING,Manta,Manabi,D,13,0,1240.5238703097173
2017-08-20,53,DAIRY,Manta,Manabi,D,13,0,694.5536331375596
2017-08-20,53,DELI,Manta,Manabi,D,13,0,291.8721046356256
2017-08-20,53,EGGS,Manta,Manabi,D,13,0,130.92602345562918
2017-08-20,53,FROZEN FOODS,Manta,Manabi,D,13,0,140.2655218953137
2017-08-20,53,GROCERY I,Manta,Manabi,D,13,0,4060.796121416418
2017-08-20,53,GROCERY II,Manta,Manabi,D,13,0,22.773232197691684
2017-08-20,53,HARDWARE,Manta,Manabi,D,13,0,3.07561714981975
2017-08-20,53,HOME AND KITCHEN I,Manta,Manabi,D,13,0,38.32518904384813
2017-08-20,53,HOME AND KITCHEN II,Manta,Manabi,D,13,0,28.426926395738686
2017-08-20,53,HOME APPLIANCES,Manta,Manabi,D,13,0,2.379591107502369
2017-08-20,53,HOME CARE,Manta,Manabi,D,13,0,277.91285780493456
2017-08-20,53,LADIESWEAR,Manta,Manabi,D,13,0,19.64563959931687
2017-08-20,53,LAWN AND GARDEN,Manta,Manabi,D,13,0,16.23689704694352
2017-08-20,53,LINGERIE,Manta,Manabi,D,13,0,9.055073609322665
2017-08-20,53,"LIQUOR,WINE,BEER",Manta,Manabi,D,13,0,91.47944927488336
2017-08-20,53,MAGAZINES,Manta,Manabi,D,13,0,10.441730264979384
2017-08-20,53,MEATS,Manta,Manabi,D,13,0,331.58339492618825
2017-08-20,53,PERSONAL CARE,Manta,Manabi,D,13,0,313.6953511504421
2017-08-20,53,PET SUPPLIES,Manta,Manabi,D,13,0,7.471468470398547
2017-08-20,53,PLAYERS AND ELECTRONICS,Manta,Manabi,D,13,0,9.040368881761115
2017-08-20,53,POULTRY,Manta,Manabi,D,13,0,253.14073750066626
2017-08-20,53,PREPARED FOODS,Manta,Manabi,D,13,0,71.78118491639927
2017-08-20,53,PRODUCE,Manta,Manabi,D,13,0,2500.5622191179746
2017-08-20,53,SCHOOL AND OFFICE SUPPLIES,Manta,Manabi,D,13,0,2.7355145264628042
2017-08-20,53,SEAFOOD,Manta,Manabi,D,13,0,9.019147767660671
2017-08-20,54,AUTOMOTIVE,El Carmen,Manabi,C,3,0,9.866954212131214
2017-08-20,54,BABY CARE,El Carmen,Manabi,C,3,0,1.84717165878308
2017-08-20,54,BEAUTY,El Carmen,Manabi,C,3,0,2.483057304053091
2017-08-20,54,BEVERAGES,El Carmen,Manabi,C,3,0,5107.429469134218
2017-08-20,54,BOOKS,El Carmen,Manabi,C,3,0,1.84717165878308
2017-08-20,54,BREAD/BAKERY,El Carmen,Manabi,C,3,0,412.0768482313655
2017-08-20,54,CELEBRATION,El Carmen,Manabi,C,3,0,5.523516584347754
2017-08-20,54,CLEANING,El Carmen,Manabi,C,3,0,1475.9688300210228
2017-08-20,54,DAIRY,El Carmen,Manabi,C,3,0,364.66758870110965
2017-08-20,54,DELI,El Carmen,Manabi,C,3,0,307.93476999004105
2017-08-20,54,EGGS,El Carmen,Manabi,C,3,0,101.86618626863083
2017-08-20,54,FROZEN FOODS,El Carmen,Manabi,C,3,0,40.97163947301531
2017-08-20,54,GROCERY I,El Carmen,Manabi,C,3,0,4805.264154992327
2017-08-20,54,GROCERY II,El Carmen,Manabi,C,3,0,23.383022110992208
2017-08-20,54,HARDWARE,El Carmen,Manabi,C,3,0,2.3237209180703737
2017-08-20,54,HOME AND KITCHEN I,El Carmen,Manabi,C,3,0,32.03005204718652
2017-08-20,54,HOME AND KITCHEN II,El Carmen,Manabi,C,3,0,15.80827374903233
2017-08-20,54,HOME APPLIANCES,El Carmen,Manabi,C,3,0,1.8203865505799914
2017-08-20,54,HOME CARE,El Carmen,Manabi,C,3,0,310.160726399222
2017-08-20,54,LADIESWEAR,El Carmen,Manabi,C,3,0,5.854306030520379
2017-08-20,54,LAWN AND GARDEN,El Carmen,Manabi,C,3,0,3.0063770916528143
2017-08-20,54,LINGERIE,El Carmen,Manabi,C,3,0,7.904102372879831
2017-08-20,54,"LIQUOR,WINE,BEER",El Carmen,Manabi,C,3,0,28.660685244197662
2017-08-20,54,MAGAZINES,El Carmen,Manabi,C,3,0,3.2761052150549843
2017-08-20,54,MEATS,El Carmen,Manabi,C,3,0,54.10944103239147
2017-08-20,54,PERSONAL CARE,El Carmen,Manabi,C,3,0,258.04424553964054
2017-08-20,54,PET SUPPLIES,El Carmen,Manabi,C,3,0,2.581498628532454
2017-08-20,54,PLAYERS AND ELECTRONICS,El Carmen,Manabi,C,3,0,4.045864717399581
2017-08-20,54,POULTRY,El Carmen,Manabi,C,3,0,81.00667457072848
2017-08-20,54,PREPARED FOODS,El Carmen,Manabi,C,3,0,120.14498185713869
2017-08-20,54,PRODUCE,El Carmen,Manabi,C,3,0,880.1854202307319
2017-08-20,54,SCHOOL AND OFFICE SUPPLIES,El Carmen,Manabi,C,3,0,1.8022248480305831
2017-08-20,54,SEAFOOD,El Carmen,Manabi,C,3,0,3.884983150716129
2017-08-21,1,AUTOMOTIVE,Quito,Pichincha,D,13,0,6.317451400744343
2017-08-21,1,BABY CARE,Quito,Pichincha,D,13,0,2.2200531972965103
2017-08-21,1,BEAUTY,Quito,Pichincha,D,13,0,6.140054489167925
2017-08-21,1,BEVERAGES,Quito,Pichincha,D,13,0,2080.2086128605815
2017-08-21,1,BOOKS,Quito,Pichincha,D,13,0,2.2200531972965103
2017-08-21,1,BREAD/BAKERY,Quito,Pichincha,D,13,0,315.43326972435193
2017-08-21,1,CELEBRATION,Quito,Pichincha,D,13,0,8.944818515867553
2017-08-21,1,CLEANING,Quito,Pichincha,D,13,0,553.5632707507136
2017-08-21,1,DAIRY,Quito,Pichincha,D,13,0,672.6180029180977
2017-08-21,1,DELI,Quito,Pichincha,D,13,0,122.99033708763928
2017-08-21,1,EGGS,Quito,Pichincha,D,13,0,131.6648160322212
2017-08-21,1,FROZEN FOODS,Quito,Pichincha,D,13,0,110.12944311300112
2017-08-21,1,GROCERY I,Quito,Pichincha,D,13,0,2426.4719927136066
2017-08-21,1,GROCERY II,Quito,Pichincha,D,13,0,11.985453905482872
2017-08-21,1,HARDWARE,Quito,Pichincha,D,13,0,3.1237496770062068
2017-08-21,1,HOME AND KITCHEN I,Quito,Pichincha,D,13,0,28.84816678078484
2017-08-21,1,HOME AND KITCHEN II,Quito,Pichincha,D,13,0,20.827436877863015
2017-08-21,1,HOME APPLIANCES,Quito,Pichincha,D,13,0,2.193268089093422
2017-08-21,1,HOME CARE,Quito,Pichincha,D,13,0,142.9733420593719
2017-08-21,1,LADIESWEAR,Quito,Pichincha,D,13,0,6.225245738775158
2017-08-21,1,LAWN AND GARDEN,Quito,Pichincha,D,13,0,16.383628495418083
2017-08-21,1,LINGERIE,Quito,Pichincha,D,13,0,7.036055132600769
2017-08-21,1,"LIQUOR,WINE,BEER",Quito,Pichincha,D,13,0,84.68188700480887
2017-08-21,1,MAGAZINES,Quito,Pichincha,D,13,0,4.314491101541838
2017-08-21,1,MEATS,Quito,Pichincha,D,13,0,265.91677325590433
2017-08-21,1,PERSONAL CARE,Quito,Pichincha,D,13,0,136.58831103913056
2017-08-21,1,PET SUPPLIES,Quito,Pichincha,D,13,0,5.887699191371425
2017-08-21,1,PLAYERS AND ELECTRONICS,Quito,Pichincha,D,13,0,8.865699494628927
2017-08-21,1,POULTRY,Quito,Pichincha,D,13,0,288.7039678645732
2017-08-21,1,PREPARED FOODS,Quito,Pichincha,D,13,0,39.65450115110456
2017-08-21,1,PRODUCE,Quito,Pichincha,D,13,0,2562.8685595034335
2017-08-21,1,SCHOOL AND OFFICE SUPPLIES,Quito,Pichincha,D,13,0,2.1751063865440137
2017-08-21,1,SEAFOOD,Quito,Pichincha,D,13,0,16.60520142417933
2017-08-21,2,AUTOMOTIVE,Quito,Pichincha,D,13,0,5.936873481192299
2017-08-21,2,BABY CARE,Quito,Pichincha,D,13,0,2.2687943327950673
2017-08-21,2,BEAUTY,Quito,Pichincha,D,13,0,6.278002218502788
2017-08-21,2,BEVERAGES,Quito,Pichincha,D,13,0,2636.7061499058245
2017-08-21,2,BOOKS,Quito,Pichincha,D,13,0,2.2687943327950673
2017-08-21,2,BREAD/BAKERY,Quito,Pichincha,D,13,0,598.7582792623326
2017-08-21,2,CELEBRATION,Quito,Pichincha,D,13,0,9.004158706990529
2017-08-21,2,CLEANING,Quito,Pichincha,D,13,0,809.2028583078476
2017-08-21,2,DAIRY,Quito,Pichincha,D,13,0,776.7810891005279
2017-08-21,2,DELI,Quito,Pichincha,D,13,0,199.9796049632888
2017-08-21,2,EGGS,Quito,Pichincha,D,13,0,162.2417187233792
2017-08-21,2,FROZEN FOODS,Quito,Pichincha,D,13,0,101.23766590026085
2017-08-21,2,GROCERY I,Quito,Pichincha,D,13,0,3348.263291171546
2017-08-21,2,GROCERY II,Quito,Pichincha,D,13,0,29.386262497281013
2017-08-21,2,HARDWARE,Quito,Pichincha,D,13,0,2.3917182349107913
2017-08-21,2,HOME AND KITCHEN I,Quito,Pichincha,D,13,0,21.39881273550915
2017-08-21,2,HOME AND KITCHEN II,Quito,Pichincha,D,13,0,29.550820998350282
2017-08-21,2,HOME APPLIANCES,Quito,Pichincha,D,13,0,2.242009224591979
2017-08-21,2,HOME CARE,Quito,Pichincha,D,13,0,224.92008083446854
2017-08-21,2,LADIESWEAR,Quito,Pichincha,D,13,0,19.05815965355526
2017-08-21,2,LAWN AND GARDEN,Quito,Pichincha,D,13,0,17.472618223380227
2017-08-21,2,LINGERIE,Quito,Pichincha,D,13,0,5.111545581531372
2017-08-21,2,"LIQUOR,WINE,BEER",Quito,Pichincha,D,13,0,75.50315406411043
2017-08-21,2,MAGAZINES,Quito,Pichincha,D,13,0,10.41511655479272
2017-08-21,2,MEATS,Quito,Pichincha,D,13,0,359.20681183953695
2017-08-21,2,PERSONAL CARE,Quito,Pichincha,D,13,0,243.417097487764
2017-08-21,2,PET SUPPLIES,Quito,Pichincha,D,13,0,6.286066453291646
2017-08-21,2,PLAYERS AND ELECTRONICS,Quito,Pichincha,D,13,0,5.958094595292744
2017-08-21,2,POULTRY,Quito,Pichincha,D,13,0,423.8673036641449
2017-08-21,2,PREPARED FOODS,Quito,Pichincha,D,13,0,116.96781752236105
2017-08-21,2,PRODUCE,Quito,Pichincha,D,13,0,2132.93103739634
2017-08-21,2,SCHOOL AND OFFICE SUPPLIES,Quito,Pichincha,D,13,0,2.2238475220425706
2017-08-21,2,SEAFOOD,Quito,Pichincha,D,13,0,29.989037136064955
2017-08-21,3,AUTOMOTIVE,Quito,Pichincha,D,8,0,9.087860761989376
2017-08-21,3,BABY CARE,Quito,Pichincha,D,8,0,2.4169106814709855
2017-08-21,3,BEAUTY,Quito,Pichincha,D,8,0,18.719170227562376
2017-08-21,3,BEVERAGES,Quito,Pichincha,D,8,0,8001.375042466344
2017-08-21,3,BOOKS,Quito,Pichincha,D,8,0,2.4169106814709855
2017-08-21,3,BREAD/BAKERY,Quito,Pichincha,D,8,0,1181.2358889431969
2017-08-21,3,CELEBRATION,Quito,Pichincha,D,8,0,25.712417640782633
2017-08-21,3,CLEANING,Quito,Pichincha,D,8,0,1933.5765415776882
2017-08-21,3,DAIRY,Quito,Pichincha,D,8,0,1993.421501380238
2017-08-21,3,DELI,Quito,Pichincha,D,8,0,335.83147532051504
2017-08-21,3,EGGS,Quito,Pichincha,D,8,0,456.07412866986823
2017-08-21,3,FROZEN FOODS,Quito,Pichincha,D,8,0,305.88775339347967
2017-08-21,3,GROCERY I,Quito,Pichincha,D,8,0,8005.673990076211
2017-08-21,3,GROCERY II,Quito,Pichincha,D,8,0,78.40458816951823
2017-08-21,3,HARDWARE,Quito,Pichincha,D,8,0,3.078605968275128
2017-08-21,3,HOME AND KITCHEN I,Quito,Pichincha,D,8,0,57.50569863576489
2017-08-21,3,HOME AND KITCHEN II,Quito,Pichincha,D,8,0,42.76670797643623
2017-08-21,3,HOME APPLIANCES,Quito,Pichincha,D,8,0,2.3901255732678974
2017-08-21,3,HOME CARE,Quito,Pichincha,D,8,0,464.05958018808735
2017-08-21,3,LADIESWEAR,Quito,Pichincha,D,8,0,36.061063354433855
2017-08-21,3,LAWN AND GARDEN,Quito,Pichincha,D,8,0,37.12466452259458
2017-08-21,3,LINGERIE,Quito,Pichincha,D,8,0,21.171747457654284
2017-08-21,3,"LIQUOR,WINE,BEER",Quito,Pichincha,D,8,0,160.71284020921232
2017-08-21,3,MAGAZINES,Quito,Pichincha,D,8,0,26.625099347622044
2017-08-21,3,MEATS,Quito,Pichincha,D,8,0,645.2842658141437
2017-08-21,3,PERSONAL CARE,Quito,Pichincha,D,8,0,496.35267055990744
2017-08-21,3,PET SUPPLIES,Quito,Pichincha,D,8,0,17.443638299093127
2017-08-21,3,PLAYERS AND ELECTRONICS,Quito,Pichincha,D,8,0,24.54654275582994
2017-08-21,3,POULTRY,Quito,Pichincha,D,8,0,1143.8865869720532
2017-08-21,3,PREPARED FOODS,Quito,Pichincha,D,8,0,236.71082208865656
2017-08-21,3,PRODUCE,Quito,Pichincha,D,8,0,8043.395395208789
2017-08-21,3,SCHOOL AND OFFICE SUPPLIES,Quito,Pichincha,D,8,0,2.358549650809701
2017-08-21,3,SEAFOOD,Quito,Pichincha,D,8,0,76.77252056026484
2017-08-21,4,AUTOMOTIVE,Quito,Pichincha,D,9,0,3.8002139262106986
2017-08-21,4,BABY CARE,Quito,Pichincha,D,9,0,0.596507391061816
2017-08-21,4,BEAUTY,Quito,Pichincha,D,9,0,3.257486179582176
2017-08-21,4,BEVERAGES,Quito,Pichincha,D,9,0,2279.3714036665588
2017-08-21,4,BOOKS,Quito,Pichincha,D,9,0,0.596507391061816
2017-08-21,4,BREAD/BAKERY,Quito,Pichincha,D,9,0,332.9389635024575
2017-08-21,4,CELEBRATION,Quito,Pichincha,D,9,0,4.914449810472039
2017-08-21,4,CLEANING,Quito,Pichincha,D,9,0,734.3648441453437
2017-08-21,4,DAIRY,Quito,Pichincha,D,9,0,691.1134503090053
2017-08-21,4,DELI,Quito,Pichincha,D,9,0,167.09349301027606
2017-08-21,4,EGGS,Quito,Pichincha,D,9,0,127.89024356140507
2017-08-21,4,FROZEN FOODS,Quito,Pichincha,D,9,0,74.6483172553311
2017-08-21,4,GROCERY I,Quito,Pichincha,D,9,0,2907.2193776927797
2017-08-21,4,GROCERY II,Quito,Pichincha,D,9,0,25.210795074618105
2017-08-21,4,HARDWARE,Quito,Pichincha,D,9,0,0.9678310788359926
2017-08-21,4,HOME AND KITCHEN I,Quito,Pichincha,D,9,0,18.19427929420906
2017-08-21,4,HOME AND KITCHEN II,Quito,Pichincha,D,9,0,6.376549734036608
2017-08-21,4,HOME APPLIANCES,Quito,Pichincha,D,9,0,0.5697222828587277
2017-08-21,4,HOME CARE,Quito,Pichincha,D,9,0,186.26509247080523
2017-08-21,4,LADIESWEAR,Quito,Pichincha,D,9,0,20.077225551637078
2017-08-21,4,LAWN AND GARDEN,Quito,Pichincha,D,9,0,16.34985441732091
2017-08-21,4,LINGERIE,Quito,Pichincha,D,9,0,1.9354916189812066
2017-08-21,4,"LIQUOR,WINE,BEER",Quito,Pichincha,D,9,0,75.96205096253937
2017-08-21,4,MAGAZINES,Quito,Pichincha,D,9,0,3.7610611864197177
2017-08-21,4,MEATS,Quito,Pichincha,D,9,0,377.533314948749
2017-08-21,4,PERSONAL CARE,Quito,Pichincha,D,9,0,231.2096147107003
2017-08-21,4,PET SUPPLIES,Quito,Pichincha,D,9,0,3.8338085842349683
2017-08-21,4,PLAYERS AND ELECTRONICS,Quito,Pichincha,D,9,0,4.117351919167717
2017-08-21,4,POULTRY,Quito,Pichincha,D,9,0,366.26703693509444
2017-08-21,4,PREPARED FOODS,Quito,Pichincha,D,9,0,49.510341207498925
2017-08-21,4,PRODUCE,Quito,Pichincha,D,9,0,2022.8015124481635
2017-08-21,4,SCHOOL AND OFFICE SUPPLIES,Quito,Pichincha,D,9,0,0.5515605803093192
2017-08-21,4,SEAFOOD,Quito,Pichincha,D,9,0,23.290367328656252
2017-08-21,5,AUTOMOTIVE,Santo Domingo,Santo Domingo de los Tsachilas,D,4,0,4.756418710106099
2017-08-21,5,BABY CARE,Santo Domingo,Santo Domingo de los Tsachilas,D,4,0,0.5388164260349347
2017-08-21,5,BEAUTY,Santo Domingo,Santo Domingo de los Tsachilas,D,4,0,3.6966301964860033
2017-08-21,5,BEVERAGES,Santo Domingo,Santo Domingo de los Tsachilas,D,4,0,1811.456484020556
2017-08-21,5,BOOKS,Santo Domingo,Santo Domingo de los Tsachilas,D,4,0,0.5388164260349347
2017-08-21,5,BREAD/BAKERY,Santo Domingo,Santo Domingo de los Tsachilas,D,4,0,349.30411691489843
2017-08-21,5,CELEBRATION,Santo Domingo,Santo Domingo de los Tsachilas,D,4,0,21.155260953165325
2017-08-21,5,CLEANING,Santo Domingo,Santo Domingo de los Tsachilas,D,4,0,783.3487995300985
2017-08-21,5,DAIRY,Santo Domingo,Santo Domingo de los Tsachilas,D,4,0,556.3539179041637
2017-08-21,5,DELI,Santo Domingo,Santo Domingo de los Tsachilas,D,4,0,213.3618754551076
2017-08-21,5,EGGS,Santo Domingo,Santo Domingo de los Tsachilas,D,4,0,78.23813042294705
2017-08-21,5,FROZEN FOODS,Santo Domingo,Santo Domingo de los Tsachilas,D,4,0,81.99037491811947
2017-08-21,5,GROCERY I,Santo Domingo,Santo Domingo de los Tsachilas,D,4,0,2837.356256509413
2017-08-21,5,GROCERY II,Santo Domingo,Santo Domingo de los Tsachilas,D,4,0,24.426556560683522
2017-08-21,5,HARDWARE,Santo Domingo,Santo Domingo de los Tsachilas,D,4,0,0.8146402172403732
2017-08-21,5,HOME AND KITCHEN I,Santo Domingo,Santo Domingo de los Tsachilas,D,4,0,25.94228417547033
2017-08-21,5,HOME AND KITCHEN II,Santo Domingo,Santo Domingo de los Tsachilas,D,4,0,17.771069212536762
2017-08-21,5,HOME APPLIANCES,Santo Domingo,Santo Domingo de los Tsachilas,D,4,0,0.5120313178318466
2017-08-21,5,HOME CARE,Santo Domingo,Santo Domingo de los Tsachilas,D,4,0,180.60386596917994
2017-08-21,5,LADIESWEAR,Santo Domingo,Santo Domingo de los Tsachilas,D,4,0,10.339783674897227
2017-08-21,5,LAWN AND GARDEN,Santo Domingo,Santo Domingo de los Tsachilas,D,4,0,3.9532138921711075
2017-08-21,5,LINGERIE,Santo Domingo,Santo Domingo de los Tsachilas,D,4,0,6.894463126656539
2017-08-21,5,"LIQUOR,WINE,BEER",Santo Domingo,Santo Domingo de los Tsachilas,D,4,0,40.79366688692023
2017-08-21,5,MAGAZINES,Santo Domingo,Santo Domingo de los Tsachilas,D,4,0,9.145614257321178
2017-08-21,5,MEATS,Santo Domingo,Santo Domingo de los Tsachilas,D,4,0,250.56132896394098
2017-08-21,5,PERSONAL CARE,Santo Domingo,Santo Domingo de los Tsachilas,D,4,0,217.55349986050442
2017-08-21,5,PET SUPPLIES,Santo Domingo,Santo Domingo de los Tsachilas,D,4,0,1.615478433122
2017-08-21,5,PLAYERS AND ELECTRONICS,Santo Domingo,Santo Domingo de los Tsachilas,D,4,0,4.059660954140856
2017-08-21,5,POULTRY,Santo Domingo,Santo Domingo de los Tsachilas,D,4,0,209.44451564646477
2017-08-21,5,PREPARED FOODS,Santo Domingo,Santo Domingo de los Tsachilas,D,4,0,59.59474939436764
2017-08-21,5,PRODUCE,Santo Domingo,Santo Domingo de los Tsachilas,D,4,0,1423.3831522485843
2017-08-21,5,SCHOOL AND OFFICE SUPPLIES,Santo Domingo,Santo Domingo de los Tsachilas,D,4,0,0.6366310104376868
2017-08-21,5,SEAFOOD,Santo Domingo,Santo Domingo de los Tsachilas,D,4,0,5.403859744699763
2017-08-21,6,AUTOMOTIVE,Quito,Pichincha,D,13,0,4.132056646729268
2017-08-21,6,BABY CARE,Quito,Pichincha,D,13,0,0.596507391061816
2017-08-21,6,BEAUTY,Quito,Pichincha,D,13,0,3.754321161512884
2017-08-21,6,BEVERAGES,Quito,Pichincha,D,13,0,2925.2043046682047
2017-08-21,6,BOOKS,Quito,Pichincha,D,13,0,0.596507391061816
2017-08-21,6,BREAD/BAKERY,Quito,Pichincha,D,13,0,519.4990816715875
2017-08-21,6,CELEBRATION,Quito,Pichincha,D,13,0,6.874056464229753
2017-08-21,6,CLEANING,Quito,Pichincha,D,13,0,1136.8740134329448
2017-08-21,6,DAIRY,Quito,Pichincha,D,13,0,934.9067705149885
2017-08-21,6,DELI,Quito,Pichincha,D,13,0,306.14727856321815
2017-08-21,6,EGGS,Quito,Pichincha,D,13,0,174.82234934499382
2017-08-21,6,FROZEN FOODS,Quito,Pichincha,D,13,0,129.3592509140097
2017-08-21,6,GROCERY I,Quito,Pichincha,D,13,0,4433.6460554602045
2017-08-21,6,GROCERY II,Quito,Pichincha,D,13,0,32.131789644350775
2017-08-21,6,HARDWARE,Quito,Pichincha,D,13,0,0.729569787112006
2017-08-21,6,HOME AND KITCHEN I,Quito,Pichincha,D,13,0,25.01364041601309
2017-08-21,6,HOME AND KITCHEN II,Quito,Pichincha,D,13,0,33.005235086240354
2017-08-21,6,HOME APPLIANCES,Quito,Pichincha,D,13,0,0.5697222828587277
2017-08-21,6,HOME CARE,Quito,Pichincha,D,13,0,321.3852788879412
2017-08-21,6,LADIESWEAR,Quito,Pichincha,D,13,0,20.077225551637078
2017-08-21,6,LAWN AND GARDEN,Quito,Pichincha,D,13,0,16.34985441732091
2017-08-21,6,LINGERIE,Quito,Pichincha,D,13,0,6.809642170552685
2017-08-21,6,"LIQUOR,WINE,BEER",Quito,Pichincha,D,13,0,75.53308969932596
2017-08-21,6,MAGAZINES,Quito,Pichincha,D,13,0,3.7610611864197177
2017-08-21,6,MEATS,Quito,Pichincha,D,13,0,417.1477428838351
2017-08-21,6,PERSONAL CARE,Quito,Pichincha,D,13,0,335.80898250829915
2017-08-21,6,PET SUPPLIES,Quito,Pichincha,D,13,0,5.1633026472323245
2017-08-21,6,PLAYERS AND ELECTRONICS,Quito,Pichincha,D,13,0,16.45630147929067
2017-08-21,6,POULTRY,Quito,Pichincha,D,13,0,486.01109829835167
2017-08-21,6,PREPARED FOODS,Quito,Pichincha,D,13,0,95.49737022522483
2017-08-21,6,PRODUCE,Quito,Pichincha,D,13,0,2408.97476663181
2017-08-21,6,SCHOOL AND OFFICE SUPPLIES,Quito,Pichincha,D,13,0,0.5515605803093192
2017-08-21,6,SEAFOOD,Quito,Pichincha,D,13,0,31.559453359214903
2017-08-21,7,AUTOMOTIVE,Quito,Pichincha,D,8,0,4.2793967846163214
2017-08-21,7,BABY CARE,Quito,Pichincha,D,8,0,1.0397644078054398
2017-08-21,7,BEAUTY,Quito,Pichincha,D,8,0,4.916442400783384
2017-08-21,7,BEVERAGES,Quito,Pichincha,D,8,0,3810.226814505172
2017-08-21,7,BOOKS,Quito,Pichincha,D,8,0,1.0397644078054398
2017-08-21,7,BREAD/BAKERY,Quito,Pichincha,D,8,0,675.0235468257574
2017-08-21,7,CELEBRATION,Quito,Pichincha,D,8,0,12.20835029174317
2017-08-21,7,CLEANING,Quito,Pichincha,D,8,0,1007.7595356595324
2017-08-21,7,DAIRY,Quito,Pichincha,D,8,0,1350.90563206184
2017-08-21,7,DELI,Quito,Pichincha,D,8,0,178.23986846468782
2017-08-21,7,EGGS,Quito,Pichincha,D,8,0,275.08658567754554
2017-08-21,7,FROZEN FOODS,Quito,Pichincha,D,8,0,182.49469888262743
2017-08-21,7,GROCERY I,Quito,Pichincha,D,8,0,3777.7824032687076
2017-08-21,7,GROCERY II,Quito,Pichincha,D,8,0,35.94639577403392
2017-08-21,7,HARDWARE,Quito,Pichincha,D,8,0,1.7122114455950932
2017-08-21,7,HOME AND KITCHEN I,Quito,Pichincha,D,8,0,34.88870100431926
2017-08-21,7,HOME AND KITCHEN II,Quito,Pichincha,D,8,0,84.19263535049379
2017-08-21,7,HOME APPLIANCES,Quito,Pichincha,D,8,0,1.14865484930729
2017-08-21,7,HOME CARE,Quito,Pichincha,D,8,0,228.64143489273627
2017-08-21,7,LADIESWEAR,Quito,Pichincha,D,8,0,15.455139670426885
2017-08-21,7,LAWN AND GARDEN,Quito,Pichincha,D,8,0,31.88155858642723
2017-08-21,7,LINGERIE,Quito,Pichincha,D,8,0,4.575313663472891
2017-08-21,7,"LIQUOR,WINE,BEER",Quito,Pichincha,D,8,0,108.91163699315318
2017-08-21,7,MAGAZINES,Quito,Pichincha,D,8,0,16.543267763286263
2017-08-21,7,MEATS,Quito,Pichincha,D,8,0,469.8560661367398
2017-08-21,7,PERSONAL CARE,Quito,Pichincha,D,8,0,267.06691347200257
2017-08-21,7,PET SUPPLIES,Quito,Pichincha,D,8,0,4.277065600978596
2017-08-21,7,PLAYERS AND ELECTRONICS,Quito,Pichincha,D,8,0,12.129231270504551
2017-08-21,7,POULTRY,Quito,Pichincha,D,8,0,630.4247820218084
2017-08-21,7,PREPARED FOODS,Quito,Pichincha,D,8,0,118.86571403303037
2017-08-21,7,PRODUCE,Quito,Pichincha,D,8,0,5104.695246233124
2017-08-21,7,SCHOOL AND OFFICE SUPPLIES,Quito,Pichincha,D,8,0,1.4015793375716246
2017-08-21,7,SEAFOOD,Quito,Pichincha,D,8,0,34.878818483286594
2017-08-21,8,AUTOMOTIVE,Quito,Pichincha,D,8,0,3.9173918748288323
2017-08-21,8,BABY CARE,Quito,Pichincha,D,8,0,1.2632084753538773
2017-08-21,8,BEAUTY,Quito,Pichincha,D,8,0,5.308342202723595
2017-08-21,8,BEVERAGES,Quito,Pichincha,D,8,0,3885.7439534721193
2017-08-21,8,BOOKS,Quito,Pichincha,D,8,0,0.7136853396799491
2017-08-21,8,BREAD/BAKERY,Quito,Pichincha,D,8,0,765.9142147249871
2017-08-21,8,CELEBRATION,Quito,Pichincha,D,8,0,15.334094168434333
2017-08-21,8,CLEANING,Quito,Pichincha,D,8,0,1137.778140182301
2017-08-21,8,DAIRY,Quito,Pichincha,D,8,0,1357.8477204529484
2017-08-21,8,DELI,Quito,Pichincha,D,8,0,258.60360501616844
2017-08-21,8,EGGS,Quito,Pichincha,D,8,0,291.17902706264476
2017-08-21,8,FROZEN FOODS,Quito,Pichincha,D,8,0,147.76380199387768
2017-08-21,8,GROCERY I,Quito,Pichincha,D,8,0,4407.127262944863
2017-08-21,8,GROCERY II,Quito,Pichincha,D,8,0,35.12507570029692
2017-08-21,8,HARDWARE,Quito,Pichincha,D,8,0,1.6918826045140132
2017-08-21,8,HOME AND KITCHEN I,Quito,Pichincha,D,8,0,28.910754257554515
2017-08-21,8,HOME AND KITCHEN II,Quito,Pichincha,D,8,0,34.2975239587783
2017-08-21,8,HOME APPLIANCES,Quito,Pichincha,D,8,0,0.6869002314768607
2017-08-21,8,HOME CARE,Quito,Pichincha,D,8,0,308.29906705636506
2017-08-21,8,LADIESWEAR,Quito,Pichincha,D,8,0,24.353681868532586
2017-08-21,8,LAWN AND GARDEN,Quito,Pichincha,D,8,0,29.032277133555908
2017-08-21,8,LINGERIE,Quito,Pichincha,D,8,0,20.447084618126222
2017-08-21,8,"LIQUOR,WINE,BEER",Quito,Pichincha,D,8,0,92.95095953571828
2017-08-21,8,MAGAZINES,Quito,Pichincha,D,8,0,17.565280155986844
2017-08-21,8,MEATS,Quito,Pichincha,D,8,0,409.2221592695126
2017-08-21,8,PERSONAL CARE,Quito,Pichincha,D,8,0,336.80848258326125
2017-08-21,8,PET SUPPLIES,Quito,Pichincha,D,8,0,14.787339954816783
2017-08-21,8,PLAYERS AND ELECTRONICS,Quito,Pichincha,D,8,0,17.821149749504915
2017-08-21,8,POULTRY,Quito,Pichincha,D,8,0,569.9302824468103
2017-08-21,8,PREPARED FOODS,Quito,Pichincha,D,8,0,133.49649120943323
2017-08-21,8,PRODUCE,Quito,Pichincha,D,8,0,4241.076792084489
2017-08-21,8,SCHOOL AND OFFICE SUPPLIES,Quito,Pichincha,D,8,0,0.8044140786323909
2017-08-21,8,SEAFOOD,Quito,Pichincha,D,8,0,29.600871925240373
2017-08-21,9,AUTOMOTIVE,Quito,Pichincha,B,6,0,11.078705631064283
2017-08-21,9,BABY CARE,Quito,Pichincha,B,6,0,1.0250108900697814
2017-08-21,9,BEAUTY,Quito,Pichincha,B,6,0,5.120260779858091
2017-08-21,9,BEVERAGES,Quito,Pichincha,B,6,0,3288.291271795807
2017-08-21,9,BOOKS,Quito,Pichincha,B,6,0,1.0250108900697814
2017-08-21,9,BREAD/BAKERY,Quito,Pichincha,B,6,0,477.50409539623155
2017-08-21,9,CELEBRATION,Quito,Pichincha,B,6,0,12.305704993683849
2017-08-21,9,CLEANING,Quito,Pichincha,B,6,0,1478.2496680489492
2017-08-21,9,DAIRY,Quito,Pichincha,B,6,0,761.965934753034
2017-08-21,9,DELI,Quito,Pichincha,B,6,0,463.01813929478243
2017-08-21,9,EGGS,Quito,Pichincha,B,6,0,236.45624059412611
2017-08-21,9,FROZEN FOODS,Quito,Pichincha,B,6,0,91.95366531069307
2017-08-21,9,GROCERY I,Quito,Pichincha,B,6,0,5892.7766162033695
2017-08-21,9,GROCERY II,Quito,Pichincha,B,6,0,8.92992861107421
2017-08-21,9,HARDWARE,Quito,Pichincha,B,6,0,1.2701815057963053
2017-08-21,9,HOME AND KITCHEN I,Quito,Pichincha,B,6,0,45.91185724385772
2017-08-21,9,HOME AND KITCHEN II,Quito,Pichincha,B,6,0,41.541198534773784
2017-08-21,9,HOME APPLIANCES,Quito,Pichincha,B,6,0,0.9982257818666928
2017-08-21,9,HOME CARE,Quito,Pichincha,B,6,0,398.36244562374685
2017-08-21,9,LADIESWEAR,Quito,Pichincha,B,6,0,7.531285046720413
2017-08-21,9,LAWN AND GARDEN,Quito,Pichincha,B,6,0,4.551516575882269
2017-08-21,9,LINGERIE,Quito,Pichincha,B,6,0,7.024463284582614
2017-08-21,9,"LIQUOR,WINE,BEER",Quito,Pichincha,B,6,0,43.3410067361498
2017-08-21,9,MAGAZINES,Quito,Pichincha,B,6,0,4.265747063442017
2017-08-21,9,MEATS,Quito,Pichincha,B,6,0,322.8122597474707
2017-08-21,9,PERSONAL CARE,Quito,Pichincha,B,6,0,404.0005717891926
2017-08-21,9,PET SUPPLIES,Quito,Pichincha,B,6,0,3.8061621330553335
2017-08-21,9,PLAYERS AND ELECTRONICS,Quito,Pichincha,B,6,0,4.657963637852021
2017-08-21,9,POULTRY,Quito,Pichincha,B,6,0,360.4907724983714
2017-08-21,9,PREPARED FOODS,Quito,Pichincha,B,6,0,115.03882178066964
2017-08-21,9,PRODUCE,Quito,Pichincha,B,6,0,1439.2960225661093
2017-08-21,9,SCHOOL AND OFFICE SUPPLIES,Quito,Pichincha,B,6,0,139.85231163310195
2017-08-21,9,SEAFOOD,Quito,Pichincha,B,6,0,17.01161792553652
2017-08-21,10,AUTOMOTIVE,Quito,Pichincha,C,15,0,2.3279869889895908
2017-08-21,10,BABY CARE,Quito,Pichincha,C,15,0,0.5028094198840236
2017-08-21,10,BEAUTY,Quito,Pichincha,C,15,0,2.560446076394835
2017-08-21,10,BEVERAGES,Quito,Pichincha,C,15,0,1286.6407327706836
2017-08-21,10,BOOKS,Quito,Pichincha,C,15,0,0.5028094198840236
2017-08-21,10,BREAD/BAKERY,Quito,Pichincha,C,15,0,104.24576047662742
2017-08-21,10,CELEBRATION,Quito,Pichincha,C,15,0,2.409921708901021
2017-08-21,10,CLEANING,Quito,Pichincha,C,15,0,667.6269282098165
2017-08-21,10,DAIRY,Quito,Pichincha,C,15,0,290.24654578418125
2017-08-21,10,DELI,Quito,Pichincha,C,15,0,262.32131974294015
2017-08-21,10,EGGS,Quito,Pichincha,C,15,0,68.831682227308
2017-08-21,10,FROZEN FOODS,Quito,Pichincha,C,15,0,33.71211718857855
2017-08-21,10,GROCERY I,Quito,Pichincha,C,15,0,2685.649924531557
2017-08-21,10,GROCERY II,Quito,Pichincha,C,15,0,4.492704290347512
2017-08-21,10,HARDWARE,Quito,Pichincha,C,15,0,0.7228159030789477
2017-08-21,10,HOME AND KITCHEN I,Quito,Pichincha,C,15,0,6.247825104094454
2017-08-21,10,HOME AND KITCHEN II,Quito,Pichincha,C,15,0,7.454733110807113
2017-08-21,10,HOME APPLIANCES,Quito,Pichincha,C,15,0,0.5865357288542735
2017-08-21,10,HOME CARE,Quito,Pichincha,C,15,0,152.68510507540046
2017-08-21,10,LADIESWEAR,Quito,Pichincha,C,15,0,4.348006902619788
2017-08-21,10,LAWN AND GARDEN,Quito,Pichincha,C,15,0,1.531775008013884
2017-08-21,10,LINGERIE,Quito,Pichincha,C,15,0,2.202449933219115
2017-08-21,10,"LIQUOR,WINE,BEER",Quito,Pichincha,C,15,0,10.54056241048132
2017-08-21,10,MAGAZINES,Quito,Pichincha,C,15,0,1.2819313372356143
2017-08-21,10,MEATS,Quito,Pichincha,C,15,0,182.27444388062588
2017-08-21,10,PERSONAL CARE,Quito,Pichincha,C,15,0,151.75890624565275
2017-08-21,10,PET SUPPLIES,Quito,Pichincha,C,15,0,1.4903542847558042
2017-08-21,10,PLAYERS AND ELECTRONICS,Quito,Pichincha,C,15,0,2.349208103090035
2017-08-21,10,POULTRY,Quito,Pichincha,C,15,0,129.69677247427208
2017-08-21,10,PREPARED FOODS,Quito,Pichincha,C,15,0,25.603290444626488
2017-08-21,10,PRODUCE,Quito,Pichincha,C,15,0,231.5252091564455
2017-08-21,10,SCHOOL AND OFFICE SUPPLIES,Quito,Pichincha,C,15,0,3.779755327848191
2017-08-21,10,SEAFOOD,Quito,Pichincha,C,15,0,2.8308325320160153
2017-08-21,11,AUTOMOTIVE,Cayambe,Pichincha,B,6,0,4.647349416247042
2017-08-21,11,BABY CARE,Cayambe,Pichincha,B,6,0,1.2400706080587582
2017-08-21,11,BEAUTY,Cayambe,Pichincha,B,6,0,4.117959841793507
2017-08-21,11,BEVERAGES,Cayambe,Pichincha,B,6,0,4002.741921871821
2017-08-21,11,BOOKS,Cayambe,Pichincha,B,6,0,1.0174509712090853
2017-08-21,11,BREAD/BAKERY,Cayambe,Pichincha,B,6,0,639.6244514252752
2017-08-21,11,CELEBRATION,Cayambe,Pichincha,B,6,0,12.57630292337391
2017-08-21,11,CLEANING,Cayambe,Pichincha,B,6,0,1761.226653958528
2017-08-21,11,DAIRY,Cayambe,Pichincha,B,6,0,614.2557716670058
2017-08-21,11,DELI,Cayambe,Pichincha,B,6,0,476.3077506825983
2017-08-21,11,EGGS,Cayambe,Pichincha,B,6,0,258.5631129387053
2017-08-21,11,FROZEN FOODS,Cayambe,Pichincha,B,6,0,76.3648474496375
2017-08-21,11,GROCERY I,Cayambe,Pichincha,B,6,0,7216.9874229263305
2017-08-21,11,GROCERY II,Cayambe,Pichincha,B,6,0,21.08725857782419
2017-08-21,11,HARDWARE,Cayambe,Pichincha,B,6,0,1.2374574544040087
2017-08-21,11,HOME AND KITCHEN I,Cayambe,Pichincha,B,6,0,23.229088281965286
2017-08-21,11,HOME AND KITCHEN II,Cayambe,Pichincha,B,6,0,13.095318036301196
2017-08-21,11,HOME APPLIANCES,Cayambe,Pichincha,B,6,0,0.9906658630059969
2017-08-21,11,HOME CARE,Cayambe,Pichincha,B,6,0,487.0298591249659
2017-08-21,11,LADIESWEAR,Cayambe,Pichincha,B,6,0,5.4141622155794344
2017-08-21,11,LAWN AND GARDEN,Cayambe,Pichincha,B,6,0,3.923671553198899
2017-08-21,11,LINGERIE,Cayambe,Pichincha,B,6,0,4.94326629510363
2017-08-21,11,"LIQUOR,WINE,BEER",Cayambe,Pichincha,B,6,0,21.704916369406373
2017-08-21,11,MAGAZINES,Cayambe,Pichincha,B,6,0,2.3757058070460024
2017-08-21,11,MEATS,Cayambe,Pichincha,B,6,0,570.4738923580232
2017-08-21,11,PERSONAL CARE,Cayambe,Pichincha,B,6,0,369.3503290033157
2017-08-21,11,PET SUPPLIES,Cayambe,Pichincha,B,6,0,2.3095019291819927
2017-08-21,11,PLAYERS AND ELECTRONICS,Cayambe,Pichincha,B,6,0,15.764914989505789
2017-08-21,11,POULTRY,Cayambe,Pichincha,B,6,0,310.11675352126565
2017-08-21,11,PREPARED FOODS,Cayambe,Pichincha,B,6,0,97.47995741434438
2017-08-21,11,PRODUCE,Cayambe,Pichincha,B,6,0,1248.947035222908
2017-08-21,11,SCHOOL AND OFFICE SUPPLIES,Cayambe,Pichincha,B,6,0,20.99395897338848
2017-08-21,11,SEAFOOD,Cayambe,Pichincha,B,6,0,4.647349416247042
2017-08-21,12,AUTOMOTIVE,Latacunga,Cotopaxi,C,15,0,4.828259629110318
2017-08-21,12,BABY CARE,Latacunga,Cotopaxi,C,15,0,0.9177038878071487
2017-08-21,12,BEAUTY,Latacunga,Cotopaxi,C,15,0,2.634515472595531
2017-08-21,12,BEVERAGES,Latacunga,Cotopaxi,C,15,0,1573.8451030862639
2017-08-21,12,BOOKS,Latacunga,Cotopaxi,C,15,0,0.9177038878071487
2017-08-21,12,BREAD/BAKERY,Latacunga,Cotopaxi,C,15,0,214.48696096345088
2017-08-21,12,CELEBRATION,Latacunga,Cotopaxi,C,15,0,13.016216255069553
2017-08-21,12,CLEANING,Latacunga,Cotopaxi,C,15,0,715.4758846116534
2017-08-21,12,DAIRY,Latacunga,Cotopaxi,C,15,0,384.0036404045891
2017-08-21,12,DELI,Latacunga,Cotopaxi,C,15,0,196.29361599318977
2017-08-21,12,EGGS,Latacunga,Cotopaxi,C,15,0,70.63501069050574
2017-08-21,12,FROZEN FOODS,Latacunga,Cotopaxi,C,15,0,34.69687467152532
2017-08-21,12,GROCERY I,Latacunga,Cotopaxi,C,15,0,2829.811280153915
2017-08-21,12,GROCERY II,Latacunga,Cotopaxi,C,15,0,5.732438634764688
2017-08-21,12,HARDWARE,Latacunga,Cotopaxi,C,15,0,1.0256021513257383
2017-08-21,12,HOME AND KITCHEN I,Latacunga,Cotopaxi,C,15,0,12.452237884586232
2017-08-21,12,HOME AND KITCHEN II,Latacunga,Cotopaxi,C,15,0,17.832212836037552
2017-08-21,12,HOME APPLIANCES,Latacunga,Cotopaxi,C,15,0,0.8909187796040604
2017-08-21,12,HOME CARE,Latacunga,Cotopaxi,C,15,0,152.54053366692432
2017-08-21,12,LADIESWEAR,Latacunga,Cotopaxi,C,15,0,5.2425603543434045
2017-08-21,12,LAWN AND GARDEN,Latacunga,Cotopaxi,C,15,0,1.9591824823615889
2017-08-21,12,LINGERIE,Latacunga,Cotopaxi,C,15,0,3.437156182929588
2017-08-21,12,"LIQUOR,WINE,BEER",Latacunga,Cotopaxi,C,15,0,18.273713007669084
2017-08-21,12,MAGAZINES,Latacunga,Cotopaxi,C,15,0,2.6728577435864054
2017-08-21,12,MEATS,Latacunga,Cotopaxi,C,15,0,136.44373516730084
2017-08-21,12,PERSONAL CARE,Latacunga,Cotopaxi,C,15,0,146.7949932599252
2017-08-21,12,PET SUPPLIES,Latacunga,Cotopaxi,C,15,0,2.4524216542537576
2017-08-21,12,PLAYERS AND ELECTRONICS,Latacunga,Cotopaxi,C,15,0,5.145397622067352
2017-08-21,12,POULTRY,Latacunga,Cotopaxi,C,15,0,132.57595090225095
2017-08-21,12,PREPARED FOODS,Latacunga,Cotopaxi,C,15,0,29.347694565066405
2017-08-21,12,PRODUCE,Latacunga,Cotopaxi,C,15,0,303.93705969739307
2017-08-21,12,SCHOOL AND OFFICE SUPPLIES,Latacunga,Cotopaxi,C,15,0,3.8431064055616204
2017-08-21,12,SEAFOOD,Latacunga,Cotopaxi,C,15,0,2.904901928216712
2017-08-21,13,AUTOMOTIVE,Latacunga,Cotopaxi,C,15,0,3.401230341267594
2017-08-21,13,BABY CARE,Latacunga,Cotopaxi,C,15,0,0.9177038878071487
2017-08-21,13,BEAUTY,Latacunga,Cotopaxi,C,15,0,3.166769727308407
2017-08-21,13,BEVERAGES,Latacunga,Cotopaxi,C,15,0,1500.546691789283
2017-08-21,13,BOOKS,Latacunga,Cotopaxi,C,15,0,0.9177038878071487
2017-08-21,13,BREAD/BAKERY,Latacunga,Cotopaxi,C,15,0,126.64743169435977
2017-08-21,13,CELEBRATION,Latacunga,Cotopaxi,C,15,0,5.117167613710747
2017-08-21,13,CLEANING,Latacunga,Cotopaxi,C,15,0,647.1288799808603
2017-08-21,13,DAIRY,Latacunga,Cotopaxi,C,15,0,258.14011783406687
2017-08-21,13,DELI,Latacunga,Cotopaxi,C,15,0,160.36733853758363
2017-08-21,13,EGGS,Latacunga,Cotopaxi,C,15,0,49.11831379147661
2017-08-21,13,FROZEN FOODS,Latacunga,Cotopaxi,C,15,0,24.372720893550945
2017-08-21,13,GROCERY I,Latacunga,Cotopaxi,C,15,0,2670.3497431049223
2017-08-21,13,GROCERY II,Latacunga,Cotopaxi,C,15,0,5.955515911935064
2017-08-21,13,HARDWARE,Latacunga,Cotopaxi,C,15,0,1.0256021513257383
2017-08-21,13,HOME AND KITCHEN I,Latacunga,Cotopaxi,C,15,0,12.452237884586232
2017-08-21,13,HOME AND KITCHEN II,Latacunga,Cotopaxi,C,15,0,6.7904664756083735
2017-08-21,13,HOME APPLIANCES,Latacunga,Cotopaxi,C,15,0,0.8909187796040604
2017-08-21,13,HOME CARE,Latacunga,Cotopaxi,C,15,0,126.37951970937384
2017-08-21,13,LADIESWEAR,Latacunga,Cotopaxi,C,15,0,2.907044050916088
2017-08-21,13,LAWN AND GARDEN,Latacunga,Cotopaxi,C,15,0,1.9591824823615889
2017-08-21,13,LINGERIE,Latacunga,Cotopaxi,C,15,0,2.904901928216712
2017-08-21,13,"LIQUOR,WINE,BEER",Latacunga,Cotopaxi,C,15,0,22.2145633584744
2017-08-21,13,MAGAZINES,Latacunga,Cotopaxi,C,15,0,1.880940202950252
2017-08-21,13,MEATS,Latacunga,Cotopaxi,C,15,0,155.7281974453266
2017-08-21,13,PERSONAL CARE,Latacunga,Cotopaxi,C,15,0,190.73469517677762
2017-08-21,13,PET SUPPLIES,Latacunga,Cotopaxi,C,15,0,1.78208620939857
2017-08-21,13,PLAYERS AND ELECTRONICS,Latacunga,Cotopaxi,C,15,0,4.277281488032954
2017-08-21,13,POULTRY,Latacunga,Cotopaxi,C,15,0,87.99779979375295
2017-08-21,13,PREPARED FOODS,Latacunga,Cotopaxi,C,15,0,21.3669879766214
2017-08-21,13,PRODUCE,Latacunga,Cotopaxi,C,15,0,177.78740638197894
2017-08-21,13,SCHOOL AND OFFICE SUPPLIES,Latacunga,Cotopaxi,C,15,0,8.065830831266181
2017-08-21,13,SEAFOOD,Latacunga,Cotopaxi,C,15,0,2.5750834225030754
2017-08-21,14,AUTOMOTIVE,Riobamba,Chimborazo,C,7,0,3.963453844397581
2017-08-21,14,BABY CARE,Riobamba,Chimborazo,C,7,0,0.7351141175198669
2017-08-21,14,BEAUTY,Riobamba,Chimborazo,C,7,0,2.208587408311765
2017-08-21,14,BEVERAGES,Riobamba,Chimborazo,C,7,0,1506.9176323719864
2017-08-21,14,BOOKS,Riobamba,Chimborazo,C,7,0,0.7351141175198669
2017-08-21,14,BREAD/BAKERY,Riobamba,Chimborazo,C,7,0,150.80027464311468
2017-08-21,14,CELEBRATION,Riobamba,Chimborazo,C,7,0,9.577108154307172
2017-08-21,14,CLEANING,Riobamba,Chimborazo,C,7,0,842.201904673093
2017-08-21,14,DAIRY,Riobamba,Chimborazo,C,7,0,348.57806420564634
2017-08-21,14,DELI,Riobamba,Chimborazo,C,7,0,238.14472123751943
2017-08-21,14,EGGS,Riobamba,Chimborazo,C,7,0,29.080275962072346
2017-08-21,14,FROZEN FOODS,Riobamba,Chimborazo,C,7,0,30.600750224327857
2017-08-21,14,GROCERY I,Riobamba,Chimborazo,C,7,0,2822.889798792344
2017-08-21,14,GROCERY II,Riobamba,Chimborazo,C,7,0,4.241531188685843
2017-08-21,14,HARDWARE,Riobamba,Chimborazo,C,7,0,0.732500963865118
2017-08-21,14,HOME AND KITCHEN I,Riobamba,Chimborazo,C,7,0,4.6469026035976695
2017-08-21,14,HOME AND KITCHEN II,Riobamba,Chimborazo,C,7,0,17.43842764346428
2017-08-21,14,HOME APPLIANCES,Riobamba,Chimborazo,C,7,0,0.7083290093167786
2017-08-21,14,HOME CARE,Riobamba,Chimborazo,C,7,0,177.72227853729584
2017-08-21,14,LADIESWEAR,Riobamba,Chimborazo,C,7,0,2.768673513706798
2017-08-21,14,LAWN AND GARDEN,Riobamba,Chimborazo,C,7,0,1.9510603338829677
2017-08-21,14,LINGERIE,Riobamba,Chimborazo,C,7,0,3.2628598040583046
2017-08-21,14,"LIQUOR,WINE,BEER",Riobamba,Chimborazo,C,7,0,12.938464840126276
2017-08-21,14,MAGAZINES,Riobamba,Chimborazo,C,7,0,3.298199443240487
2017-08-21,14,MEATS,Riobamba,Chimborazo,C,7,0,223.33213437652037
2017-08-21,14,PERSONAL CARE,Riobamba,Chimborazo,C,7,0,243.08461478996813
2017-08-21,14,PET SUPPLIES,Riobamba,Chimborazo,C,7,0,2.00513950719363
2017-08-21,14,PLAYERS AND ELECTRONICS,Riobamba,Chimborazo,C,7,0,4.841162929171991
2017-08-21,14,POULTRY,Riobamba,Chimborazo,C,7,0,61.68122149366051
2017-08-21,14,PREPARED FOODS,Riobamba,Chimborazo,C,7,0,94.81065446595296
2017-08-21,14,PRODUCE,Riobamba,Chimborazo,C,7,0,379.6394998420977
2017-08-21,14,SCHOOL AND OFFICE SUPPLIES,Riobamba,Chimborazo,C,7,0,3.5269242881774416
2017-08-21,14,SEAFOOD,Riobamba,Chimborazo,C,7,0,4.235795135404925
2017-08-21,15,AUTOMOTIVE,Ibarra,Imbabura,C,15,0,4.1035672965317165
2017-08-21,15,BABY CARE,Ibarra,Imbabura,C,15,0,1.6719339987293838
2017-08-21,15,BEAUTY,Ibarra,Imbabura,C,15,0,3.2506920992529555
2017-08-21,15,BEVERAGES,Ibarra,Imbabura,C,15,0,1748.3486525204028
2017-08-21,15,BOOKS,Ibarra,Imbabura,C,15,0,1.0375521014136901
2017-08-21,15,BREAD/BAKERY,Ibarra,Imbabura,C,15,0,141.70972237385814
2017-08-21,15,CELEBRATION,Ibarra,Imbabura,C,15,0,5.308439015250515
2017-08-21,15,CLEANING,Ibarra,Imbabura,C,15,0,849.9404337190507
2017-08-21,15,DAIRY,Ibarra,Imbabura,C,15,0,326.9149934742127
2017-08-21,15,DELI,Ibarra,Imbabura,C,15,0,260.70250387522776
2017-08-21,15,EGGS,Ibarra,Imbabura,C,15,0,129.7459313111143
2017-08-21,15,FROZEN FOODS,Ibarra,Imbabura,C,15,0,46.277873775904396
2017-08-21,15,GROCERY I,Ibarra,Imbabura,C,15,0,2815.785655470922
2017-08-21,15,GROCERY II,Ibarra,Imbabura,C,15,0,5.744937818776009
2017-08-21,15,HARDWARE,Ibarra,Imbabura,C,15,0,1.6693208450746342
2017-08-21,15,HOME AND KITCHEN I,Ibarra,Imbabura,C,15,0,7.175412666630372
2017-08-21,15,HOME AND KITCHEN II,Ibarra,Imbabura,C,15,0,12.306988120777318
2017-08-21,15,HOME APPLIANCES,Ibarra,Imbabura,C,15,0,1.0107669932106023
2017-08-21,15,HOME CARE,Ibarra,Imbabura,C,15,0,212.45929318769367
2017-08-21,15,LADIESWEAR,Ibarra,Imbabura,C,15,0,4.366793461961768
2017-08-21,15,LAWN AND GARDEN,Ibarra,Imbabura,C,15,0,2.0790306959681293
2017-08-21,15,LINGERIE,Ibarra,Imbabura,C,15,0,4.375908587539042
2017-08-21,15,"LIQUOR,WINE,BEER",Ibarra,Imbabura,C,15,0,11.907288959844042
2017-08-21,15,MAGAZINES,Ibarra,Imbabura,C,15,0,2.653754681513685
2017-08-21,15,MEATS,Ibarra,Imbabura,C,15,0,136.01406924937544
2017-08-21,15,PERSONAL CARE,Ibarra,Imbabura,C,15,0,179.72656961338464
2017-08-21,15,PET SUPPLIES,Ibarra,Imbabura,C,15,0,2.3966835736152965
2017-08-21,15,PLAYERS AND ELECTRONICS,Ibarra,Imbabura,C,15,0,4.397129701639486
2017-08-21,15,POULTRY,Ibarra,Imbabura,C,15,0,112.34435647204609
2017-08-21,15,PREPARED FOODS,Ibarra,Imbabura,C,15,0,31.609372482814035
2017-08-21,15,PRODUCE,Ibarra,Imbabura,C,15,0,604.9349139866283
2017-08-21,15,SCHOOL AND OFFICE SUPPLIES,Ibarra,Imbabura,C,15,0,4.7582311515163465
2017-08-21,15,SEAFOOD,Ibarra,Imbabura,C,15,0,3.5570043965361298
2017-08-21,16,AUTOMOTIVE,Santo Domingo,Santo Domingo de los Tsachilas,C,3,0,3.898602881846852
2017-08-21,16,BABY CARE,Santo Domingo,Santo Domingo de los Tsachilas,C,3,0,0.819203576366983
2017-08-21,16,BEAUTY,Santo Domingo,Santo Domingo de los Tsachilas,C,3,0,1.3248493768971208
2017-08-21,16,BEVERAGES,Santo Domingo,Santo Domingo de los Tsachilas,C,3,0,1459.5529526580435
2017-08-21,16,BOOKS,Santo Domingo,Santo Domingo de los Tsachilas,C,3,0,0.4451184548571439
2017-08-21,16,BREAD/BAKERY,Santo Domingo,Santo Domingo de los Tsachilas,C,3,0,158.31954168896536
2017-08-21,16,CELEBRATION,Santo Domingo,Santo Domingo de los Tsachilas,C,3,0,3.4456809575060223
2017-08-21,16,CLEANING,Santo Domingo,Santo Domingo de los Tsachilas,C,3,0,719.9983030745606
2017-08-21,16,DAIRY,Santo Domingo,Santo Domingo de los Tsachilas,C,3,0,258.40218525175334
2017-08-21,16,DELI,Santo Domingo,Santo Domingo de los Tsachilas,C,3,0,149.45980758184785
2017-08-21,16,EGGS,Santo Domingo,Santo Domingo de los Tsachilas,C,3,0,224.57938403278553
2017-08-21,16,FROZEN FOODS,Santo Domingo,Santo Domingo de los Tsachilas,C,3,0,23.961287054877147
2017-08-21,16,GROCERY I,Santo Domingo,Santo Domingo de los Tsachilas,C,3,0,2050.4507785161577
2017-08-21,16,GROCERY II,Santo Domingo,Santo Domingo de los Tsachilas,C,3,0,4.641704104601557
2017-08-21,16,HARDWARE,Santo Domingo,Santo Domingo de los Tsachilas,C,3,0,0.4425053012023949
2017-08-21,16,HOME AND KITCHEN I,Santo Domingo,Santo Domingo de los Tsachilas,C,3,0,12.410665012834752
2017-08-21,16,HOME AND KITCHEN II,Santo Domingo,Santo Domingo de los Tsachilas,C,3,0,16.915894260949038
2017-08-21,16,HOME APPLIANCES,Santo Domingo,Santo Domingo de los Tsachilas,C,3,0,0.4183333466540556
2017-08-21,16,HOME CARE,Santo Domingo,Santo Domingo de los Tsachilas,C,3,0,163.3907212564555
2017-08-21,16,LADIESWEAR,Santo Domingo,Santo Domingo de los Tsachilas,C,3,0,1.7330535049226177
2017-08-21,16,LAWN AND GARDEN,Santo Domingo,Santo Domingo de los Tsachilas,C,3,0,1.4740840429870035
2017-08-21,16,LINGERIE,Santo Domingo,Santo Domingo de los Tsachilas,C,3,0,2.2878164501970693
2017-08-21,16,"LIQUOR,WINE,BEER",Santo Domingo,Santo Domingo de los Tsachilas,C,3,0,16.731092046498105
2017-08-21,16,MAGAZINES,Santo Domingo,Santo Domingo de los Tsachilas,C,3,0,1.455415818482415
2017-08-21,16,MEATS,Santo Domingo,Santo Domingo de los Tsachilas,C,3,0,45.85851639340636
2017-08-21,16,PERSONAL CARE,Santo Domingo,Santo Domingo de los Tsachilas,C,3,0,126.04663165197137
2017-08-21,16,PET SUPPLIES,Santo Domingo,Santo Domingo de los Tsachilas,C,3,0,1.4326633197289236
2017-08-21,16,PLAYERS AND ELECTRONICS,Santo Domingo,Santo Domingo de los Tsachilas,C,3,0,2.1525658623838897
2017-08-21,16,POULTRY,Santo Domingo,Santo Domingo de los Tsachilas,C,3,0,53.2874556923312
2017-08-21,16,PREPARED FOODS,Santo Domingo,Santo Domingo de los Tsachilas,C,3,0,37.43332007420313
2017-08-21,16,PRODUCE,Santo Domingo,Santo Domingo de los Tsachilas,C,3,0,504.00155309254245
2017-08-21,16,SCHOOL AND OFFICE SUPPLIES,Santo Domingo,Santo Domingo de los Tsachilas,C,3,0,0.4001716441046472
2017-08-21,16,SEAFOOD,Santo Domingo,Santo Domingo de los Tsachilas,C,3,0,2.14475896819223
2017-08-21,17,AUTOMOTIVE,Quito,Pichincha,C,12,0,4.524552016737652
2017-08-21,17,BABY CARE,Quito,Pichincha,C,12,0,0.6133208370573618
2017-08-21,17,BEAUTY,Quito,Pichincha,C,12,0,1.9545750993511342
2017-08-21,17,BEVERAGES,Quito,Pichincha,C,12,0,2946.9249846033736
2017-08-21,17,BOOKS,Quito,Pichincha,C,12,0,0.5028094198840236
2017-08-21,17,BREAD/BAKERY,Quito,Pichincha,C,12,0,303.6172773974928
2017-08-21,17,CELEBRATION,Quito,Pichincha,C,12,0,4.257123589896138
2017-08-21,17,CLEANING,Quito,Pichincha,C,12,0,1113.727768995486
2017-08-21,17,DAIRY,Quito,Pichincha,C,12,0,657.0179937231123
2017-08-21,17,DELI,Quito,Pichincha,C,12,0,454.4638226678341
2017-08-21,17,EGGS,Quito,Pichincha,C,12,0,230.04994605577616
2017-08-21,17,FROZEN FOODS,Quito,Pichincha,C,12,0,97.68781837190043
2017-08-21,17,GROCERY I,Quito,Pichincha,C,12,0,4377.802395942822
2017-08-21,17,GROCERY II,Quito,Pichincha,C,12,0,11.502925567524153
2017-08-21,17,HARDWARE,Quito,Pichincha,C,12,0,1.122065157120388
2017-08-21,17,HOME AND KITCHEN I,Quito,Pichincha,C,12,0,24.058044325195418
2017-08-21,17,HOME AND KITCHEN II,Quito,Pichincha,C,12,0,22.545276026183853
2017-08-21,17,HOME APPLIANCES,Quito,Pichincha,C,12,0,0.4760243116809351
2017-08-21,17,HOME CARE,Quito,Pichincha,C,12,0,281.2157667346969
2017-08-21,17,LADIESWEAR,Quito,Pichincha,C,12,0,1.7907444699494983
2017-08-21,17,LAWN AND GARDEN,Quito,Pichincha,C,12,0,1.531775008013884
2017-08-21,17,LINGERIE,Quito,Pichincha,C,12,0,4.228635137881063
2017-08-21,17,"LIQUOR,WINE,BEER",Quito,Pichincha,C,12,0,26.761879132784156
2017-08-21,17,MAGAZINES,Quito,Pichincha,C,12,0,2.7900218542159685
2017-08-21,17,MEATS,Quito,Pichincha,C,12,0,266.8522285727317
2017-08-21,17,PERSONAL CARE,Quito,Pichincha,C,12,0,276.7238676892796
2017-08-21,17,PET SUPPLIES,Quito,Pichincha,C,12,0,1.9042018707247954
2017-08-21,17,PLAYERS AND ELECTRONICS,Quito,Pichincha,C,12,0,4.309508715536119
2017-08-21,17,POULTRY,Quito,Pichincha,C,12,0,345.64458006877555
2017-08-21,17,PREPARED FOODS,Quito,Pichincha,C,12,0,52.71685553190641
2017-08-21,17,PRODUCE,Quito,Pichincha,C,12,0,1282.7544419400708
2017-08-21,17,SCHOOL AND OFFICE SUPPLIES,Quito,Pichincha,C,12,0,25.024050846157397
2017-08-21,17,SEAFOOD,Quito,Pichincha,C,12,0,9.05612450766701
2017-08-21,18,AUTOMOTIVE,Quito,Pichincha,B,16,0,2.6162167897996413
2017-08-21,18,BABY CARE,Quito,Pichincha,B,16,0,1.1246783107751361
2017-08-21,18,BEAUTY,Quito,Pichincha,B,16,0,3.1685711732346524
2017-08-21,18,BEVERAGES,Quito,Pichincha,B,16,0,1955.5971547124
2017-08-21,18,BOOKS,Quito,Pichincha,B,16,0,0.5028094198840236
2017-08-21,18,BREAD/BAKERY,Quito,Pichincha,B,16,0,511.98814625856954
2017-08-21,18,CELEBRATION,Quito,Pichincha,B,16,0,6.604148380174212
2017-08-21,18,CLEANING,Quito,Pichincha,B,16,0,557.6549796708803
2017-08-21,18,DAIRY,Quito,Pichincha,B,16,0,524.8748252482353
2017-08-21,18,DELI,Quito,Pichincha,B,16,0,192.09437748922898
2017-08-21,18,EGGS,Quito,Pichincha,B,16,0,203.13685692912733
2017-08-21,18,FROZEN FOODS,Quito,Pichincha,B,16,0,48.07729323315794
2017-08-21,18,GROCERY I,Quito,Pichincha,B,16,0,2680.947860735994
2017-08-21,18,GROCERY II,Quito,Pichincha,B,16,0,8.781812262398295
2017-08-21,18,HARDWARE,Quito,Pichincha,B,16,0,1.2648265522756335
2017-08-21,18,HOME AND KITCHEN I,Quito,Pichincha,B,16,0,24.058044325195418
2017-08-21,18,HOME AND KITCHEN II,Quito,Pichincha,B,16,0,20.403446322042758
2017-08-21,18,HOME APPLIANCES,Quito,Pichincha,B,16,0,0.4760243116809351
2017-08-21,18,HOME CARE,Quito,Pichincha,B,16,0,198.0680851419811
2017-08-21,18,LADIESWEAR,Quito,Pichincha,B,16,0,6.771653505112819
2017-08-21,18,LAWN AND GARDEN,Quito,Pichincha,B,16,0,1.846137794536064
2017-08-21,18,LINGERIE,Quito,Pichincha,B,16,0,3.9562938468737365
2017-08-21,18,"LIQUOR,WINE,BEER",Quito,Pichincha,B,16,0,37.39876002901862
2017-08-21,18,MAGAZINES,Quito,Pichincha,B,16,0,1.956991528680017
2017-08-21,18,MEATS,Quito,Pichincha,B,16,0,81.0344598827122
2017-08-21,18,PERSONAL CARE,Quito,Pichincha,B,16,0,160.01866368102267
2017-08-21,18,PET SUPPLIES,Quito,Pichincha,B,16,0,1.8907876508160086
2017-08-21,18,PLAYERS AND ELECTRONICS,Quito,Pichincha,B,16,0,4.509847289176103
2017-08-21,18,POULTRY,Quito,Pichincha,B,16,0,148.712782576287
2017-08-21,18,PREPARED FOODS,Quito,Pichincha,B,16,0,44.84902579846537
2017-08-21,18,PRODUCE,Quito,Pichincha,B,16,0,1487.6826508994052
2017-08-21,18,SCHOOL AND OFFICE SUPPLIES,Quito,Pichincha,B,16,0,42.96477802094889
2017-08-21,18,SEAFOOD,Quito,Pichincha,B,16,0,12.093174351330866
2017-08-21,19,AUTOMOTIVE,Guaranda,Bolivar,C,15,0,3.9680327776200004
2017-08-21,19,BABY CARE,Guaranda,Bolivar,C,15,0,0.586997768843949
2017-08-21,19,BEAUTY,Guaranda,Bolivar,C,15,0,2.1859396059637763
2017-08-21,19,BEVERAGES,Guaranda,Bolivar,C,15,0,2542.411165570202
2017-08-21,19,BOOKS,Guaranda,Bolivar,C,15,0,0.47648635167061065
2017-08-21,19,BREAD/BAKERY,Guaranda,Bolivar,C,15,0,179.54477727023922
2017-08-21,19,CELEBRATION,Guaranda,Bolivar,C,15,0,4.092099534851682
2017-08-21,19,CLEANING,Guaranda,Bolivar,C,15,0,858.5267013358091
2017-08-21,19,DAIRY,Guaranda,Bolivar,C,15,0,309.91114025824953
2017-08-21,19,DELI,Guaranda,Bolivar,C,15,0,288.6508284049765
2017-08-21,19,EGGS,Guaranda,Bolivar,C,15,0,54.750374379809074
2017-08-21,19,FROZEN FOODS,Guaranda,Bolivar,C,15,0,34.63606600679597
2017-08-21,19,GROCERY I,Guaranda,Bolivar,C,15,0,3231.0068616596677
2017-08-21,19,GROCERY II,Guaranda,Bolivar,C,15,0,12.876682047016368
2017-08-21,19,HARDWARE,Guaranda,Bolivar,C,15,0,0.9814033644049883
2017-08-21,19,HOME AND KITCHEN I,Guaranda,Bolivar,C,15,0,8.33216425718154
2017-08-21,19,HOME AND KITCHEN II,Guaranda,Bolivar,C,15,0,18.858342494599473
2017-08-21,19,HOME APPLIANCES,Guaranda,Bolivar,C,15,0,0.5602126606408607
2017-08-21,19,HOME CARE,Guaranda,Bolivar,C,15,0,162.99119848604914
2017-08-21,19,LADIESWEAR,Guaranda,Bolivar,C,15,0,7.053016354560931
2017-08-21,19,LAWN AND GARDEN,Guaranda,Bolivar,C,15,0,1.5267887650034224
2017-08-21,19,LINGERIE,Guaranda,Bolivar,C,15,0,4.120674785219377
2017-08-21,19,"LIQUOR,WINE,BEER",Guaranda,Bolivar,C,15,0,21.930503465156068
2017-08-21,19,MAGAZINES,Guaranda,Bolivar,C,15,0,3.0005403838310465
2017-08-21,19,MEATS,Guaranda,Bolivar,C,15,0,129.64940477185553
2017-08-21,19,PERSONAL CARE,Guaranda,Bolivar,C,15,0,169.07626440553713
2017-08-21,19,PET SUPPLIES,Guaranda,Bolivar,C,15,0,1.756454232559086
2017-08-21,19,PLAYERS AND ELECTRONICS,Guaranda,Bolivar,C,15,0,4.04890635527506
2017-08-21,19,POULTRY,Guaranda,Bolivar,C,15,0,92.34732049045046
2017-08-21,19,PREPARED FOODS,Guaranda,Bolivar,C,15,0,23.54220283429145
2017-08-21,19,PRODUCE,Guaranda,Bolivar,C,15,0,442.34218144196274
2017-08-21,19,SCHOOL AND OFFICE SUPPLIES,Guaranda,Bolivar,C,15,0,4.702867415696595
2017-08-21,19,SEAFOOD,Guaranda,Bolivar,C,15,0,4.228023814814591
2017-08-21,20,AUTOMOTIVE,Quito,Pichincha,B,6,0,6.0021624284109425
2017-08-21,20,BABY CARE,Quito,Pichincha,B,6,0,1.1371191097461155
2017-08-21,20,BEAUTY,Quito,Pichincha,B,6,0,2.3497014441348485
2017-08-21,20,BEVERAGES,Quito,Pichincha,B,6,0,3659.7087680047193
2017-08-21,20,BOOKS,Quito,Pichincha,B,6,0,1.0250108900697814
2017-08-21,20,BREAD/BAKERY,Quito,Pichincha,B,6,0,487.5677969505815
2017-08-21,20,CELEBRATION,Quito,Pichincha,B,6,0,4.629733629495416
2017-08-21,20,CLEANING,Quito,Pichincha,B,6,0,1096.0922581959587
2017-08-21,20,DAIRY,Quito,Pichincha,B,6,0,685.6924246178163
2017-08-21,20,DELI,Quito,Pichincha,B,6,0,550.7128506656234
2017-08-21,20,EGGS,Quito,Pichincha,B,6,0,121.37875405070062
2017-08-21,20,FROZEN FOODS,Quito,Pichincha,B,6,0,78.42718444971321
2017-08-21,20,GROCERY I,Quito,Pichincha,B,6,0,5585.004076555991
2017-08-21,20,GROCERY II,Quito,Pichincha,B,6,0,11.651041916200068
2017-08-21,20,HARDWARE,Quito,Pichincha,B,6,0,1.134505956091366
2017-08-21,20,HOME AND KITCHEN I,Quito,Pichincha,B,6,0,17.386799552067302
2017-08-21,20,HOME AND KITCHEN II,Quito,Pichincha,B,6,0,17.224114349592156
2017-08-21,20,HOME APPLIANCES,Quito,Pichincha,B,6,0,0.9982257818666928
2017-08-21,20,HOME CARE,Quito,Pichincha,B,6,0,325.05961490844436
2017-08-21,20,LADIESWEAR,Quito,Pichincha,B,6,0,3.418990398367887
2017-08-21,20,LAWN AND GARDEN,Quito,Pichincha,B,6,0,4.4082417046250555
2017-08-21,20,LINGERIE,Quito,Pichincha,B,6,0,4.6726683654135694
2017-08-21,20,"LIQUOR,WINE,BEER",Quito,Pichincha,B,6,0,32.093224185199844
2017-08-21,20,MAGAZINES,Quito,Pichincha,B,6,0,2.1051078773559344
2017-08-21,20,MEATS,Quito,Pichincha,B,6,0,299.5504274071857
2017-08-21,20,PERSONAL CARE,Quito,Pichincha,B,6,0,333.16055443564335
2017-08-21,20,PET SUPPLIES,Quito,Pichincha,B,6,0,2.2137811168331787
2017-08-21,20,PLAYERS AND ELECTRONICS,Quito,Pichincha,B,6,0,5.34001666625573
2017-08-21,20,POULTRY,Quito,Pichincha,B,6,0,307.47141515788667
2017-08-21,20,PREPARED FOODS,Quito,Pichincha,B,6,0,65.94213524497353
2017-08-21,20,PRODUCE,Quito,Pichincha,B,6,0,939.0124460778752
2017-08-21,20,SCHOOL AND OFFICE SUPPLIES,Quito,Pichincha,B,6,0,74.43295660241189
2017-08-21,20,SEAFOOD,Quito,Pichincha,B,6,0,9.232338029275445
2017-08-21,21,AUTOMOTIVE,Santo Domingo,Santo Domingo de los Tsachilas,B,6,0,9.909105087639132
2017-08-21,21,BABY CARE,Santo Domingo,Santo Domingo de los Tsachilas,B,6,0,1.0740731911985657
2017-08-21,21,BEAUTY,Santo Domingo,Santo Domingo de los Tsachilas,B,6,0,3.3339574853781464
2017-08-21,21,BEVERAGES,Santo Domingo,Santo Domingo de los Tsachilas,B,6,0,3075.39463430454
2017-08-21,21,BOOKS,Santo Domingo,Santo Domingo de los Tsachilas,B,6,0,0.7086921591936445
2017-08-21,21,BREAD/BAKERY,Santo Domingo,Santo Domingo de los Tsachilas,B,6,0,469.6530280848116
2017-08-21,21,CELEBRATION,Santo Domingo,Santo Domingo de los Tsachilas,B,6,0,4.495349503725844
2017-08-21,21,CLEANING,Santo Domingo,Santo Domingo de los Tsachilas,B,6,0,1064.5758398303706
2017-08-21,21,DAIRY,Santo Domingo,Santo Domingo de los Tsachilas,B,6,0,587.1955989994465
2017-08-21,21,DELI,Santo Domingo,Santo Domingo de los Tsachilas,B,6,0,298.370141072659
2017-08-21,21,EGGS,Santo Domingo,Santo Domingo de los Tsachilas,B,6,0,404.29649981283353
2017-08-21,21,FROZEN FOODS,Santo Domingo,Santo Domingo de los Tsachilas,B,6,0,78.22137713601043
2017-08-21,21,GROCERY I,Santo Domingo,Santo Domingo de los Tsachilas,B,6,0,3770.9689593561466
2017-08-21,21,GROCERY II,Santo Domingo,Santo Domingo de los Tsachilas,B,6,0,11.93941687886091
2017-08-21,21,HARDWARE,Santo Domingo,Santo Domingo de los Tsachilas,B,6,0,0.8165904227122337
2017-08-21,21,HOME AND KITCHEN I,Santo Domingo,Santo Domingo de los Tsachilas,B,6,0,33.574419611547306
2017-08-21,21,HOME AND KITCHEN II,Santo Domingo,Santo Domingo de los Tsachilas,B,6,0,31.96423306574848
2017-08-21,21,HOME APPLIANCES,Santo Domingo,Santo Domingo de los Tsachilas,B,6,0,0.6819070509905562
2017-08-21,21,HOME CARE,Santo Domingo,Santo Domingo de los Tsachilas,B,6,0,308.93240983405394
2017-08-21,21,LADIESWEAR,Santo Domingo,Santo Domingo de los Tsachilas,B,6,0,4.843882075680622
2017-08-21,21,LAWN AND GARDEN,Santo Domingo,Santo Domingo de los Tsachilas,B,6,0,2.1491442344314065
2017-08-21,21,LINGERIE,Santo Domingo,Santo Domingo de los Tsachilas,B,6,0,6.601270489902799
2017-08-21,21,"LIQUOR,WINE,BEER",Santo Domingo,Santo Domingo de los Tsachilas,B,6,0,69.77741230088967
2017-08-21,21,MAGAZINES,Santo Domingo,Santo Domingo de los Tsachilas,B,6,0,1.8993005636531382
2017-08-21,21,MEATS,Santo Domingo,Santo Domingo de los Tsachilas,B,6,0,112.82315330181153
2017-08-21,21,PERSONAL CARE,Santo Domingo,Santo Domingo de los Tsachilas,B,6,0,279.8826608603739
2017-08-21,21,PET SUPPLIES,Santo Domingo,Santo Domingo de los Tsachilas,B,6,0,1.833096685789128
2017-08-21,21,PLAYERS AND ELECTRONICS,Santo Domingo,Santo Domingo de los Tsachilas,B,6,0,5.170135194214925
2017-08-21,21,POULTRY,Santo Domingo,Santo Domingo de los Tsachilas,B,6,0,147.07863288659948
2017-08-21,21,PREPARED FOODS,Santo Domingo,Santo Domingo de los Tsachilas,B,6,0,156.2074594953073
2017-08-21,21,PRODUCE,Santo Domingo,Santo Domingo de los Tsachilas,B,6,0,1170.8538664224352
2017-08-21,21,SCHOOL AND OFFICE SUPPLIES,Santo Domingo,Santo Domingo de los Tsachilas,B,6,0,0.6637453484411479
2017-08-21,21,SEAFOOD,Santo Domingo,Santo Domingo de los Tsachilas,B,6,0,3.6043439409993283
2017-08-21,22,AUTOMOTIVE,Puyo,Pastaza,C,7,0,2.8090674086511287
2017-08-21,22,BABY CARE,Puyo,Pastaza,C,7,0,0.4451184548571439
2017-08-21,22,BEAUTY,Puyo,Pastaza,C,7,0,1.999909568341524
2017-08-21,22,BEVERAGES,Puyo,Pastaza,C,7,0,1835.5085658364646
2017-08-21,22,BOOKS,Puyo,Pastaza,C,7,0,0.4451184548571439
2017-08-21,22,BREAD/BAKERY,Puyo,Pastaza,C,7,0,131.615225614099
2017-08-21,22,CELEBRATION,Puyo,Pastaza,C,7,0,4.235358466531254
2017-08-21,22,CLEANING,Puyo,Pastaza,C,7,0,600.0675894083181
2017-08-21,22,DAIRY,Puyo,Pastaza,C,7,0,311.92653332854593
2017-08-21,22,DELI,Puyo,Pastaza,C,7,0,133.83235773759046
2017-08-21,22,EGGS,Puyo,Pastaza,C,7,0,43.85090355838794
2017-08-21,22,FROZEN FOODS,Puyo,Pastaza,C,7,0,51.28798172070548
2017-08-21,22,GROCERY I,Puyo,Pastaza,C,7,0,2372.198279783448
2017-08-21,22,GROCERY II,Puyo,Pastaza,C,7,0,4.510199957722959
2017-08-21,22,HARDWARE,Puyo,Pastaza,C,7,0,0.5530167183757319
2017-08-21,22,HOME AND KITCHEN I,Puyo,Pastaza,C,7,0,19.00584442133175
2017-08-21,22,HOME AND KITCHEN II,Puyo,Pastaza,C,7,0,16.915894260949038
2017-08-21,22,HOME APPLIANCES,Puyo,Pastaza,C,7,0,0.4183333466540556
2017-08-21,22,HOME CARE,Puyo,Pastaza,C,7,0,153.2866119429891
2017-08-21,22,LADIESWEAR,Puyo,Pastaza,C,7,0,1.8285534014913594
2017-08-21,22,LAWN AND GARDEN,Puyo,Pastaza,C,7,0,1.4740840429870035
2017-08-21,22,LINGERIE,Puyo,Pastaza,C,7,0,4.230596636408794
2017-08-21,22,"LIQUOR,WINE,BEER",Puyo,Pastaza,C,7,0,68.5378261190555
2017-08-21,22,MAGAZINES,Puyo,Pastaza,C,7,0,2.4021461066795675
2017-08-21,22,MEATS,Puyo,Pastaza,C,7,0,113.10440403473528
2017-08-21,22,PERSONAL CARE,Puyo,Pastaza,C,7,0,158.83271198060507
2017-08-21,22,PET SUPPLIES,Puyo,Pastaza,C,7,0,1.296987770023986
2017-08-21,22,PLAYERS AND ELECTRONICS,Puyo,Pastaza,C,7,0,3.883898154285305
2017-08-21,22,POULTRY,Puyo,Pastaza,C,7,0,137.37936595758362
2017-08-21,22,PREPARED FOODS,Puyo,Pastaza,C,7,0,27.68287100630476
2017-08-21,22,PRODUCE,Puyo,Pastaza,C,7,0,452.86584690360286
2017-08-21,22,SCHOOL AND OFFICE SUPPLIES,Puyo,Pastaza,C,7,0,3.298648512010952
2017-08-21,22,SEAFOOD,Puyo,Pastaza,C,7,0,2.2702960239627092
2017-08-21,23,AUTOMOTIVE,Ambato,Tungurahua,D,9,0,2.667549025746608
2017-08-21,23,BABY CARE,Ambato,Tungurahua,D,9,0,1.1609183664497906
2017-08-21,23,BEAUTY,Ambato,Tungurahua,D,9,0,2.414682996359788
2017-08-21,23,BEVERAGES,Ambato,Tungurahua,D,9,0,1301.594346492212
2017-08-21,23,BOOKS,Ambato,Tungurahua,D,9,0,1.2965939161547295
2017-08-21,23,BREAD/BAKERY,Ambato,Tungurahua,D,9,0,260.5288342186604
2017-08-21,23,CELEBRATION,Ambato,Tungurahua,D,9,0,5.504117698441412
2017-08-21,23,CLEANING,Ambato,Tungurahua,D,9,0,500.72907422887937
2017-08-21,23,DAIRY,Ambato,Tungurahua,D,9,0,448.9948921567362
2017-08-21,23,DELI,Ambato,Tungurahua,D,9,0,120.25768724834984
2017-08-21,23,EGGS,Ambato,Tungurahua,D,9,0,36.33190709724307
2017-08-21,23,FROZEN FOODS,Ambato,Tungurahua,D,9,0,57.77280034621838
2017-08-21,23,GROCERY I,Ambato,Tungurahua,D,9,0,2088.512770949958
2017-08-21,23,GROCERY II,Ambato,Tungurahua,D,9,0,19.60025208172066
2017-08-21,23,HARDWARE,Ambato,Tungurahua,D,9,0,1.2939807624999804
2017-08-21,23,HOME AND KITCHEN I,Ambato,Tungurahua,D,9,0,9.806794012616779
2017-08-21,23,HOME AND KITCHEN II,Ambato,Tungurahua,D,9,0,17.313147262732933
2017-08-21,23,HOME APPLIANCES,Ambato,Tungurahua,D,9,0,1.0062351036151418
2017-08-21,23,HOME CARE,Ambato,Tungurahua,D,9,0,122.26712711523871
2017-08-21,23,LADIESWEAR,Ambato,Tungurahua,D,9,0,15.559848203002499
2017-08-21,23,LAWN AND GARDEN,Ambato,Tungurahua,D,9,0,2.54639723621531
2017-08-21,23,LINGERIE,Ambato,Tungurahua,D,9,0,2.882164767962982
2017-08-21,23,"LIQUOR,WINE,BEER",Ambato,Tungurahua,D,9,0,39.97802859442269
2017-08-21,23,MAGAZINES,Ambato,Tungurahua,D,9,0,4.2927800195451145
2017-08-21,23,MEATS,Ambato,Tungurahua,D,9,0,495.99702614387974
2017-08-21,23,PERSONAL CARE,Ambato,Tungurahua,D,9,0,131.4062996293688
2017-08-21,23,PET SUPPLIES,Ambato,Tungurahua,D,9,0,4.234023270481767
2017-08-21,23,PLAYERS AND ELECTRONICS,Ambato,Tungurahua,D,9,0,4.742060296337893
2017-08-21,23,POULTRY,Ambato,Tungurahua,D,9,0,304.64951512309676
2017-08-21,23,PREPARED FOODS,Ambato,Tungurahua,D,9,0,26.60068025157181
2017-08-21,23,PRODUCE,Ambato,Tungurahua,D,9,0,1170.8532169509376
2017-08-21,23,SCHOOL AND OFFICE SUPPLIES,Ambato,Tungurahua,D,9,0,0.8523978513607949
2017-08-21,23,SEAFOOD,Ambato,Tungurahua,D,9,0,4.72083918223745
2017-08-21,24,AUTOMOTIVE,Guayaquil,Guayas,D,1,0,2.8319223599567485
2017-08-21,24,BABY CARE,Guayaquil,Guayas,D,1,0,1.35290852993634
2017-08-21,24,BEAUTY,Guayaquil,Guayas,D,1,0,2.704018767785406
2017-08-21,24,BEVERAGES,Guayaquil,Guayas,D,1,0,3304.453648389261
2017-08-21,24,BOOKS,Guayaquil,Guayas,D,1,0,1.35290852993634
2017-08-21,24,BREAD/BAKERY,Guayaquil,Guayas,D,1,0,671.4016228345081
2017-08-21,24,CELEBRATION,Guayaquil,Guayas,D,1,0,11.390880226604052
2017-08-21,24,CLEANING,Guayaquil,Guayas,D,1,0,898.999264437827
2017-08-21,24,DAIRY,Guayaquil,Guayas,D,1,0,1213.241460254736
2017-08-21,24,DELI,Guayaquil,Guayas,D,1,0,247.71679414155255
2017-08-21,24,EGGS,Guayaquil,Guayas,D,1,0,210.2436011425172
2017-08-21,24,FROZEN FOODS,Guayaquil,Guayas,D,1,0,133.3704388034268
2017-08-21,24,GROCERY I,Guayaquil,Guayas,D,1,0,3590.189893809726
2017-08-21,24,GROCERY II,Guayaquil,Guayas,D,1,0,31.572070204071625
2017-08-21,24,HARDWARE,Guayaquil,Guayas,D,1,0,1.9183751737192174
2017-08-21,24,HOME AND KITCHEN I,Guayaquil,Guayas,D,1,0,17.634559853930007
2017-08-21,24,HOME AND KITCHEN II,Guayaquil,Guayas,D,1,0,25.275578862032653
2017-08-21,24,HOME APPLIANCES,Guayaquil,Guayas,D,1,0,1.3261234217332514
2017-08-21,24,HOME CARE,Guayaquil,Guayas,D,1,0,244.169312656013
2017-08-21,24,LADIESWEAR,Guayaquil,Guayas,D,1,0,6.914218833012435
2017-08-21,24,LAWN AND GARDEN,Guayaquil,Guayas,D,1,0,29.533493561021352
2017-08-21,24,LINGERIE,Guayaquil,Guayas,D,1,0,7.818185109102262
2017-08-21,24,"LIQUOR,WINE,BEER",Guayaquil,Guayas,D,1,0,65.07355820489512
2017-08-21,24,MAGAZINES,Guayaquil,Guayas,D,1,0,11.243309838222883
2017-08-21,24,MEATS,Guayaquil,Guayas,D,1,0,339.3032220100236
2017-08-21,24,PERSONAL CARE,Guayaquil,Guayas,D,1,0,253.65083218473626
2017-08-21,24,PET SUPPLIES,Guayaquil,Guayas,D,1,0,14.951288949223168
2017-08-21,24,PLAYERS AND ELECTRONICS,Guayaquil,Guayas,D,1,0,6.235218002712103
2017-08-21,24,POULTRY,Guayaquil,Guayas,D,1,0,458.4159796436213
2017-08-21,24,PREPARED FOODS,Guayaquil,Guayas,D,1,0,110.92918431896784
2017-08-21,24,PRODUCE,Guayaquil,Guayas,D,1,0,3206.9752275815663
2017-08-21,24,SCHOOL AND OFFICE SUPPLIES,Guayaquil,Guayas,D,1,0,1.307961719183843
2017-08-21,24,SEAFOOD,Guayaquil,Guayas,D,1,0,21.93690964506214
2017-08-21,25,AUTOMOTIVE,Salinas,Santa Elena,D,1,0,3.5559849055405595
2017-08-21,25,BABY CARE,Salinas,Santa Elena,D,1,0,0.7284778570749159
2017-08-21,25,BEAUTY,Salinas,Santa Elena,D,1,0,2.7549240597265023
2017-08-21,25,BEVERAGES,Salinas,Santa Elena,D,1,0,1700.9249202557653
2017-08-21,25,BOOKS,Salinas,Santa Elena,D,1,0,0.7284778570749159
2017-08-21,25,BREAD/BAKERY,Salinas,Santa Elena,D,1,0,354.149193680122
2017-08-21,25,CELEBRATION,Salinas,Santa Elena,D,1,0,5.6472634458261135
2017-08-21,25,CLEANING,Salinas,Santa Elena,D,1,0,387.54694387039353
2017-08-21,25,DAIRY,Salinas,Santa Elena,D,1,0,507.150046512642
2017-08-21,25,DELI,Salinas,Santa Elena,D,1,0,144.5078831761514
2017-08-21,25,EGGS,Salinas,Santa Elena,D,1,0,122.18813820926536
2017-08-21,25,FROZEN FOODS,Salinas,Santa Elena,D,1,0,101.26617506623057
2017-08-21,25,GROCERY I,Salinas,Santa Elena,D,1,0,1681.878677246862
2017-08-21,25,GROCERY II,Salinas,Santa Elena,D,1,0,19.707471987443366
2017-08-21,25,HARDWARE,Salinas,Santa Elena,D,1,0,1.4087131546999299
2017-08-21,25,HOME AND KITCHEN I,Salinas,Santa Elena,D,1,0,22.651376005647624
2017-08-21,25,HOME AND KITCHEN II,Salinas,Santa Elena,D,1,0,8.942967279881053
2017-08-21,25,HOME APPLIANCES,Salinas,Santa Elena,D,1,0,0.7016927488718275
2017-08-21,25,HOME CARE,Salinas,Santa Elena,D,1,0,103.71537281207917
2017-08-21,25,LADIESWEAR,Salinas,Santa Elena,D,1,0,1.3874581707989682
2017-08-21,25,LAWN AND GARDEN,Salinas,Santa Elena,D,1,0,19.013983912776272
2017-08-21,25,LINGERIE,Salinas,Santa Elena,D,1,0,3.9757188532292083
2017-08-21,25,"LIQUOR,WINE,BEER",Salinas,Santa Elena,D,1,0,198.32024804175566
2017-08-21,25,MAGAZINES,Salinas,Santa Elena,D,1,0,13.426850705189729
2017-08-21,25,MEATS,Salinas,Santa Elena,D,1,0,179.3661833789042
2017-08-21,25,PERSONAL CARE,Salinas,Santa Elena,D,1,0,102.83581634916445
2017-08-21,25,PET SUPPLIES,Salinas,Santa Elena,D,1,0,3.5818924855182854
2017-08-21,25,PLAYERS AND ELECTRONICS,Salinas,Santa Elena,D,1,0,4.733551954485448
2017-08-21,25,POULTRY,Salinas,Santa Elena,D,1,0,166.82718141866368
2017-08-21,25,PREPARED FOODS,Salinas,Santa Elena,D,1,0,36.30988874539503
2017-08-21,25,PRODUCE,Salinas,Santa Elena,D,1,0,1355.914254723527
2017-08-21,25,SCHOOL AND OFFICE SUPPLIES,Salinas,Santa Elena,D,1,0,0.9147064925961007
2017-08-21,25,SEAFOOD,Salinas,Santa Elena,D,1,0,4.748256682046997
2017-08-21,26,AUTOMOTIVE,Guayaquil,Guayas,D,10,0,3.6507920890565506
2017-08-21,26,BABY CARE,Guayaquil,Guayas,D,10,0,1.0691166315554828
2017-08-21,26,BEAUTY,Guayaquil,Guayas,D,10,0,1.836591053838217
2017-08-21,26,BEVERAGES,Guayaquil,Guayas,D,10,0,748.4043648812057
2017-08-21,26,BOOKS,Guayaquil,Guayas,D,10,0,1.0691166315554828
2017-08-21,26,BREAD/BAKERY,Guayaquil,Guayas,D,10,0,222.4387113005666
2017-08-21,26,CELEBRATION,Guayaquil,Guayas,D,10,0,4.729377582682204
2017-08-21,26,CLEANING,Guayaquil,Guayas,D,10,0,318.32211625740604
2017-08-21,26,DAIRY,Guayaquil,Guayas,D,10,0,253.38238473779543
2017-08-21,26,DELI,Guayaquil,Guayas,D,10,0,80.86045756853393
2017-08-21,26,EGGS,Guayaquil,Guayas,D,10,0,24.15924297065035
2017-08-21,26,FROZEN FOODS,Guayaquil,Guayas,D,10,0,24.941939045750583
2017-08-21,26,GROCERY I,Guayaquil,Guayas,D,10,0,1284.6011164455308
2017-08-21,26,GROCERY II,Guayaquil,Guayas,D,10,0,5.56768502941806
2017-08-21,26,HARDWARE,Guayaquil,Guayas,D,10,0,1.2021790276056734
2017-08-21,26,HOME AND KITCHEN I,Guayaquil,Guayas,D,10,0,6.476988008128503
2017-08-21,26,HOME AND KITCHEN II,Guayaquil,Guayas,D,10,0,4.846470126053674
2017-08-21,26,HOME APPLIANCES,Guayaquil,Guayas,D,10,0,1.178007073057334
2017-08-21,26,HOME CARE,Guayaquil,Guayas,D,10,0,58.55421880634386
2017-08-21,26,LADIESWEAR,Guayaquil,Guayas,D,10,0,2.1419445312485346
2017-08-21,26,LAWN AND GARDEN,Guayaquil,Guayas,D,10,0,4.082902359205136
2017-08-21,26,LINGERIE,Guayaquil,Guayas,D,10,0,2.282563803704406
2017-08-21,26,"LIQUOR,WINE,BEER",Guayaquil,Guayas,D,10,0,12.277299602879241
2017-08-21,26,MAGAZINES,Guayaquil,Guayas,D,10,0,1.7359820491498303
2017-08-21,26,MEATS,Guayaquil,Guayas,D,10,0,272.9142944965973
2017-08-21,26,PERSONAL CARE,Guayaquil,Guayas,D,10,0,97.58120163006629
2017-08-21,26,PET SUPPLIES,Guayaquil,Guayas,D,10,0,2.385557948786512
2017-08-21,26,PLAYERS AND ELECTRONICS,Guayaquil,Guayas,D,10,0,2.5610425632907536
2017-08-21,26,POULTRY,Guayaquil,Guayas,D,10,0,130.12896236141796
2017-08-21,26,PREPARED FOODS,Guayaquil,Guayas,D,10,0,22.649978054021666
2017-08-21,26,PRODUCE,Guayaquil,Guayas,D,10,0,431.6768712240262
2017-08-21,26,SCHOOL AND OFFICE SUPPLIES,Guayaquil,Guayas,D,10,0,1.1598453705079257
2017-08-21,26,SEAFOOD,Guayaquil,Guayas,D,10,0,2.881497517896713
2017-08-21,27,AUTOMOTIVE,Daule,Guayas,D,1,0,4.893825024905802
2017-08-21,27,BABY CARE,Daule,Guayas,D,1,0,0.9187338440328318
2017-08-21,27,BEAUTY,Daule,Guayas,D,1,0,1.7448205131328478
2017-08-21,27,BEVERAGES,Daule,Guayas,D,1,0,3033.356928409712
2017-08-21,27,BOOKS,Daule,Guayas,D,1,0,0.7830582943278946
2017-08-21,27,BREAD/BAKERY,Daule,Guayas,D,1,0,680.3386427273103
2017-08-21,27,CELEBRATION,Daule,Guayas,D,1,0,16.579210008640125
2017-08-21,27,CLEANING,Daule,Guayas,D,1,0,901.233436448884
2017-08-21,27,DAIRY,Daule,Guayas,D,1,0,1124.3935904600496
2017-08-21,27,DELI,Daule,Guayas,D,1,0,293.41931715220784
2017-08-21,27,EGGS,Daule,Guayas,D,1,0,267.5165375273775
2017-08-21,27,FROZEN FOODS,Daule,Guayas,D,1,0,120.31080811372316
2017-08-21,27,GROCERY I,Daule,Guayas,D,1,0,3918.7214610528395
2017-08-21,27,GROCERY II,Daule,Guayas,D,1,0,34.828650834107705
2017-08-21,27,HARDWARE,Daule,Guayas,D,1,0,2.610866012336931
2017-08-21,27,HOME AND KITCHEN I,Daule,Guayas,D,1,0,16.889977341493832
2017-08-21,27,HOME AND KITCHEN II,Daule,Guayas,D,1,0,30.325126708051744
2017-08-21,27,HOME APPLIANCES,Daule,Guayas,D,1,0,0.7562731861248063
2017-08-21,27,HOME CARE,Daule,Guayas,D,1,0,250.31370628919245
2017-08-21,27,LADIESWEAR,Daule,Guayas,D,1,0,7.87328269782197
2017-08-21,27,LAWN AND GARDEN,Daule,Guayas,D,1,0,31.482091077794436
2017-08-21,27,LINGERIE,Daule,Guayas,D,1,0,7.860770115364935
2017-08-21,27,"LIQUOR,WINE,BEER",Daule,Guayas,D,1,0,111.12791314772869
2017-08-21,27,MAGAZINES,Daule,Guayas,D,1,0,3.6615758232733353
2017-08-21,27,MEATS,Daule,Guayas,D,1,0,316.765211405953
2017-08-21,27,PERSONAL CARE,Daule,Guayas,D,1,0,269.7500286512541
2017-08-21,27,PET SUPPLIES,Daule,Guayas,D,1,0,6.697695537299931
2017-08-21,27,PLAYERS AND ELECTRONICS,Daule,Guayas,D,1,0,7.846065387803386
2017-08-21,27,POULTRY,Daule,Guayas,D,1,0,429.94270289646755
2017-08-21,27,PREPARED FOODS,Daule,Guayas,D,1,0,79.35723775120216
2017-08-21,27,PRODUCE,Daule,Guayas,D,1,0,2846.0637753284186
2017-08-21,27,SCHOOL AND OFFICE SUPPLIES,Daule,Guayas,D,1,0,1.1448732240940782
2017-08-21,27,SEAFOOD,Daule,Guayas,D,1,0,16.51479571496305
2017-08-21,28,AUTOMOTIVE,Guayaquil,Guayas,E,10,0,4.995407515026542
2017-08-21,28,BABY CARE,Guayaquil,Guayas,E,10,0,1.3804421819453183
2017-08-21,28,BEAUTY,Guayaquil,Guayas,E,10,0,3.8038394035015357
2017-08-21,28,BEVERAGES,Guayaquil,Guayas,E,10,0,3120.4590612107995
2017-08-21,28,BOOKS,Guayaquil,Guayas,E,10,0,1.3804421819453183
2017-08-21,28,BREAD/BAKERY,Guayaquil,Guayas,E,10,0,631.7289714217668
2017-08-21,28,CELEBRATION,Guayaquil,Guayas,E,10,0,10.702404418271952
2017-08-21,28,CLEANING,Guayaquil,Guayas,E,10,0,1041.553686659436
2017-08-21,28,DAIRY,Guayaquil,Guayas,E,10,0,863.5552317637272
2017-08-21,28,DELI,Guayaquil,Guayas,E,10,0,312.59340512370164
2017-08-21,28,EGGS,Guayaquil,Guayas,E,10,0,289.90223776148474
2017-08-21,28,FROZEN FOODS,Guayaquil,Guayas,E,10,0,61.461353777945774
2017-08-21,28,GROCERY I,Guayaquil,Guayas,E,10,0,5424.869556537038
2017-08-21,28,GROCERY II,Guayaquil,Guayas,E,10,0,23.678722734133203
2017-08-21,28,HARDWARE,Guayaquil,Guayas,E,10,0,1.489937247966901
2017-08-21,28,HOME AND KITCHEN I,Guayaquil,Guayas,E,10,0,28.957052937647642
2017-08-21,28,HOME AND KITCHEN II,Guayaquil,Guayas,E,10,0,19.249788211004397
2017-08-21,28,HOME APPLIANCES,Guayaquil,Guayas,E,10,0,1.6014408431235005
2017-08-21,28,HOME CARE,Guayaquil,Guayas,E,10,0,274.713504154342
2017-08-21,28,LADIESWEAR,Guayaquil,Guayas,E,10,0,3.942068121620846
2017-08-21,28,LAWN AND GARDEN,Guayaquil,Guayas,E,10,0,8.037904411235957
2017-08-21,28,LINGERIE,Guayaquil,Guayas,E,10,0,4.995407515026542
2017-08-21,28,"LIQUOR,WINE,BEER",Guayaquil,Guayas,E,10,0,39.234970844904744
2017-08-21,28,MAGAZINES,Guayaquil,Guayas,E,10,0,2.3350021134610004
2017-08-21,28,MEATS,Guayaquil,Guayas,E,10,0,176.55881656154682
2017-08-21,28,PERSONAL CARE,Guayaquil,Guayas,E,10,0,275.61656175029094
2017-08-21,28,PET SUPPLIES,Guayaquil,Guayas,E,10,0,4.601581147315621
2017-08-21,28,PLAYERS AND ELECTRONICS,Guayaquil,Guayas,E,10,0,4.576857349579053
2017-08-21,28,POULTRY,Guayaquil,Guayas,E,10,0,198.48783224461343
2017-08-21,28,PREPARED FOODS,Guayaquil,Guayas,E,10,0,84.50279026557726
2017-08-21,28,PRODUCE,Guayaquil,Guayas,E,10,0,1355.4055072498081
2017-08-21,28,SCHOOL AND OFFICE SUPPLIES,Guayaquil,Guayas,E,10,0,1.9971267265430819
2017-08-21,28,SEAFOOD,Guayaquil,Guayas,E,10,0,5.159820247004531
2017-08-21,29,AUTOMOTIVE,Guayaquil,Guayas,E,10,0,4.899829209809936
2017-08-21,29,BABY CARE,Guayaquil,Guayas,E,10,0,1.4925504016216506
2017-08-21,29,BEAUTY,Guayaquil,Guayas,E,10,0,4.026916680671914
2017-08-21,29,BEVERAGES,Guayaquil,Guayas,E,10,0,2952.0426629862377
2017-08-21,29,BOOKS,Guayaquil,Guayas,E,10,0,1.3804421819453183
2017-08-21,29,BREAD/BAKERY,Guayaquil,Guayas,E,10,0,702.1532471872414
2017-08-21,29,CELEBRATION,Guayaquil,Guayas,E,10,0,9.82765871493494
2017-08-21,29,CLEANING,Guayaquil,Guayas,E,10,0,843.0661291869611
2017-08-21,29,DAIRY,Guayaquil,Guayas,E,10,0,735.3572586830675
2017-08-21,29,DELI,Guayaquil,Guayas,E,10,0,273.82683676501546
2017-08-21,29,EGGS,Guayaquil,Guayas,E,10,0,351.41690173219877
2017-08-21,29,FROZEN FOODS,Guayaquil,Guayas,E,10,0,70.86654853338429
2017-08-21,29,GROCERY I,Guayaquil,Guayas,E,10,0,3559.6825236248437
2017-08-21,29,GROCERY II,Guayaquil,Guayas,E,10,0,19.712040847024873
2017-08-21,29,HARDWARE,Guayaquil,Guayas,E,10,0,2.03946038364083
2017-08-21,29,HOME AND KITCHEN I,Guayaquil,Guayas,E,10,0,28.957052937647642
2017-08-21,29,HOME AND KITCHEN II,Guayaquil,Guayas,E,10,0,20.59787967183045
2017-08-21,29,HOME APPLIANCES,Guayaquil,Guayas,E,10,0,1.3536570737422298
2017-08-21,29,HOME CARE,Guayaquil,Guayas,E,10,0,258.8573265457564
2017-08-21,29,LADIESWEAR,Guayaquil,Guayas,E,10,0,3.8031168459415854
2017-08-21,29,LAWN AND GARDEN,Guayaquil,Guayas,E,10,0,4.742751578616645
2017-08-21,29,LINGERIE,Guayaquil,Guayas,E,10,0,4.863903368147942
2017-08-21,29,"LIQUOR,WINE,BEER",Guayaquil,Guayas,E,10,0,68.43334363215972
2017-08-21,29,MAGAZINES,Guayaquil,Guayas,E,10,0,2.6281856006088975
2017-08-21,29,MEATS,Guayaquil,Guayas,E,10,0,117.209089024606
2017-08-21,29,PERSONAL CARE,Guayaquil,Guayas,E,10,0,242.98957925099492
2017-08-21,29,PET SUPPLIES,Guayaquil,Guayas,E,10,0,2.7009329984241486
2017-08-21,29,PLAYERS AND ELECTRONICS,Guayaquil,Guayas,E,10,0,4.849198640586393
2017-08-21,29,POULTRY,Guayaquil,Guayas,E,10,0,171.64696864827383
2017-08-21,29,PREPARED FOODS,Guayaquil,Guayas,E,10,0,64.77309544733988
2017-08-21,29,PRODUCE,Guayaquil,Guayas,E,10,0,1042.9121201709113
2017-08-21,29,SCHOOL AND OFFICE SUPPLIES,Guayaquil,Guayas,E,10,0,1.8215404322980817
2017-08-21,29,SEAFOOD,Guayaquil,Guayas,E,10,0,5.877799117070238
2017-08-21,30,AUTOMOTIVE,Guayaquil,Guayas,C,3,0,3.3619131518107594
2017-08-21,30,BABY CARE,Guayaquil,Guayas,C,3,0,1.640666750297568
2017-08-21,30,BEAUTY,Guayaquil,Guayas,C,3,0,2.0342043311513733
2017-08-21,30,BEVERAGES,Guayaquil,Guayas,C,3,0,1451.0562261957723
2017-08-21,30,BOOKS,Guayaquil,Guayas,C,3,0,1.2649848262847345
2017-08-21,30,BREAD/BAKERY,Guayaquil,Guayas,C,3,0,153.36022232112046
2017-08-21,30,CELEBRATION,Guayaquil,Guayas,C,3,0,5.265001859762295
2017-08-21,30,CLEANING,Guayaquil,Guayas,C,3,0,428.635329967208
2017-08-21,30,DAIRY,Guayaquil,Guayas,C,3,0,261.70240775522564
2017-08-21,30,DELI,Guayaquil,Guayas,C,3,0,108.51745833323263
2017-08-21,30,EGGS,Guayaquil,Guayas,C,3,0,175.26226890055764
2017-08-21,30,FROZEN FOODS,Guayaquil,Guayas,C,3,0,39.007097633731256
2017-08-21,30,GROCERY I,Guayaquil,Guayas,C,3,0,2019.8387087524661
2017-08-21,30,GROCERY II,Guayaquil,Guayas,C,3,0,7.245692785475606
2017-08-21,30,HARDWARE,Guayaquil,Guayas,C,3,0,1.6380535966428185
2017-08-21,30,HOME AND KITCHEN I,Guayaquil,Guayas,C,3,0,11.214409784524914
2017-08-21,30,HOME AND KITCHEN II,Guayaquil,Guayas,C,3,0,5.418020244795759
2017-08-21,30,HOME APPLIANCES,Guayaquil,Guayas,C,3,0,1.238199718081646
2017-08-21,30,HOME CARE,Guayaquil,Guayas,C,3,0,131.15341432792295
2017-08-21,30,LADIESWEAR,Guayaquil,Guayas,C,3,0,2.713494649990619
2017-08-21,30,LAWN AND GARDEN,Guayaquil,Guayas,C,3,0,2.3191145469461945
2017-08-21,30,LINGERIE,Guayaquil,Guayas,C,3,0,3.147297409594386
2017-08-21,30,"LIQUOR,WINE,BEER",Guayaquil,Guayas,C,3,0,20.6221165790433
2017-08-21,30,MAGAZINES,Guayaquil,Guayas,C,3,0,2.1647707727366656
2017-08-21,30,MEATS,Guayaquil,Guayas,C,3,0,57.540996128027466
2017-08-21,30,PERSONAL CARE,Guayaquil,Guayas,C,3,0,80.90842788712749
2017-08-21,30,PET SUPPLIES,Guayaquil,Guayas,C,3,0,2.710098071420807
2017-08-21,30,PLAYERS AND ELECTRONICS,Guayaquil,Guayas,C,3,0,4.774237712091939
2017-08-21,30,POULTRY,Guayaquil,Guayas,C,3,0,107.78568239292406
2017-08-21,30,PREPARED FOODS,Guayaquil,Guayas,C,3,0,26.161265268119298
2017-08-21,30,PRODUCE,Guayaquil,Guayas,C,3,0,515.3477118552305
2017-08-21,30,SCHOOL AND OFFICE SUPPLIES,Guayaquil,Guayas,C,3,0,1.2200380155322377
2017-08-21,30,SEAFOOD,Guayaquil,Guayas,C,3,0,4.55252699030814
2017-08-21,31,AUTOMOTIVE,Babahoyo,Los Rios,B,10,0,4.318744703034853
2017-08-21,31,BABY CARE,Babahoyo,Los Rios,B,10,0,0.2970021061812263
2017-08-21,31,BEAUTY,Babahoyo,Los Rios,B,10,0,1.176733028221203
2017-08-21,31,BEVERAGES,Babahoyo,Los Rios,B,10,0,3204.3806616680713
2017-08-21,31,BOOKS,Babahoyo,Los Rios,B,10,0,0.2970021061812263
2017-08-21,31,BREAD/BAKERY,Babahoyo,Los Rios,B,10,0,582.0122582033957
2017-08-21,31,CELEBRATION,Babahoyo,Los Rios,B,10,0,4.9587483479816
2017-08-21,31,CLEANING,Babahoyo,Los Rios,B,10,0,1037.1066623945067
2017-08-21,31,DAIRY,Babahoyo,Los Rios,B,10,0,608.3402967782648
2017-08-21,31,DELI,Babahoyo,Los Rios,B,10,0,232.487891445255
2017-08-21,31,EGGS,Babahoyo,Los Rios,B,10,0,399.56246568113494
2017-08-21,31,FROZEN FOODS,Babahoyo,Los Rios,B,10,0,74.72316516260709
2017-08-21,31,GROCERY I,Babahoyo,Los Rios,B,10,0,4145.477639323679
2017-08-21,31,GROCERY II,Babahoyo,Los Rios,B,10,0,9.261424662156974
2017-08-21,31,HARDWARE,Babahoyo,Los Rios,B,10,0,0.7805822937126504
2017-08-21,31,HOME AND KITCHEN I,Babahoyo,Los Rios,B,10,0,23.852237011492615
2017-08-21,31,HOME AND KITCHEN II,Babahoyo,Los Rios,B,10,0,16.76777791227312
2017-08-21,31,HOME APPLIANCES,Babahoyo,Los Rios,B,10,0,0.270216997978138
2017-08-21,31,HOME CARE,Babahoyo,Los Rios,B,10,0,258.51639829237183
2017-08-21,31,LADIESWEAR,Babahoyo,Los Rios,B,10,0,2.716452403048324
2017-08-21,31,LAWN AND GARDEN,Babahoyo,Los Rios,B,10,0,3.997254339863587
2017-08-21,31,LINGERIE,Babahoyo,Los Rios,B,10,0,4.318744703034853
2017-08-21,31,"LIQUOR,WINE,BEER",Babahoyo,Los Rios,B,10,0,11.051756653901577
2017-08-21,31,MAGAZINES,Babahoyo,Los Rios,B,10,0,1.218885418688064
2017-08-21,31,MEATS,Babahoyo,Los Rios,B,10,0,327.3086315510492
2017-08-21,31,PERSONAL CARE,Babahoyo,Los Rios,B,10,0,245.73201180543998
2017-08-21,31,PET SUPPLIES,Babahoyo,Los Rios,B,10,0,3.1579795298290927
2017-08-21,31,PLAYERS AND ELECTRONICS,Babahoyo,Los Rios,B,10,0,3.40559702309987
2017-08-21,31,POULTRY,Babahoyo,Los Rios,B,10,0,114.86085220808779
2017-08-21,31,PREPARED FOODS,Babahoyo,Los Rios,B,10,0,65.3910569239898
2017-08-21,31,PRODUCE,Babahoyo,Los Rios,B,10,0,1021.6065012915482
2017-08-21,31,SCHOOL AND OFFICE SUPPLIES,Babahoyo,Los Rios,B,10,0,0.7741744782768968
2017-08-21,31,SEAFOOD,Babahoyo,Los Rios,B,10,0,4.022827824178269
2017-08-21,32,AUTOMOTIVE,Guayaquil,Guayas,C,3,0,3.0083461339151247
2017-08-21,32,BABY CARE,Guayaquil,Guayas,C,3,0,1.2649848262847345
2017-08-21,32,BEAUTY,Guayaquil,Guayas,C,3,0,2.4409660716700596
2017-08-21,32,BEVERAGES,Guayaquil,Guayas,C,3,0,1072.1150500448496
2017-08-21,32,BOOKS,Guayaquil,Guayas,C,3,0,1.2649848262847345
2017-08-21,32,BREAD/BAKERY,Guayaquil,Guayas,C,3,0,123.08187889133411
2017-08-21,32,CELEBRATION,Guayaquil,Guayas,C,3,0,4.286756501475702
2017-08-21,32,CLEANING,Guayaquil,Guayas,C,3,0,521.0316882117041
2017-08-21,32,DAIRY,Guayaquil,Guayas,C,3,0,161.6370702403966
2017-08-21,32,DELI,Guayaquil,Guayas,C,3,0,87.24557167094181
2017-08-21,32,EGGS,Guayaquil,Guayas,C,3,0,382.6098569562062
2017-08-21,32,FROZEN FOODS,Guayaquil,Guayas,C,3,0,17.09840967543909
2017-08-21,32,GROCERY I,Guayaquil,Guayas,C,3,0,1719.799908588987
2017-08-21,32,GROCERY II,Guayaquil,Guayas,C,3,0,3.934249436946549
2017-08-21,32,HARDWARE,Guayaquil,Guayas,C,3,0,1.37447989230632
2017-08-21,32,HOME AND KITCHEN I,Guayaquil,Guayas,C,3,0,5.719044063873209
2017-08-21,32,HOME AND KITCHEN II,Guayaquil,Guayas,C,3,0,5.418020244795759
2017-08-21,32,HOME APPLIANCES,Guayaquil,Guayas,C,3,0,1.350307937757981
2017-08-21,32,HOME CARE,Guayaquil,Guayas,C,3,0,82.61301438767941
2017-08-21,32,LADIESWEAR,Guayaquil,Guayas,C,3,0,2.5379083557456164
2017-08-21,32,LAWN AND GARDEN,Guayaquil,Guayas,C,3,0,2.3191145469461945
2017-08-21,32,LINGERIE,Guayaquil,Guayas,C,3,0,3.0083461339151247
2017-08-21,32,"LIQUOR,WINE,BEER",Guayaquil,Guayas,C,3,0,19.96054954902365
2017-08-21,32,MAGAZINES,Guayaquil,Guayas,C,3,0,2.069270876167927
2017-08-21,32,MEATS,Guayaquil,Guayas,C,3,0,60.29873246157653
2017-08-21,32,PERSONAL CARE,Guayaquil,Guayas,C,3,0,59.248305329792785
2017-08-21,32,PET SUPPLIES,Guayaquil,Guayas,C,3,0,2.2375181705519163
2017-08-21,32,PLAYERS AND ELECTRONICS,Guayaquil,Guayas,C,3,0,3.132592682032838
2017-08-21,32,POULTRY,Guayaquil,Guayas,C,3,0,46.29662734452182
2017-08-21,32,PREPARED FOODS,Guayaquil,Guayas,C,3,0,15.494662272753216
2017-08-21,32,PRODUCE,Guayaquil,Guayas,C,3,0,203.18596893686131
2017-08-21,32,SCHOOL AND OFFICE SUPPLIES,Guayaquil,Guayas,C,3,0,1.2200380155322377
2017-08-21,32,SEAFOOD,Guayaquil,Guayas,C,3,0,3.147297409594386
2017-08-21,33,AUTOMOTIVE,Quevedo,Los Rios,C,3,0,4.4668610517107705
2017-08-21,33,BABY CARE,Quevedo,Los Rios,C,3,0,0.4451184548571439
2017-08-21,33,BEAUTY,Quevedo,Los Rios,C,3,0,1.999909568341524
2017-08-21,33,BEVERAGES,Quevedo,Los Rios,C,3,0,2252.1843593188755
2017-08-21,33,BOOKS,Quevedo,Los Rios,C,3,0,0.4451184548571439
2017-08-21,33,BREAD/BAKERY,Quevedo,Los Rios,C,3,0,244.8147570997281
2017-08-21,33,CELEBRATION,Quevedo,Los Rios,C,3,0,4.495349503725844
2017-08-21,33,CLEANING,Quevedo,Los Rios,C,3,0,961.1526538156824
2017-08-21,33,DAIRY,Quevedo,Los Rios,C,3,0,403.2135899000401
2017-08-21,33,DELI,Quevedo,Los Rios,C,3,0,161.93427383701794
2017-08-21,33,EGGS,Quevedo,Los Rios,C,3,0,460.73529956388006
2017-08-21,33,FROZEN FOODS,Quevedo,Los Rios,C,3,0,51.06494529502357
2017-08-21,33,GROCERY I,Quevedo,Los Rios,C,3,0,3027.730959838091
2017-08-21,33,GROCERY II,Quevedo,Los Rios,C,3,0,3.613965426909885
2017-08-21,33,HARDWARE,Quevedo,Los Rios,C,3,0,0.5530167183757319
2017-08-21,33,HOME AND KITCHEN I,Quevedo,Los Rios,C,3,0,30.881239582337873
2017-08-21,33,HOME AND KITCHEN II,Quevedo,Los Rios,C,3,0,18.520903174048637
2017-08-21,33,HOME APPLIANCES,Quevedo,Los Rios,C,3,0,0.4183333466540556
2017-08-21,33,HOME CARE,Quevedo,Los Rios,C,3,0,217.73241322137372
2017-08-21,33,LADIESWEAR,Quevedo,Los Rios,C,3,0,2.11678320230141
2017-08-21,33,LAWN AND GARDEN,Quevedo,Los Rios,C,3,0,1.4740840429870035
2017-08-21,33,LINGERIE,Quevedo,Los Rios,C,3,0,8.169532868731427
2017-08-21,33,"LIQUOR,WINE,BEER",Quevedo,Los Rios,C,3,0,23.324639079913965
2017-08-21,33,MAGAZINES,Quevedo,Los Rios,C,3,0,1.455415818482415
2017-08-21,33,MEATS,Quevedo,Los Rios,C,3,0,247.34218402037936
2017-08-21,33,PERSONAL CARE,Quevedo,Los Rios,C,3,0,211.87634440392688
2017-08-21,33,PET SUPPLIES,Quevedo,Los Rios,C,3,0,1.9720479614683888
2017-08-21,33,PLAYERS AND ELECTRONICS,Quevedo,Los Rios,C,3,0,2.2555912964011604
2017-08-21,33,POULTRY,Quevedo,Los Rios,C,3,0,201.7034356941633
2017-08-21,33,PREPARED FOODS,Quevedo,Los Rios,C,3,0,27.68287100630476
2017-08-21,33,PRODUCE,Quevedo,Los Rios,C,3,0,1162.230475647705
2017-08-21,33,SCHOOL AND OFFICE SUPPLIES,Quevedo,Los Rios,C,3,0,0.4001716441046472
2017-08-21,33,SEAFOOD,Quevedo,Los Rios,C,3,0,1.7309113822232407
2017-08-21,34,AUTOMOTIVE,Guayaquil,Guayas,B,6,0,5.0479455584858535
2017-08-21,34,BABY CARE,Guayaquil,Guayas,B,6,0,1.640666750297568
2017-08-21,34,BEAUTY,Guayaquil,Guayas,B,6,0,2.5837274668253087
2017-08-21,34,BEVERAGES,Guayaquil,Guayas,B,6,0,2460.664219953931
2017-08-21,34,BOOKS,Guayaquil,Guayas,B,6,0,1.5285585306212357
2017-08-21,34,BREAD/BAKERY,Guayaquil,Guayas,B,6,0,662.078425725418
2017-08-21,34,CELEBRATION,Guayaquil,Guayas,B,6,0,8.306033172845494
2017-08-21,34,CLEANING,Guayaquil,Guayas,B,6,0,846.969811424428
2017-08-21,34,DAIRY,Guayaquil,Guayas,B,6,0,629.6153523737851
2017-08-21,34,DELI,Guayaquil,Guayas,B,6,0,204.71711177278928
2017-08-21,34,EGGS,Guayaquil,Guayas,B,6,0,150.70700505780556
2017-08-21,34,FROZEN FOODS,Guayaquil,Guayas,B,6,0,55.2201815109857
2017-08-21,34,GROCERY I,Guayaquil,Guayas,B,6,0,3693.606371888705
2017-08-21,34,GROCERY II,Guayaquil,Guayas,B,6,0,8.736296167432398
2017-08-21,34,HARDWARE,Guayaquil,Guayas,B,6,0,2.341808943785384
2017-08-21,34,HOME AND KITCHEN I,Guayaquil,Guayas,B,6,0,21.48785472006301
2017-08-21,34,HOME AND KITCHEN II,Guayaquil,Guayas,B,6,0,34.1863230197635
2017-08-21,34,HOME APPLIANCES,Guayaquil,Guayas,B,6,0,1.5017734224181472
2017-08-21,34,HOME CARE,Guayaquil,Guayas,B,6,0,181.5555833161502
2017-08-21,34,LADIESWEAR,Guayaquil,Guayas,B,6,0,3.294907937948566
2017-08-21,34,LAWN AND GARDEN,Guayaquil,Guayas,B,6,0,4.926793768954557
2017-08-21,34,LINGERIE,Guayaquil,Guayas,B,6,0,3.650142952620811
2017-08-21,34,"LIQUOR,WINE,BEER",Guayaquil,Guayas,B,6,0,15.104693100553872
2017-08-21,34,MAGAZINES,Guayaquil,Guayas,B,6,0,3.279147492311243
2017-08-21,34,MEATS,Guayaquil,Guayas,B,6,0,174.6619967512646
2017-08-21,34,PERSONAL CARE,Guayaquil,Guayas,B,6,0,257.3598143670085
2017-08-21,34,PET SUPPLIES,Guayaquil,Guayas,B,6,0,4.490694377159169
2017-08-21,34,PLAYERS AND ELECTRONICS,Guayaquil,Guayas,B,6,0,5.329157709780892
2017-08-21,34,POULTRY,Guayaquil,Guayas,B,6,0,138.98788093596096
2017-08-21,34,PREPARED FOODS,Guayaquil,Guayas,B,6,0,28.757027050541453
2017-08-21,34,PRODUCE,Guayaquil,Guayas,B,6,0,601.429823012162
2017-08-21,34,SCHOOL AND OFFICE SUPPLIES,Guayaquil,Guayas,B,6,0,2.941272105393328
2017-08-21,34,SEAFOOD,Guayaquil,Guayas,B,6,0,3.164817835828747
2017-08-21,35,AUTOMOTIVE,Playas,Guayas,C,3,0,2.493655403757457
2017-08-21,35,BABY CARE,Playas,Guayas,C,3,0,0.2935997945327165
2017-08-21,35,BEAUTY,Playas,Guayas,C,3,0,1.2487092106933717
2017-08-21,35,BEVERAGES,Playas,Guayas,C,3,0,1474.9916691699962
2017-08-21,35,BOOKS,Playas,Guayas,C,3,0,0.2935997945327165
2017-08-21,35,BREAD/BAKERY,Playas,Guayas,C,3,0,118.55868888000515
2017-08-21,35,CELEBRATION,Playas,Guayas,C,3,0,2.2538454048468086
2017-08-21,35,CLEANING,Playas,Guayas,C,3,0,423.19732856999923
2017-08-21,35,DAIRY,Playas,Guayas,C,3,0,153.08210543231212
2017-08-21,35,DELI,Playas,Guayas,C,3,0,95.61351834776751
2017-08-21,35,EGGS,Playas,Guayas,C,3,0,188.24626282244452
2017-08-21,35,FROZEN FOODS,Playas,Guayas,C,3,0,47.770735004563676
2017-08-21,35,GROCERY I,Playas,Guayas,C,3,0,1951.4497989191973
2017-08-21,35,GROCERY II,Playas,Guayas,C,3,0,4.510482060347329
2017-08-21,35,HARDWARE,Playas,Guayas,C,3,0,0.6299388393351469
2017-08-21,35,HOME AND KITCHEN I,Playas,Guayas,C,3,0,8.891025887922655
2017-08-21,35,HOME AND KITCHEN II,Playas,Guayas,C,3,0,2.60373905287277
2017-08-21,35,HOME APPLIANCES,Playas,Guayas,C,3,0,0.4401915911990644
2017-08-21,35,HOME CARE,Playas,Guayas,C,3,0,98.95675793906956
2017-08-21,35,LADIESWEAR,Playas,Guayas,C,3,0,1.9204870430553707
2017-08-21,35,LAWN AND GARDEN,Playas,Guayas,C,3,0,1.2858356571069198
2017-08-21,35,LINGERIE,Playas,Guayas,C,3,0,1.7826693706510544
2017-08-21,35,"LIQUOR,WINE,BEER",Playas,Guayas,C,3,0,43.41441513281363
2017-08-21,35,MAGAZINES,Playas,Guayas,C,3,0,1.2837757557099247
2017-08-21,35,MEATS,Playas,Guayas,C,3,0,165.31153170269255
2017-08-21,35,PERSONAL CARE,Playas,Guayas,C,3,0,62.09539613727459
2017-08-21,35,PET SUPPLIES,Playas,Guayas,C,3,0,1.356523153525175
2017-08-21,35,PLAYERS AND ELECTRONICS,Playas,Guayas,C,3,0,1.903640192794446
2017-08-21,35,POULTRY,Playas,Guayas,C,3,0,43.71367114180973
2017-08-21,35,PREPARED FOODS,Playas,Guayas,C,3,0,22.940116576705183
2017-08-21,35,PRODUCE,Playas,Guayas,C,3,0,329.08176325648026
2017-08-21,35,SCHOOL AND OFFICE SUPPLIES,Playas,Guayas,C,3,0,0.24865298378021966
2017-08-21,35,SEAFOOD,Playas,Guayas,C,3,0,2.176016891260952
2017-08-21,36,AUTOMOTIVE,Libertad,Guayas,E,10,0,4.954245419765577
2017-08-21,36,BABY CARE,Libertad,Guayas,E,10,0,1.4348583919009594
2017-08-21,36,BEAUTY,Libertad,Guayas,E,10,0,2.314441033860026
2017-08-21,36,BEVERAGES,Libertad,Guayas,E,10,0,3206.7886466926534
2017-08-21,36,BOOKS,Libertad,Guayas,E,10,0,1.4348583919009594
2017-08-21,36,BREAD/BAKERY,Libertad,Guayas,E,10,0,519.0491800971405
2017-08-21,36,CELEBRATION,Libertad,Guayas,E,10,0,7.32975866205873
2017-08-21,36,CLEANING,Libertad,Guayas,E,10,0,688.8270306294972
2017-08-21,36,DAIRY,Libertad,Guayas,E,10,0,543.6600291242144
2017-08-21,36,DELI,Libertad,Guayas,E,10,0,168.37747582264242
2017-08-21,36,EGGS,Libertad,Guayas,E,10,0,134.1252031413459
2017-08-21,36,FROZEN FOODS,Libertad,Guayas,E,10,0,101.49583702349054
2017-08-21,36,GROCERY I,Libertad,Guayas,E,10,0,3377.5016560571075
2017-08-21,36,GROCERY II,Libertad,Guayas,E,10,0,7.15199264675533
2017-08-21,36,HARDWARE,Libertad,Guayas,E,10,0,1.5443534579225422
2017-08-21,36,HOME AND KITCHEN I,Libertad,Guayas,E,10,0,23.951617192334805
2017-08-21,36,HOME AND KITCHEN II,Libertad,Guayas,E,10,0,6.689740010734855
2017-08-21,36,HOME APPLIANCES,Libertad,Guayas,E,10,0,1.4080732836978709
2017-08-21,36,HOME CARE,Libertad,Guayas,E,10,0,192.3323230874109
2017-08-21,36,LADIESWEAR,Libertad,Guayas,E,10,0,2.6197945112703414
2017-08-21,36,LAWN AND GARDEN,Libertad,Guayas,E,10,0,20.861895323618654
2017-08-21,36,LINGERIE,Libertad,Guayas,E,10,0,3.161655991302637
2017-08-21,36,"LIQUOR,WINE,BEER",Libertad,Guayas,E,10,0,64.39196757815859
2017-08-21,36,MAGAZINES,Libertad,Guayas,E,10,0,2.682601810564538
2017-08-21,36,MEATS,Libertad,Guayas,E,10,0,217.31378547222053
2017-08-21,36,PERSONAL CARE,Libertad,Guayas,E,10,0,185.00942251320927
2017-08-21,36,PET SUPPLIES,Libertad,Guayas,E,10,0,4.715649820825876
2017-08-21,36,PLAYERS AND ELECTRONICS,Libertad,Guayas,E,10,0,3.0388925433125604
2017-08-21,36,POULTRY,Libertad,Guayas,E,10,0,112.67817585959781
2017-08-21,36,PREPARED FOODS,Libertad,Guayas,E,10,0,37.41706442052711
2017-08-21,36,PRODUCE,Libertad,Guayas,E,10,0,1085.9805103421736
2017-08-21,36,SCHOOL AND OFFICE SUPPLIES,Libertad,Guayas,E,10,0,1.9087815413434777
2017-08-21,36,SEAFOOD,Libertad,Guayas,E,10,0,2.7604137837262126
2017-08-21,37,AUTOMOTIVE,Cuenca,Azuay,D,2,0,3.067071232929509
2017-08-21,37,BABY CARE,Cuenca,Azuay,D,2,0,1.3966165773391346
2017-08-21,37,BEAUTY,Cuenca,Azuay,D,2,0,4.957323963394387
2017-08-21,37,BEVERAGES,Cuenca,Azuay,D,2,0,2312.3224242077617
2017-08-21,37,BOOKS,Cuenca,Azuay,D,2,0,1.3966165773391346
2017-08-21,37,BREAD/BAKERY,Cuenca,Azuay,D,2,0,504.10225888216917
2017-08-21,37,CELEBRATION,Cuenca,Azuay,D,2,0,4.737204715003678
2017-08-21,37,CLEANING,Cuenca,Azuay,D,2,0,792.1827033162311
2017-08-21,37,DAIRY,Cuenca,Azuay,D,2,0,830.8273195396293
2017-08-21,37,DELI,Cuenca,Azuay,D,2,0,131.5671081875606
2017-08-21,37,EGGS,Cuenca,Azuay,D,2,0,113.20649151067627
2017-08-21,37,FROZEN FOODS,Cuenca,Azuay,D,2,0,90.4572277754852
2017-08-21,37,GROCERY I,Cuenca,Azuay,D,2,0,3303.66411618594
2017-08-21,37,GROCERY II,Cuenca,Azuay,D,2,0,33.945720847930595
2017-08-21,37,HARDWARE,Cuenca,Azuay,D,2,0,1.9286633188346305
2017-08-21,37,HOME AND KITCHEN I,Cuenca,Azuay,D,2,0,32.990180410468895
2017-08-21,37,HOME AND KITCHEN II,Cuenca,Azuay,D,2,0,19.50159581122109
2017-08-21,37,HOME APPLIANCES,Cuenca,Azuay,D,2,0,1.369831469136046
2017-08-21,37,HOME CARE,Cuenca,Azuay,D,2,0,201.07533137435237
2017-08-21,37,LADIESWEAR,Cuenca,Azuay,D,2,0,20.598984350475952
2017-08-21,37,LAWN AND GARDEN,Cuenca,Azuay,D,2,0,16.127003908894135
2017-08-21,37,LINGERIE,Cuenca,Azuay,D,2,0,2.8883839961122666
2017-08-21,37,"LIQUOR,WINE,BEER",Cuenca,Azuay,D,2,0,74.80020500539047
2017-08-21,37,MAGAZINES,Cuenca,Azuay,D,2,0,9.523180005449015
2017-08-21,37,MEATS,Cuenca,Azuay,D,2,0,186.83360576885264
2017-08-21,37,PERSONAL CARE,Cuenca,Azuay,D,2,0,249.09531259174022
2017-08-21,37,PET SUPPLIES,Cuenca,Azuay,D,2,0,7.827218798347241
2017-08-21,37,PLAYERS AND ELECTRONICS,Cuenca,Azuay,D,2,0,11.906882322710205
2017-08-21,37,POULTRY,Cuenca,Azuay,D,2,0,231.5297306192019
2017-08-21,37,PREPARED FOODS,Cuenca,Azuay,D,2,0,64.77406441130402
2017-08-21,37,PRODUCE,Cuenca,Azuay,D,2,0,2292.6710380839854
2017-08-21,37,SCHOOL AND OFFICE SUPPLIES,Cuenca,Azuay,D,2,0,1.3516697665866377
2017-08-21,37,SEAFOOD,Cuenca,Azuay,D,2,0,9.894175465758588
2017-08-21,38,AUTOMOTIVE,Loja,Loja,D,4,0,4.048896021707415
2017-08-21,38,BABY CARE,Loja,Loja,D,4,0,0.7136853396799491
2017-08-21,38,BEAUTY,Loja,Loja,D,4,0,5.308342202723595
2017-08-21,38,BEVERAGES,Loja,Loja,D,4,0,1840.2389806422548
2017-08-21,38,BOOKS,Loja,Loja,D,4,0,0.7136853396799491
2017-08-21,38,BREAD/BAKERY,Loja,Loja,D,4,0,443.68608359423445
2017-08-21,38,CELEBRATION,Loja,Loja,D,4,0,11.882271223617678
2017-08-21,38,CLEANING,Loja,Loja,D,4,0,818.3667515488536
2017-08-21,38,DAIRY,Loja,Loja,D,4,0,740.1744631259013
2017-08-21,38,DELI,Loja,Loja,D,4,0,137.46785304605575
2017-08-21,38,EGGS,Loja,Loja,D,4,0,83.68311284747361
2017-08-21,38,FROZEN FOODS,Loja,Loja,D,4,0,98.06729942850116
2017-08-21,38,GROCERY I,Loja,Loja,D,4,0,3254.093286970025
2017-08-21,38,GROCERY II,Loja,Loja,D,4,0,21.938472997499016
2017-08-21,38,HARDWARE,Loja,Loja,D,4,0,0.8467477357301391
2017-08-21,38,HOME AND KITCHEN I,Loja,Loja,D,4,0,37.93397104913318
2017-08-21,38,HOME AND KITCHEN II,Loja,Loja,D,4,0,30.722764610377588
2017-08-21,38,HOME APPLIANCES,Loja,Loja,D,4,0,0.4233265271403589
2017-08-21,38,HOME CARE,Loja,Loja,D,4,0,290.7412201514519
2017-08-21,38,LADIESWEAR,Loja,Loja,D,4,0,22.019255683222408
2017-08-21,38,LAWN AND GARDEN,Loja,Loja,D,4,0,9.659374368129804
2017-08-21,38,LINGERIE,Loja,Loja,D,4,0,5.578728658344775
2017-08-21,38,"LIQUOR,WINE,BEER",Loja,Loja,D,4,0,82.94229510560668
2017-08-21,38,MAGAZINES,Loja,Loja,D,4,0,9.409530697351531
2017-08-21,38,MEATS,Loja,Loja,D,4,0,168.8214177834074
2017-08-21,38,PERSONAL CARE,Loja,Loja,D,4,0,331.1563496750765
2017-08-21,38,PET SUPPLIES,Loja,Loja,D,4,0,5.280480595850457
2017-08-21,38,PLAYERS AND ELECTRONICS,Loja,Loja,D,4,0,7.01870147107801
2017-08-21,38,POULTRY,Loja,Loja,D,4,0,121.79087707802167
2017-08-21,38,PREPARED FOODS,Loja,Loja,D,4,0,76.01556876817331
2017-08-21,38,PRODUCE,Loja,Loja,D,4,0,1854.728697228681
2017-08-21,38,SCHOOL AND OFFICE SUPPLIES,Loja,Loja,D,4,0,11.073060241051133
2017-08-21,38,SEAFOOD,Loja,Loja,D,4,0,11.81785692994061
2017-08-21,39,AUTOMOTIVE,Cuenca,Azuay,B,6,0,5.651144189081736
2017-08-21,39,BABY CARE,Cuenca,Azuay,B,6,0,1.6843747977003636
2017-08-21,39,BEAUTY,Cuenca,Azuay,B,6,0,3.434734289590867
2017-08-21,39,BEVERAGES,Cuenca,Azuay,B,6,0,3557.041615428159
2017-08-21,39,BOOKS,Cuenca,Azuay,B,6,0,1.6843747977003636
2017-08-21,39,BREAD/BAKERY,Cuenca,Azuay,B,6,0,669.3615018314343
2017-08-21,39,CELEBRATION,Cuenca,Azuay,B,6,0,5.160638485069845
2017-08-21,39,CLEANING,Cuenca,Azuay,B,6,0,1277.9504720588714
2017-08-21,39,DAIRY,Cuenca,Azuay,B,6,0,609.6879039274133
2017-08-21,39,DELI,Cuenca,Azuay,B,6,0,180.48232497745207
2017-08-21,39,EGGS,Cuenca,Azuay,B,6,0,1650.984689732541
2017-08-21,39,FROZEN FOODS,Cuenca,Azuay,B,6,0,54.48782487936239
2017-08-21,39,GROCERY I,Cuenca,Azuay,B,6,0,4812.012785570189
2017-08-21,39,GROCERY II,Cuenca,Azuay,B,6,0,33.691542585005784
2017-08-21,39,HARDWARE,Cuenca,Azuay,B,6,0,2.081010898087054
2017-08-21,39,HOME AND KITCHEN I,Cuenca,Azuay,B,6,0,25.377232978708562
2017-08-21,39,HOME AND KITCHEN II,Cuenca,Azuay,B,6,0,13.329850172790255
2017-08-21,39,HOME APPLIANCES,Cuenca,Azuay,B,6,0,1.657589689497275
2017-08-21,39,HOME CARE,Cuenca,Azuay,B,6,0,335.3538013632761
2017-08-21,39,LADIESWEAR,Cuenca,Azuay,B,6,0,6.192577945029579
2017-08-21,39,LAWN AND GARDEN,Cuenca,Azuay,B,6,0,8.427748841376442
2017-08-21,39,LINGERIE,Cuenca,Azuay,B,6,0,5.651144189081736
2017-08-21,39,"LIQUOR,WINE,BEER",Cuenca,Azuay,B,6,0,47.81161286411873
2017-08-21,39,MAGAZINES,Cuenca,Azuay,B,6,0,5.0211456099398015
2017-08-21,39,MEATS,Cuenca,Azuay,B,6,0,150.37797927494898
2017-08-21,39,PERSONAL CARE,Cuenca,Azuay,B,6,0,292.1764402593612
2017-08-21,39,PET SUPPLIES,Cuenca,Azuay,B,6,0,4.929480275777062
2017-08-21,39,PLAYERS AND ELECTRONICS,Cuenca,Azuay,B,6,0,5.213023610709828
2017-08-21,39,POULTRY,Cuenca,Azuay,B,6,0,196.3070812659742
2017-08-21,39,PREPARED FOODS,Cuenca,Azuay,B,6,0,43.477168000073966
2017-08-21,39,PRODUCE,Cuenca,Azuay,B,6,0,1474.2020078777487
2017-08-21,39,SCHOOL AND OFFICE SUPPLIES,Cuenca,Azuay,B,6,0,4.906347500192264
2017-08-21,39,SEAFOOD,Cuenca,Azuay,B,6,0,11.182435751395438
2017-08-21,40,AUTOMOTIVE,Machala,El Oro,C,3,0,3.193454247593122
2017-08-21,40,BABY CARE,Machala,El Oro,C,3,0,1.4787880956608928
2017-08-21,40,BEAUTY,Machala,El Oro,C,3,0,2.7841165162926793
2017-08-21,40,BEVERAGES,Machala,El Oro,C,3,0,4720.795270908897
2017-08-21,40,BOOKS,Machala,El Oro,C,3,0,1.4787880956608928
2017-08-21,40,BREAD/BAKERY,Machala,El Oro,C,3,0,471.16077893806624
2017-08-21,40,CELEBRATION,Machala,El Oro,C,3,0,8.238605172310406
2017-08-21,40,CLEANING,Machala,El Oro,C,3,0,1573.5823324333367
2017-08-21,40,DAIRY,Machala,El Oro,C,3,0,660.8555951346561
2017-08-21,40,DELI,Machala,El Oro,C,3,0,261.9635198520913
2017-08-21,40,EGGS,Machala,El Oro,C,3,0,213.1617184052205
2017-08-21,40,FROZEN FOODS,Machala,El Oro,C,3,0,59.75257206611983
2017-08-21,40,GROCERY I,Machala,El Oro,C,3,0,5924.578425500701
2017-08-21,40,GROCERY II,Machala,El Oro,C,3,0,7.291849623474343
2017-08-21,40,HARDWARE,Machala,El Oro,C,3,0,2.526917057463383
2017-08-21,40,HOME AND KITCHEN I,Machala,El Oro,C,3,0,27.358358908339074
2017-08-21,40,HOME AND KITCHEN II,Machala,El Oro,C,3,0,22.516583902242367
2017-08-21,40,HOME APPLIANCES,Machala,El Oro,C,3,0,1.4520029874578042
2017-08-21,40,HOME CARE,Machala,El Oro,C,3,0,379.0920505774979
2017-08-21,40,LADIESWEAR,Machala,El Oro,C,3,0,2.927297919366777
2017-08-21,40,LAWN AND GARDEN,Machala,El Oro,C,3,0,2.532917816322356
2017-08-21,40,LINGERIE,Machala,El Oro,C,3,0,6.719513338338556
2017-08-21,40,"LIQUOR,WINE,BEER",Machala,El Oro,C,3,0,14.862620137742555
2017-08-21,40,MAGAZINES,Machala,El Oro,C,3,0,2.9305175077120817
2017-08-21,40,MEATS,Machala,El Oro,C,3,0,130.10917375519534
2017-08-21,40,PERSONAL CARE,Machala,El Oro,C,3,0,300.4553617550626
2017-08-21,40,PET SUPPLIES,Machala,El Oro,C,3,0,3.0032649055273324
2017-08-21,40,PLAYERS AND ELECTRONICS,Machala,El Oro,C,3,0,6.7048086107770075
2017-08-21,40,POULTRY,Machala,El Oro,C,3,0,156.082389296037
2017-08-21,40,PREPARED FOODS,Machala,El Oro,C,3,0,51.37361474615622
2017-08-21,40,PRODUCE,Machala,El Oro,C,3,0,1146.9818517264189
2017-08-21,40,SCHOOL AND OFFICE SUPPLIES,Machala,El Oro,C,3,0,1.433841284908396
2017-08-21,40,SEAFOOD,Machala,El Oro,C,3,0,5.390019275341178
2017-08-21,41,AUTOMOTIVE,Machala,El Oro,D,4,0,5.684564375340718
2017-08-21,41,BABY CARE,Machala,El Oro,D,4,0,1.5667117993124986
2017-08-21,41,BEAUTY,Machala,El Oro,D,4,0,8.345197168516693
2017-08-21,41,BEVERAGES,Machala,El Oro,D,4,0,1995.221184294481
2017-08-21,41,BOOKS,Machala,El Oro,D,4,0,1.5667117993124986
2017-08-21,41,BREAD/BAKERY,Machala,El Oro,D,4,0,467.8636369200107
2017-08-21,41,CELEBRATION,Machala,El Oro,D,4,0,7.046181868711575
2017-08-21,41,CLEANING,Machala,El Oro,D,4,0,911.9585562639251
2017-08-21,41,DAIRY,Machala,El Oro,D,4,0,728.2510927945267
2017-08-21,41,DELI,Machala,El Oro,D,4,0,198.70609753550738
2017-08-21,41,EGGS,Machala,El Oro,D,4,0,125.59581673150247
2017-08-21,41,FROZEN FOODS,Machala,El Oro,D,4,0,115.54908002694803
2017-08-21,41,GROCERY I,Machala,El Oro,D,4,0,3307.1852372438034
2017-08-21,41,GROCERY II,Machala,El Oro,D,4,0,29.642888798707695
2017-08-21,41,HARDWARE,Machala,El Oro,D,4,0,2.103483287397214
2017-08-21,41,HOME AND KITCHEN I,Machala,El Oro,D,4,0,25.58683367744685
2017-08-21,41,HOME AND KITCHEN II,Machala,El Oro,D,4,0,24.234979836317315
2017-08-21,41,HOME APPLIANCES,Machala,El Oro,D,4,0,1.53992669110941
2017-08-21,41,HOME CARE,Machala,El Oro,D,4,0,246.78723278806638
2017-08-21,41,LADIESWEAR,Machala,El Oro,D,4,0,22.736606593150018
2017-08-21,41,LAWN AND GARDEN,Machala,El Oro,D,4,0,10.287677751672065
2017-08-21,41,LINGERIE,Machala,El Oro,D,4,0,6.260153726610397
2017-08-21,41,"LIQUOR,WINE,BEER",Machala,El Oro,D,4,0,78.78196643582052
2017-08-21,41,MAGAZINES,Machala,El Oro,D,4,0,11.001627310616149
2017-08-21,41,MEATS,Machala,El Oro,D,4,0,216.50500081164932
2017-08-21,41,PERSONAL CARE,Machala,El Oro,D,4,0,299.0800308160938
2017-08-21,41,PET SUPPLIES,Machala,El Oro,D,4,0,14.186186584031285
2017-08-21,41,PLAYERS AND ELECTRONICS,Machala,El Oro,D,4,0,7.0862902159054935
2017-08-21,41,POULTRY,Machala,El Oro,D,4,0,199.504970560176
2017-08-21,41,PREPARED FOODS,Machala,El Oro,D,4,0,59.172000089964826
2017-08-21,41,PRODUCE,Machala,El Oro,D,4,0,1957.3546213163986
2017-08-21,41,SCHOOL AND OFFICE SUPPLIES,Machala,El Oro,D,4,0,1.9356125745289934
2017-08-21,41,SEAFOOD,Machala,El Oro,D,4,0,6.296079568272389
2017-08-21,42,AUTOMOTIVE,Cuenca,Azuay,D,2,0,4.67279042132661
2017-08-21,42,BABY CARE,Cuenca,Azuay,D,2,0,1.3966165773391346
2017-08-21,42,BEAUTY,Cuenca,Azuay,D,2,0,4.734246686224015
2017-08-21,42,BEVERAGES,Cuenca,Azuay,D,2,0,2296.8901151666373
2017-08-21,42,BOOKS,Cuenca,Azuay,D,2,0,1.3966165773391346
2017-08-21,42,BREAD/BAKERY,Cuenca,Azuay,D,2,0,476.47352985495445
2017-08-21,42,CELEBRATION,Cuenca,Azuay,D,2,0,5.903639905624312
2017-08-21,42,CLEANING,Cuenca,Azuay,D,2,0,698.4616581766795
2017-08-21,42,DAIRY,Cuenca,Azuay,D,2,0,773.3894678076845
2017-08-21,42,DELI,Cuenca,Azuay,D,2,0,140.7098600124108
2017-08-21,42,EGGS,Cuenca,Azuay,D,2,0,122.76085711342411
2017-08-21,42,FROZEN FOODS,Cuenca,Azuay,D,2,0,98.5538738404529
2017-08-21,42,GROCERY I,Cuenca,Azuay,D,2,0,2848.314487322503
2017-08-21,42,GROCERY II,Cuenca,Azuay,D,2,0,31.83924360824769
2017-08-21,42,HARDWARE,Cuenca,Azuay,D,2,0,1.9286633188346305
2017-08-21,42,HOME AND KITCHEN I,Cuenca,Azuay,D,2,0,39.459764737557656
2017-08-21,42,HOME AND KITCHEN II,Cuenca,Azuay,D,2,0,29.52371096457727
2017-08-21,42,HOME APPLIANCES,Cuenca,Azuay,D,2,0,1.369831469136046
2017-08-21,42,HOME CARE,Cuenca,Azuay,D,2,0,178.61722528731707
2017-08-21,42,LADIESWEAR,Cuenca,Azuay,D,2,0,11.493128412210408
2017-08-21,42,LAWN AND GARDEN,Cuenca,Azuay,D,2,0,28.1704233832294
2017-08-21,42,LINGERIE,Cuenca,Azuay,D,2,0,3.8282498751414673
2017-08-21,42,"LIQUOR,WINE,BEER",Cuenca,Azuay,D,2,0,47.290772012657456
2017-08-21,42,MAGAZINES,Cuenca,Azuay,D,2,0,6.153918158399787
2017-08-21,42,MEATS,Cuenca,Azuay,D,2,0,213.44448965320117
2017-08-21,42,PERSONAL CARE,Cuenca,Azuay,D,2,0,257.6805291528138
2017-08-21,42,PET SUPPLIES,Cuenca,Azuay,D,2,0,6.190739714553043
2017-08-21,42,PLAYERS AND ELECTRONICS,Cuenca,Azuay,D,2,0,5.824520884385695
2017-08-21,42,POULTRY,Cuenca,Azuay,D,2,0,202.38076355864135
2017-08-21,42,PREPARED FOODS,Cuenca,Azuay,D,2,0,37.901963283103264
2017-08-21,42,PRODUCE,Cuenca,Azuay,D,2,0,2274.515245231176
2017-08-21,42,SCHOOL AND OFFICE SUPPLIES,Cuenca,Azuay,D,2,0,1.447169663155379
2017-08-21,42,SEAFOOD,Cuenca,Azuay,D,2,0,9.795208751606916
2017-08-21,43,AUTOMOTIVE,Esmeraldas,Esmeraldas,E,10,0,5.1828410531592946
2017-08-21,43,BABY CARE,Esmeraldas,Esmeraldas,E,10,0,1.567875720078069
2017-08-21,43,BEAUTY,Esmeraldas,Esmeraldas,E,10,0,4.876528755876119
2017-08-21,43,BEVERAGES,Esmeraldas,Esmeraldas,E,10,0,4730.603429802173
2017-08-21,43,BOOKS,Esmeraldas,Esmeraldas,E,10,0,1.567875720078069
2017-08-21,43,BREAD/BAKERY,Esmeraldas,Esmeraldas,E,10,0,627.555563821086
2017-08-21,43,CELEBRATION,Esmeraldas,Esmeraldas,E,10,0,16.28394734244003
2017-08-21,43,CLEANING,Esmeraldas,Esmeraldas,E,10,0,1240.955889318671
2017-08-21,43,DAIRY,Esmeraldas,Esmeraldas,E,10,0,750.2452021647161
2017-08-21,43,DELI,Esmeraldas,Esmeraldas,E,10,0,279.53850554802113
2017-08-21,43,EGGS,Esmeraldas,Esmeraldas,E,10,0,370.3320732341222
2017-08-21,43,FROZEN FOODS,Esmeraldas,Esmeraldas,E,10,0,81.91349087911091
2017-08-21,43,GROCERY I,Esmeraldas,Esmeraldas,E,10,0,4773.801042089169
2017-08-21,43,GROCERY II,Esmeraldas,Esmeraldas,E,10,0,16.79186933389875
2017-08-21,43,HARDWARE,Esmeraldas,Esmeraldas,E,10,0,1.677370786099654
2017-08-21,43,HOME AND KITCHEN I,Esmeraldas,Esmeraldas,E,10,0,18.097310813453014
2017-08-21,43,HOME AND KITCHEN II,Esmeraldas,Esmeraldas,E,10,0,25.7512240697397
2017-08-21,43,HOME APPLIANCES,Esmeraldas,Esmeraldas,E,10,0,1.653198831551315
2017-08-21,43,HOME CARE,Esmeraldas,Esmeraldas,E,10,0,268.70125141528007
2017-08-21,43,LADIESWEAR,Esmeraldas,Esmeraldas,E,10,0,2.48172564863371
2017-08-21,43,LAWN AND GARDEN,Esmeraldas,Esmeraldas,E,10,0,5.944080865671693
2017-08-21,43,LINGERIE,Esmeraldas,Esmeraldas,E,10,0,3.1866145990512207
2017-08-21,43,"LIQUOR,WINE,BEER",Esmeraldas,Esmeraldas,E,10,0,78.04555870499168
2017-08-21,43,MAGAZINES,Esmeraldas,Esmeraldas,E,10,0,2.8156191387416523
2017-08-21,43,MEATS,Esmeraldas,Esmeraldas,E,10,0,213.17369232421728
2017-08-21,43,PERSONAL CARE,Esmeraldas,Esmeraldas,E,10,0,286.5960865804354
2017-08-21,43,PET SUPPLIES,Esmeraldas,Esmeraldas,E,10,0,4.480747552779035
2017-08-21,43,PLAYERS AND ELECTRONICS,Esmeraldas,Esmeraldas,E,10,0,3.2078357131516664
2017-08-21,43,POULTRY,Esmeraldas,Esmeraldas,E,10,0,227.60849129937193
2017-08-21,43,PREPARED FOODS,Esmeraldas,Esmeraldas,E,10,0,132.62885058953438
2017-08-21,43,PRODUCE,Esmeraldas,Esmeraldas,E,10,0,1208.4915097410874
2017-08-21,43,SCHOOL AND OFFICE SUPPLIES,Esmeraldas,Esmeraldas,E,10,0,2.4777437518237364
2017-08-21,43,SEAFOOD,Esmeraldas,Esmeraldas,E,10,0,2.893431111903325
2017-08-21,44,AUTOMOTIVE,Quito,Pichincha,A,5,0,13.827698145622392
2017-08-21,44,BABY CARE,Quito,Pichincha,A,5,0,0.9921222845401331
2017-08-21,44,BEAUTY,Quito,Pichincha,A,5,0,9.421092175654579
2017-08-21,44,BEVERAGES,Quito,Pichincha,A,5,0,8622.104840004537
2017-08-21,44,BOOKS,Quito,Pichincha,A,5,0,0.9921222845401331
2017-08-21,44,BREAD/BAKERY,Quito,Pichincha,A,5,0,1461.9670328740324
2017-08-21,44,CELEBRATION,Quito,Pichincha,A,5,0,20.08245954521426
2017-08-21,44,CLEANING,Quito,Pichincha,A,5,0,2084.334612410199
2017-08-21,44,DAIRY,Quito,Pichincha,A,5,0,2163.625754513718
2017-08-21,44,DELI,Quito,Pichincha,A,5,0,475.0045561900075
2017-08-21,44,EGGS,Quito,Pichincha,A,5,0,554.8931869502898
2017-08-21,44,FROZEN FOODS,Quito,Pichincha,A,5,0,354.6667343419262
2017-08-21,44,GROCERY I,Quito,Pichincha,A,5,0,8840.364006928903
2017-08-21,44,GROCERY II,Quito,Pichincha,A,5,0,76.62087967821869
2017-08-21,44,HARDWARE,Quito,Pichincha,A,5,0,2.6842544528442334
2017-08-21,44,HOME AND KITCHEN I,Quito,Pichincha,A,5,0,108.99371724198016
2017-08-21,44,HOME AND KITCHEN II,Quito,Pichincha,A,5,0,101.45623908242592
2017-08-21,44,HOME APPLIANCES,Quito,Pichincha,A,5,0,0.9653371763370447
2017-08-21,44,HOME CARE,Quito,Pichincha,A,5,0,589.8179487358608
2017-08-21,44,LADIESWEAR,Quito,Pichincha,A,5,0,26.94944365095474
2017-08-21,44,LAWN AND GARDEN,Quito,Pichincha,A,5,0,25.897623628802823
2017-08-21,44,LINGERIE,Quito,Pichincha,A,5,0,67.09014649184216
2017-08-21,44,"LIQUOR,WINE,BEER",Quito,Pichincha,A,5,0,226.41715443568947
2017-08-21,44,MAGAZINES,Quito,Pichincha,A,5,0,24.384641277790873
2017-08-21,44,MEATS,Quito,Pichincha,A,5,0,760.1916781381917
2017-08-21,44,PERSONAL CARE,Quito,Pichincha,A,5,0,514.0676100752464
2017-08-21,44,PET SUPPLIES,Quito,Pichincha,A,5,0,31.378383245338718
2017-08-21,44,PLAYERS AND ELECTRONICS,Quito,Pichincha,A,5,0,31.66192658027149
2017-08-21,44,POULTRY,Quito,Pichincha,A,5,0,1035.4977112618635
2017-08-21,44,PREPARED FOODS,Quito,Pichincha,A,5,0,292.26709709058747
2017-08-21,44,PRODUCE,Quito,Pichincha,A,5,0,9103.830422624756
2017-08-21,44,SCHOOL AND OFFICE SUPPLIES,Quito,Pichincha,A,5,0,338.16522024424336
2017-08-21,44,SEAFOOD,Quito,Pichincha,A,5,0,88.5385441749769
2017-08-21,45,AUTOMOTIVE,Quito,Pichincha,A,11,0,17.805343099269326
2017-08-21,45,BABY CARE,Quito,Pichincha,A,11,0,0.6042723152395112
2017-08-21,45,BEAUTY,Quito,Pichincha,A,11,0,13.16946172070059
2017-08-21,45,BEVERAGES,Quito,Pichincha,A,11,0,8169.594625777028
2017-08-21,45,BOOKS,Quito,Pichincha,A,11,0,0.6042723152395112
2017-08-21,45,BREAD/BAKERY,Quito,Pichincha,A,11,0,1107.7692320967992
2017-08-21,45,CELEBRATION,Quito,Pichincha,A,11,0,21.83643928005473
2017-08-21,45,CLEANING,Quito,Pichincha,A,11,0,2213.114429840892
2017-08-21,45,DAIRY,Quito,Pichincha,A,11,0,2015.5399852095115
2017-08-21,45,DELI,Quito,Pichincha,A,11,0,640.4462310079261
2017-08-21,45,EGGS,Quito,Pichincha,A,11,0,363.1397713500545
2017-08-21,45,FROZEN FOODS,Quito,Pichincha,A,11,0,291.8836867608341
2017-08-21,45,GROCERY I,Quito,Pichincha,A,11,0,8758.33451215506
2017-08-21,45,GROCERY II,Quito,Pichincha,A,11,0,107.46355672506843
2017-08-21,45,HARDWARE,Quito,Pichincha,A,11,0,1.147560933299769
2017-08-21,45,HOME AND KITCHEN I,Quito,Pichincha,A,11,0,69.41855097099814
2017-08-21,45,HOME AND KITCHEN II,Quito,Pichincha,A,11,0,75.7707770728976
2017-08-21,45,HOME APPLIANCES,Quito,Pichincha,A,11,0,0.6729871036051648
2017-08-21,45,HOME CARE,Quito,Pichincha,A,11,0,606.0837183010061
2017-08-21,45,LADIESWEAR,Quito,Pichincha,A,11,0,22.979497174747838
2017-08-21,45,LAWN AND GARDEN,Quito,Pichincha,A,11,0,25.333390842982592
2017-08-21,45,LINGERIE,Quito,Pichincha,A,11,0,6.681482071000927
2017-08-21,45,"LIQUOR,WINE,BEER",Quito,Pichincha,A,11,0,167.48630200928625
2017-08-21,45,MAGAZINES,Quito,Pichincha,A,11,0,22.648699847664194
2017-08-21,45,MEATS,Quito,Pichincha,A,11,0,1009.9981792245962
2017-08-21,45,PERSONAL CARE,Quito,Pichincha,A,11,0,679.7789760491618
2017-08-21,45,PET SUPPLIES,Quito,Pichincha,A,11,0,21.47377692388334
2017-08-21,45,PLAYERS AND ELECTRONICS,Quito,Pichincha,A,11,0,26.687508226548445
2017-08-21,45,POULTRY,Quito,Pichincha,A,11,0,1140.123950043911
2017-08-21,45,PREPARED FOODS,Quito,Pichincha,A,11,0,254.49513979940423
2017-08-21,45,PRODUCE,Quito,Pichincha,A,11,0,5632.708885505681
2017-08-21,45,SCHOOL AND OFFICE SUPPLIES,Quito,Pichincha,A,11,0,461.66109813907866
2017-08-21,45,SEAFOOD,Quito,Pichincha,A,11,0,90.34814229571542
2017-08-21,46,AUTOMOTIVE,Quito,Pichincha,A,14,0,13.439848176321773
2017-08-21,46,BABY CARE,Quito,Pichincha,A,14,0,0.6042723152395112
2017-08-21,46,BEAUTY,Quito,Pichincha,A,14,0,25.08373503766276
2017-08-21,46,BEVERAGES,Quito,Pichincha,A,14,0,4977.019756349637
2017-08-21,46,BOOKS,Quito,Pichincha,A,14,0,0.6042723152395112
2017-08-21,46,BREAD/BAKERY,Quito,Pichincha,A,14,0,832.1709714782576
2017-08-21,46,CELEBRATION,Quito,Pichincha,A,14,0,13.50426246999884
2017-08-21,46,CLEANING,Quito,Pichincha,A,14,0,1951.1890086730702
2017-08-21,46,DAIRY,Quito,Pichincha,A,14,0,1403.4876991604144
2017-08-21,46,DELI,Quito,Pichincha,A,14,0,707.2534197071509
2017-08-21,46,EGGS,Quito,Pichincha,A,14,0,143.5763553745835
2017-08-21,46,FROZEN FOODS,Quito,Pichincha,A,14,0,250.84039791536716
2017-08-21,46,GROCERY I,Quito,Pichincha,A,14,0,8404.299580039677
2017-08-21,46,GROCERY II,Quito,Pichincha,A,14,0,34.59496305118008
2017-08-21,46,HARDWARE,Quito,Pichincha,A,14,0,2.8989305570604706
2017-08-21,46,HOME AND KITCHEN I,Quito,Pichincha,A,14,0,49.597846021899215
2017-08-21,46,HOME AND KITCHEN II,Quito,Pichincha,A,14,0,21.882108635492976
2017-08-21,46,HOME APPLIANCES,Quito,Pichincha,A,14,0,0.6729871036051648
2017-08-21,46,HOME CARE,Quito,Pichincha,A,14,0,562.3200607246703
2017-08-21,46,LADIESWEAR,Quito,Pichincha,A,14,0,25.21350222082807
2017-08-21,46,LAWN AND GARDEN,Quito,Pichincha,A,14,0,23.985299382156537
2017-08-21,46,LINGERIE,Quito,Pichincha,A,14,0,8.421054289908652
2017-08-21,46,"LIQUOR,WINE,BEER",Quito,Pichincha,A,14,0,97.78601202761126
2017-08-21,46,MAGAZINES,Quito,Pichincha,A,14,0,15.829338725860191
2017-08-21,46,MEATS,Quito,Pichincha,A,14,0,947.5532042718909
2017-08-21,46,PERSONAL CARE,Quito,Pichincha,A,14,0,617.8323554876791
2017-08-21,46,PET SUPPLIES,Quito,Pichincha,A,14,0,21.47377692388334
2017-08-21,46,PLAYERS AND ELECTRONICS,Quito,Pichincha,A,14,0,29.38068825575765
2017-08-21,46,POULTRY,Quito,Pichincha,A,14,0,713.5611917635472
2017-08-21,46,PREPARED FOODS,Quito,Pichincha,A,14,0,125.39268749712946
2017-08-21,46,PRODUCE,Quito,Pichincha,A,14,0,2557.8649606392237
2017-08-21,46,SCHOOL AND OFFICE SUPPLIES,Quito,Pichincha,A,14,0,247.40065132644878
2017-08-21,46,SEAFOOD,Quito,Pichincha,A,14,0,44.44880564876412
2017-08-21,47,AUTOMOTIVE,Quito,Pichincha,A,14,0,14.697738048010484
2017-08-21,47,BABY CARE,Quito,Pichincha,A,14,0,0.6042723152395112
2017-08-21,47,BEAUTY,Quito,Pichincha,A,14,0,22.749308852352577
2017-08-21,47,BEVERAGES,Quito,Pichincha,A,14,0,8027.3653436591585
2017-08-21,47,BOOKS,Quito,Pichincha,A,14,0,0.6042723152395112
2017-08-21,47,BREAD/BAKERY,Quito,Pichincha,A,14,0,1097.5832073091215
2017-08-21,47,CELEBRATION,Quito,Pichincha,A,14,0,19.694609575913635
2017-08-21,47,CLEANING,Quito,Pichincha,A,14,0,2092.313912457683
2017-08-21,47,DAIRY,Quito,Pichincha,A,14,0,1861.9994048302894
2017-08-21,47,DELI,Quito,Pichincha,A,14,0,586.2078420935633
2017-08-21,47,EGGS,Quito,Pichincha,A,14,0,327.9224447339148
2017-08-21,47,FROZEN FOODS,Quito,Pichincha,A,14,0,220.27233533205157
2017-08-21,47,GROCERY I,Quito,Pichincha,A,14,0,8799.857602059325
2017-08-21,47,GROCERY II,Quito,Pichincha,A,14,0,34.59496305118008
2017-08-21,47,HARDWARE,Quito,Pichincha,A,14,0,0.8727453523985039
2017-08-21,47,HOME AND KITCHEN I,Quito,Pichincha,A,14,0,76.17516085509043
2017-08-21,47,HOME AND KITCHEN II,Quito,Pichincha,A,14,0,58.05810181254752
2017-08-21,47,HOME APPLIANCES,Quito,Pichincha,A,14,0,0.848573397850165
2017-08-21,47,HOME CARE,Quito,Pichincha,A,14,0,563.8545620689478
2017-08-21,47,LADIESWEAR,Quito,Pichincha,A,14,0,19.806553530954584
2017-08-21,47,LAWN AND GARDEN,Quito,Pichincha,A,14,0,28.474449519791854
2017-08-21,47,LINGERIE,Quito,Pichincha,A,14,0,20.323686712785154
2017-08-21,47,"LIQUOR,WINE,BEER",Quito,Pichincha,A,14,0,152.03972714342686
2017-08-21,47,MAGAZINES,Quito,Pichincha,A,14,0,17.43434763895976
2017-08-21,47,MEATS,Quito,Pichincha,A,14,0,791.7680185233244
2017-08-21,47,PERSONAL CARE,Quito,Pichincha,A,14,0,628.0824665483746
2017-08-21,47,PET SUPPLIES,Quito,Pichincha,A,14,0,21.47377692388334
2017-08-21,47,PLAYERS AND ELECTRONICS,Quito,Pichincha,A,14,0,21.75732025881611
2017-08-21,47,POULTRY,Quito,Pichincha,A,14,0,1142.9061552161359
2017-08-21,47,PREPARED FOODS,Quito,Pichincha,A,14,0,247.01819425169174
2017-08-21,47,PRODUCE,Quito,Pichincha,A,14,0,5147.642317283722
2017-08-21,47,SCHOOL AND OFFICE SUPPLIES,Quito,Pichincha,A,14,0,368.8098642523213
2017-08-21,47,SEAFOOD,Quito,Pichincha,A,14,0,61.949480225571435
2017-08-21,48,AUTOMOTIVE,Quito,Pichincha,A,14,0,9.994965596943798
2017-08-21,48,BABY CARE,Quito,Pichincha,A,14,0,0.6042723152395112
2017-08-21,48,BEAUTY,Quito,Pichincha,A,14,0,21.501638530756473
2017-08-21,48,BEVERAGES,Quito,Pichincha,A,14,0,3873.304483570321
2017-08-21,48,BOOKS,Quito,Pichincha,A,14,0,0.6042723152395112
2017-08-21,48,BREAD/BAKERY,Quito,Pichincha,A,14,0,818.2711836207282
2017-08-21,48,CELEBRATION,Quito,Pichincha,A,14,0,22.058878838302103
2017-08-21,48,CLEANING,Quito,Pichincha,A,14,0,1833.689738966088
2017-08-21,48,DAIRY,Quito,Pichincha,A,14,0,1128.6111230380127
2017-08-21,48,DELI,Quito,Pichincha,A,14,0,544.2341498801856
2017-08-21,48,EGGS,Quito,Pichincha,A,14,0,116.88817284364346
2017-08-21,48,FROZEN FOODS,Quito,Pichincha,A,14,0,187.60699711603144
2017-08-21,48,GROCERY I,Quito,Pichincha,A,14,0,7633.58189628529
2017-08-21,48,GROCERY II,Quito,Pichincha,A,14,0,33.88437527578175
2017-08-21,48,HARDWARE,Quito,Pichincha,A,14,0,0.6016591615847623
2017-08-21,48,HOME AND KITCHEN I,Quito,Pichincha,A,14,0,28.52290428825389
2017-08-21,48,HOME AND KITCHEN II,Quito,Pichincha,A,14,0,57.89288895633708
2017-08-21,48,HOME APPLIANCES,Quito,Pichincha,A,14,0,0.5774872070364229
2017-08-21,48,HOME CARE,Quito,Pichincha,A,14,0,504.89578506865587
2017-08-21,48,LADIESWEAR,Quito,Pichincha,A,14,0,21.631405713921783
2017-08-21,48,LAWN AND GARDEN,Quito,Pichincha,A,14,0,11.192318088125608
2017-08-21,48,LINGERIE,Quito,Pichincha,A,14,0,2.9629416736733423
2017-08-21,48,"LIQUOR,WINE,BEER",Quito,Pichincha,A,14,0,87.92224147220068
2017-08-21,48,MAGAZINES,Quito,Pichincha,A,14,0,5.6247986039292375
2017-08-21,48,MEATS,Quito,Pichincha,A,14,0,844.7785591275497
2017-08-21,48,PERSONAL CARE,Quito,Pichincha,A,14,0,656.2507018875821
2017-08-21,48,PET SUPPLIES,Quito,Pichincha,A,14,0,21.47377692388334
2017-08-21,48,PLAYERS AND ELECTRONICS,Quito,Pichincha,A,14,0,21.75732025881611
2017-08-21,48,POULTRY,Quito,Pichincha,A,14,0,789.5354243486568
2017-08-21,48,PREPARED FOODS,Quito,Pichincha,A,14,0,92.72436605014205
2017-08-21,48,PRODUCE,Quito,Pichincha,A,14,0,1736.035423360508
2017-08-21,48,SCHOOL AND OFFICE SUPPLIES,Quito,Pichincha,A,14,0,326.45811739698297
2017-08-21,48,SEAFOOD,Quito,Pichincha,A,14,0,21.772024986377655
2017-08-21,49,AUTOMOTIVE,Quito,Pichincha,A,11,0,8.421054289908652
2017-08-21,49,BABY CARE,Quito,Pichincha,A,11,0,0.6042723152395112
2017-08-21,49,BEAUTY,Quito,Pichincha,A,11,0,15.92994773054854
2017-08-21,49,BEVERAGES,Quito,Pichincha,A,11,0,6974.104066330608
2017-08-21,49,BOOKS,Quito,Pichincha,A,11,0,0.6042723152395112
2017-08-21,49,BREAD/BAKERY,Quito,Pichincha,A,11,0,1144.5415883364428
2017-08-21,49,CELEBRATION,Quito,Pichincha,A,11,0,20.942279897509717
2017-08-21,49,CLEANING,Quito,Pichincha,A,11,0,1809.3098862403233
2017-08-21,49,DAIRY,Quito,Pichincha,A,11,0,2049.2055399438846
2017-08-21,49,DELI,Quito,Pichincha,A,11,0,410.3333996033901
2017-08-21,49,EGGS,Quito,Pichincha,A,11,0,437.4164809512201
2017-08-21,49,FROZEN FOODS,Quito,Pichincha,A,11,0,295.7606858033268
2017-08-21,49,GROCERY I,Quito,Pichincha,A,11,0,8158.4142277376
2017-08-21,49,GROCERY II,Quito,Pichincha,A,11,0,79.73845315720068
2017-08-21,49,HARDWARE,Quito,Pichincha,A,11,0,0.8727453523985039
2017-08-21,49,HOME AND KITCHEN I,Quito,Pichincha,A,11,0,51.543234763839166
2017-08-21,49,HOME AND KITCHEN II,Quito,Pichincha,A,11,0,49.156690898029005
2017-08-21,49,HOME APPLIANCES,Quito,Pichincha,A,11,0,0.5774872070364229
2017-08-21,49,HOME CARE,Quito,Pichincha,A,11,0,449.0698109817899
2017-08-21,49,LADIESWEAR,Quito,Pichincha,A,11,0,11.172850605201036
2017-08-21,49,LAWN AND GARDEN,Quito,Pichincha,A,11,0,29.779429740611803
2017-08-21,49,LINGERIE,Quito,Pichincha,A,11,0,5.995794064238806
2017-08-21,49,"LIQUOR,WINE,BEER",Quito,Pichincha,A,11,0,182.47303818800984
2017-08-21,49,MAGAZINES,Quito,Pichincha,A,11,0,18.782439099785815
2017-08-21,49,MEATS,Quito,Pichincha,A,11,0,766.3994894502781
2017-08-21,49,PERSONAL CARE,Quito,Pichincha,A,11,0,521.8608642096676
2017-08-21,49,PET SUPPLIES,Quito,Pichincha,A,11,0,18.754765358371127
2017-08-21,49,PLAYERS AND ELECTRONICS,Quito,Pichincha,A,11,0,26.687508226548445
2017-08-21,49,POULTRY,Quito,Pichincha,A,11,0,1052.5858539800088
2017-08-21,49,PREPARED FOODS,Quito,Pichincha,A,11,0,215.24397691353232
2017-08-21,49,PRODUCE,Quito,Pichincha,A,11,0,7901.7288674689535
2017-08-21,49,SCHOOL AND OFFICE SUPPLIES,Quito,Pichincha,A,11,0,245.21678142381305
2017-08-21,49,SEAFOOD,Quito,Pichincha,A,11,0,66.30750926076861
2017-08-21,50,AUTOMOTIVE,Ambato,Tungurahua,A,14,0,10.030698627136323
2017-08-21,50,BABY CARE,Ambato,Tungurahua,A,14,0,1.2951215872540125
2017-08-21,50,BEAUTY,Ambato,Tungurahua,A,14,0,15.190347399212477
2017-08-21,50,BEVERAGES,Ambato,Tungurahua,A,14,0,3904.728815373828
2017-08-21,50,BOOKS,Ambato,Tungurahua,A,14,0,1.2951215872540125
2017-08-21,50,BREAD/BAKERY,Ambato,Tungurahua,A,14,0,562.3369495469757
2017-08-21,50,CELEBRATION,Ambato,Tungurahua,A,14,0,28.87471162299341
2017-08-21,50,CLEANING,Ambato,Tungurahua,A,14,0,1553.9944491940269
2017-08-21,50,DAIRY,Ambato,Tungurahua,A,14,0,1077.3648780066876
2017-08-21,50,DELI,Ambato,Tungurahua,A,14,0,408.2732551461223
2017-08-21,50,EGGS,Ambato,Tungurahua,A,14,0,107.0258944993289
2017-08-21,50,FROZEN FOODS,Ambato,Tungurahua,A,14,0,141.23378502525014
2017-08-21,50,GROCERY I,Ambato,Tungurahua,A,14,0,6153.765780039144
2017-08-21,50,GROCERY II,Ambato,Tungurahua,A,14,0,75.04795244311548
2017-08-21,50,HARDWARE,Ambato,Tungurahua,A,14,0,1.869336935420689
2017-08-21,50,HOME AND KITCHEN I,Ambato,Tungurahua,A,14,0,70.430987352802
2017-08-21,50,HOME AND KITCHEN II,Ambato,Tungurahua,A,14,0,28.120589304435608
2017-08-21,50,HOME APPLIANCES,Ambato,Tungurahua,A,14,0,1.268336479050924
2017-08-21,50,HOME CARE,Ambato,Tungurahua,A,14,0,405.78593968245667
2017-08-21,50,LADIESWEAR,Ambato,Tungurahua,A,14,0,9.043430824275951
2017-08-21,50,LAWN AND GARDEN,Ambato,Tungurahua,A,14,0,7.323326088292813
2017-08-21,50,LINGERIE,Ambato,Tungurahua,A,14,0,4.388116017567983
2017-08-21,50,"LIQUOR,WINE,BEER",Ambato,Tungurahua,A,14,0,108.04214572136327
2017-08-21,50,MAGAZINES,Ambato,Tungurahua,A,14,0,11.822007307153594
2017-08-21,50,MEATS,Ambato,Tungurahua,A,14,0,521.5861356456626
2017-08-21,50,PERSONAL CARE,Ambato,Tungurahua,A,14,0,521.3427872143267
2017-08-21,50,PET SUPPLIES,Ambato,Tungurahua,A,14,0,12.5860916399375
2017-08-21,50,PLAYERS AND ELECTRONICS,Ambato,Tungurahua,A,14,0,23.868407526465344
2017-08-21,50,POULTRY,Ambato,Tungurahua,A,14,0,405.269957677911
2017-08-21,50,PREPARED FOODS,Ambato,Tungurahua,A,14,0,88.72897666568117
2017-08-21,50,PRODUCE,Ambato,Tungurahua,A,14,0,2001.403056206176
2017-08-21,50,SCHOOL AND OFFICE SUPPLIES,Ambato,Tungurahua,A,14,0,295.06560138395173
2017-08-21,50,SEAFOOD,Ambato,Tungurahua,A,14,0,20.710168610233634
2017-08-21,51,AUTOMOTIVE,Guayaquil,Guayas,A,17,0,5.862072760973028
2017-08-21,51,BABY CARE,Guayaquil,Guayas,A,17,0,1.2033198523597055
2017-08-21,51,BEAUTY,Guayaquil,Guayas,A,17,0,3.9662753634979073
2017-08-21,51,BEVERAGES,Guayaquil,Guayas,A,17,0,4271.269199438272
2017-08-21,51,BOOKS,Guayaquil,Guayas,A,17,0,1.2033198523597055
2017-08-21,51,BREAD/BAKERY,Guayaquil,Guayas,A,17,0,890.9042261051682
2017-08-21,51,CELEBRATION,Guayaquil,Guayas,A,17,0,10.12828455396642
2017-08-21,51,CLEANING,Guayaquil,Guayas,A,17,0,1323.304393625121
2017-08-21,51,DAIRY,Guayaquil,Guayas,A,17,0,1496.7405774736817
2017-08-21,51,DELI,Guayaquil,Guayas,A,17,0,249.843310606865
2017-08-21,51,EGGS,Guayaquil,Guayas,A,17,0,333.2963291460055
2017-08-21,51,FROZEN FOODS,Guayaquil,Guayas,A,17,0,216.20762939561433
2017-08-21,51,GROCERY I,Guayaquil,Guayas,A,17,0,4838.452346102386
2017-08-21,51,GROCERY II,Guayaquil,Guayas,A,17,0,45.96892223502482
2017-08-21,51,HARDWARE,Guayaquil,Guayas,A,17,0,2.6379642565142647
2017-08-21,51,HOME AND KITCHEN I,Guayaquil,Guayas,A,17,0,27.219195762266967
2017-08-21,51,HOME AND KITCHEN II,Guayaquil,Guayas,A,17,0,50.51996589001703
2017-08-21,51,HOME APPLIANCES,Guayaquil,Guayas,A,17,0,1.176534744156617
2017-08-21,51,HOME CARE,Guayaquil,Guayas,A,17,0,304.31913497188805
2017-08-21,51,LADIESWEAR,Guayaquil,Guayas,A,17,0,5.771578799522924
2017-08-21,51,LAWN AND GARDEN,Guayaquil,Guayas,A,17,0,37.087936540351535
2017-08-21,51,LINGERIE,Guayaquil,Guayas,A,17,0,5.214631726379366
2017-08-21,51,"LIQUOR,WINE,BEER",Guayaquil,Guayas,A,17,0,98.07995403532928
2017-08-21,51,MAGAZINES,Guayaquil,Guayas,A,17,0,12.42154250722794
2017-08-21,51,MEATS,Guayaquil,Guayas,A,17,0,546.7047044507522
2017-08-21,51,PERSONAL CARE,Guayaquil,Guayas,A,17,0,282.15464951235714
2017-08-21,51,PET SUPPLIES,Guayaquil,Guayas,A,17,0,20.003141291671117
2017-08-21,51,PLAYERS AND ELECTRONICS,Guayaquil,Guayas,A,17,0,12.086496305007309
2017-08-21,51,POULTRY,Guayaquil,Guayas,A,17,0,730.6018948140611
2017-08-21,51,PREPARED FOODS,Guayaquil,Guayas,A,17,0,119.30325719456368
2017-08-21,51,PRODUCE,Guayaquil,Guayas,A,17,0,4803.819211439425
2017-08-21,51,SCHOOL AND OFFICE SUPPLIES,Guayaquil,Guayas,A,17,0,1.3339593358522108
2017-08-21,51,SEAFOOD,Guayaquil,Guayas,A,17,0,38.78021621639076
2017-08-21,52,AUTOMOTIVE,Manta,Manabi,A,11,0,7.529558969443716
2017-08-21,52,BABY CARE,Manta,Manabi,A,11,0,0.26278945183177427
2017-08-21,52,BEAUTY,Manta,Manabi,A,11,0,4.103169726788504
2017-08-21,52,BEVERAGES,Manta,Manabi,A,11,0,3838.74574835462
2017-08-21,52,BOOKS,Manta,Manabi,A,11,0,0.26278945183177427
2017-08-21,52,BREAD/BAKERY,Manta,Manabi,A,11,0,831.3488367500288
2017-08-21,52,CELEBRATION,Manta,Manabi,A,11,0,13.298455156296042
2017-08-21,52,CLEANING,Manta,Manabi,A,11,0,1320.3929679513603
2017-08-21,52,DAIRY,Manta,Manabi,A,11,0,1105.3080778624342
2017-08-21,52,DELI,Manta,Manabi,A,11,0,300.28199233778383
2017-08-21,52,EGGS,Manta,Manabi,A,11,0,219.58753163755145
2017-08-21,52,FROZEN FOODS,Manta,Manabi,A,11,0,278.3642656468775
2017-08-21,52,GROCERY I,Manta,Manabi,A,11,0,5177.367547671645
2017-08-21,52,GROCERY II,Manta,Manabi,A,11,0,30.283044727440597
2017-08-21,52,HARDWARE,Manta,Manabi,A,11,0,1.0982253215105922
2017-08-21,52,HOME AND KITCHEN I,Manta,Manabi,A,11,0,48.72374069326058
2017-08-21,52,HOME AND KITCHEN II,Manta,Manabi,A,11,0,35.75461101916313
2017-08-21,52,HOME APPLIANCES,Manta,Manabi,A,11,0,0.2360043436286859
2017-08-21,52,HOME CARE,Manta,Manabi,A,11,0,306.34147387666553
2017-08-21,52,LADIESWEAR,Manta,Manabi,A,11,0,8.074627703749966
2017-08-21,52,LAWN AND GARDEN,Manta,Manabi,A,11,0,45.939634701050615
2017-08-21,52,LINGERIE,Manta,Manabi,A,11,0,8.215246976205853
2017-08-21,52,"LIQUOR,WINE,BEER",Manta,Manabi,A,11,0,187.32694417962384
2017-08-21,52,MAGAZINES,Manta,Manabi,A,11,0,10.853204186627623
2017-08-21,52,MEATS,Manta,Manabi,A,11,0,386.59642606800736
2017-08-21,52,PERSONAL CARE,Manta,Manabi,A,11,0,319.21275305386746
2017-08-21,52,PET SUPPLIES,Manta,Manabi,A,11,0,14.193682671813368
2017-08-21,52,PLAYERS AND ELECTRONICS,Manta,Manabi,A,11,0,21.55151294511331
2017-08-21,52,POULTRY,Manta,Manabi,A,11,0,439.34881549350376
2017-08-21,52,PREPARED FOODS,Manta,Manabi,A,11,0,119.07237603119441
2017-08-21,52,PRODUCE,Manta,Manabi,A,11,0,4042.841992254852
2017-08-21,52,SCHOOL AND OFFICE SUPPLIES,Manta,Manabi,A,11,0,4.276200528113872
2017-08-21,52,SEAFOOD,Manta,Manabi,A,11,0,5.789986750536009
2017-08-21,53,AUTOMOTIVE,Manta,Manabi,D,13,0,5.178471557604334
2017-08-21,53,BABY CARE,Manta,Manabi,D,13,0,0.12002805667652786
2017-08-21,53,BEAUTY,Manta,Manabi,D,13,0,2.486747904349363
2017-08-21,53,BEVERAGES,Manta,Manabi,D,13,0,1936.891947134415
2017-08-21,53,BOOKS,Manta,Manabi,D,13,0,0.12002805667652786
2017-08-21,53,BREAD/BAKERY,Manta,Manabi,D,13,0,426.47598113945986
2017-08-21,53,CELEBRATION,Manta,Manabi,D,13,0,3.1517334361571305
2017-08-21,53,CLEANING,Manta,Manabi,D,13,0,862.266611938992
2017-08-21,53,DAIRY,Manta,Manabi,D,13,0,477.91778872005136
2017-08-21,53,DELI,Manta,Manabi,D,13,0,203.118536951441
2017-08-21,53,EGGS,Manta,Manabi,D,13,0,89.98770440567381
2017-08-21,53,FROZEN FOODS,Manta,Manabi,D,13,0,106.09978621697644
2017-08-21,53,GROCERY I,Manta,Manabi,D,13,0,2737.25247211925
2017-08-21,53,GROCERY II,Manta,Manabi,D,13,0,13.609222489149744
2017-08-21,53,HARDWARE,Manta,Manabi,D,13,0,0.4913517444507069
2017-08-21,53,HOME AND KITCHEN I,Manta,Manabi,D,13,0,28.134725947171642
2017-08-21,53,HOME AND KITCHEN II,Manta,Manabi,D,13,0,21.568519897337676
2017-08-21,53,HOME APPLIANCES,Manta,Manabi,D,13,0,0.09324294847343953
2017-08-21,53,HOME CARE,Manta,Manabi,D,13,0,192.98736346538635
2017-08-21,53,LADIESWEAR,Manta,Manabi,D,13,0,10.576406398845485
2017-08-21,53,LAWN AND GARDEN,Manta,Manabi,D,13,0,9.94046278846339
2017-08-21,53,LINGERIE,Manta,Manabi,D,13,0,3.6555773123439956
2017-08-21,53,"LIQUOR,WINE,BEER",Manta,Manabi,D,13,0,69.00559454278721
2017-08-21,53,MAGAZINES,Manta,Manabi,D,13,0,3.6707180015815566
2017-08-21,53,MEATS,Manta,Manabi,D,13,0,258.57717484128955
2017-08-21,53,PERSONAL CARE,Manta,Manabi,D,13,0,220.29745754893756
2017-08-21,53,PET SUPPLIES,Manta,Manabi,D,13,0,3.0254865293310957
2017-08-21,53,PLAYERS AND ELECTRONICS,Manta,Manabi,D,13,0,3.4405340111424647
2017-08-21,53,POULTRY,Manta,Manabi,D,13,0,173.4123599579219
2017-08-21,53,PREPARED FOODS,Manta,Manabi,D,13,0,54.05146526630366
2017-08-21,53,PRODUCE,Manta,Manabi,D,13,0,1713.7599560728993
2017-08-21,53,SCHOOL AND OFFICE SUPPLIES,Manta,Manabi,D,13,0,0.07508124592403118
2017-08-21,53,SEAFOOD,Manta,Manabi,D,13,0,3.512302441086782
2017-08-21,54,AUTOMOTIVE,El Carmen,Manabi,C,3,0,4.191201589424081
2017-08-21,54,BABY CARE,El Carmen,Manabi,C,3,0,0.20538483423243753
2017-08-21,54,BEAUTY,El Carmen,Manabi,C,3,0,0.9730075365960821
2017-08-21,54,BEVERAGES,El Carmen,Manabi,C,3,0,3516.798014148243
2017-08-21,54,BOOKS,El Carmen,Manabi,C,3,0,0.20538483423243753
2017-08-21,54,BREAD/BAKERY,El Carmen,Manabi,C,3,0,271.319137367773
2017-08-21,54,CELEBRATION,El Carmen,Manabi,C,3,0,2.5978222400414994
2017-08-21,54,CLEANING,El Carmen,Manabi,C,3,0,1036.0627931115196
2017-08-21,54,DAIRY,El Carmen,Manabi,C,3,0,280.7500633660201
2017-08-21,54,DELI,El Carmen,Manabi,C,3,0,223.13174739863135
2017-08-21,54,EGGS,El Carmen,Manabi,C,3,0,86.19740513366402
2017-08-21,54,FROZEN FOODS,El Carmen,Manabi,C,3,0,25.069644895078493
2017-08-21,54,GROCERY I,El Carmen,Manabi,C,3,0,3263.7691593928803
2017-08-21,54,GROCERY II,El Carmen,Manabi,C,3,0,16.941258617739777
2017-08-21,54,HARDWARE,El Carmen,Manabi,C,3,0,0.6889650217638627
2017-08-21,54,HOME AND KITCHEN I,El Carmen,Manabi,C,3,0,29.65517123722903
2017-08-21,54,HOME AND KITCHEN II,El Carmen,Manabi,C,3,0,10.743248345852086
2017-08-21,54,HOME APPLIANCES,El Carmen,Manabi,C,3,0,0.1785997260293492
2017-08-21,54,HOME CARE,El Carmen,Manabi,C,3,0,210.24543571989892
2017-08-21,54,LADIESWEAR,El Carmen,Manabi,C,3,0,2.052635875921704
2017-08-21,54,LAWN AND GARDEN,El Carmen,Manabi,C,3,0,1.3771118175175447
2017-08-21,54,LINGERIE,El Carmen,Manabi,C,3,0,3.3286844787126286
2017-08-21,54,"LIQUOR,WINE,BEER",El Carmen,Manabi,C,3,0,39.636540528220216
2017-08-21,54,MAGAZINES,El Carmen,Manabi,C,3,0,1.358443593012956
2017-08-21,54,MEATS,El Carmen,Manabi,C,3,0,45.123541767170146
2017-08-21,54,PERSONAL CARE,El Carmen,Manabi,C,3,0,182.25040054695947
2017-08-21,54,PET SUPPLIES,El Carmen,Manabi,C,3,0,0.9451459297229455
2017-08-21,54,PLAYERS AND ELECTRONICS,El Carmen,Manabi,C,3,0,1.8903206200059781
2017-08-21,54,POULTRY,El Carmen,Manabi,C,3,0,56.1648530382201
2017-08-21,54,PREPARED FOODS,El Carmen,Manabi,C,3,0,102.4721296656674
2017-08-21,54,PRODUCE,El Carmen,Manabi,C,3,0,593.2301014728253
2017-08-21,54,SCHOOL AND OFFICE SUPPLIES,El Carmen,Manabi,C,3,0,0.16043802347994085
2017-08-21,54,SEAFOOD,El Carmen,Manabi,C,3,0,1.9050253475675258
2017-08-22,1,AUTOMOTIVE,Quito,Pichincha,D,13,0,8.069581318386136
2017-08-22,1,BABY CARE,Quito,Pichincha,D,13,0,4.429294388909247
2017-08-22,1,BEAUTY,Quito,Pichincha,D,13,0,7.509009157123872
2017-08-22,1,BEVERAGES,Quito,Pichincha,D,13,0,2133.868732492439
2017-08-22,1,BOOKS,Quito,Pichincha,D,13,0,4.429294388909247
2017-08-22,1,BREAD/BAKERY,Quito,Pichincha,D,13,0,333.18737965175853
2017-08-22,1,CELEBRATION,Quito,Pichincha,D,13,0,10.572776302655868
2017-08-22,1,CLEANING,Quito,Pichincha,D,13,0,680.3578153468355
2017-08-22,1,DAIRY,Quito,Pichincha,D,13,0,617.6185706407357
2017-08-22,1,DELI,Quito,Pichincha,D,13,0,119.04592747297606
2017-08-22,1,EGGS,Quito,Pichincha,D,13,0,125.97005620032124
2017-08-22,1,FROZEN FOODS,Quito,Pichincha,D,13,0,108.5906415691455
2017-08-22,1,GROCERY I,Quito,Pichincha,D,13,0,2468.15528657822
2017-08-22,1,GROCERY II,Quito,Pichincha,D,13,0,13.925055462845142
2017-08-22,1,HARDWARE,Quito,Pichincha,D,13,0,5.4972612855112
2017-08-22,1,HOME AND KITCHEN I,Quito,Pichincha,D,13,0,28.05467322684532
2017-08-22,1,HOME AND KITCHEN II,Quito,Pichincha,D,13,0,23.850140151020135
2017-08-22,1,HOME APPLIANCES,Quito,Pichincha,D,13,0,4.402509280706159
2017-08-22,1,HOME CARE,Quito,Pichincha,D,13,0,153.13838111664657
2017-08-22,1,LADIESWEAR,Quito,Pichincha,D,13,0,8.576403080523953
2017-08-22,1,LAWN AND GARDEN,Quito,Pichincha,D,13,0,18.53654099212838
2017-08-22,1,LINGERIE,Quito,Pichincha,D,13,0,8.328584437218524
2017-08-22,1,"LIQUOR,WINE,BEER",Quito,Pichincha,D,13,0,91.89457023599843
2017-08-22,1,MAGAZINES,Quito,Pichincha,D,13,0,6.39532908884823
2017-08-22,1,MEATS,Quito,Pichincha,D,13,0,270.20209810547715
2017-08-22,1,PERSONAL CARE,Quito,Pichincha,D,13,0,153.355703229877
2017-08-22,1,PET SUPPLIES,Quito,Pichincha,D,13,0,6.851884592690139
2017-08-22,1,PLAYERS AND ELECTRONICS,Quito,Pichincha,D,13,0,11.421524669477614
2017-08-22,1,POULTRY,Quito,Pichincha,D,13,0,271.1886760564373
2017-08-22,1,PREPARED FOODS,Quito,Pichincha,D,13,0,41.10992363395239
2017-08-22,1,PRODUCE,Quito,Pichincha,D,13,0,2216.2158112830048
2017-08-22,1,SCHOOL AND OFFICE SUPPLIES,Quito,Pichincha,D,13,0,4.384347578156751
2017-08-22,1,SEAFOOD,Quito,Pichincha,D,13,0,22.51659324431554
2017-08-22,2,AUTOMOTIVE,Quito,Pichincha,D,13,0,4.597660274578697
2017-08-22,2,BABY CARE,Quito,Pichincha,D,13,0,2.2507350718693444
2017-08-22,2,BEAUTY,Quito,Pichincha,D,13,0,5.510988267067017
2017-08-22,2,BEVERAGES,Quito,Pichincha,D,13,0,2343.379018372557
2017-08-22,2,BOOKS,Quito,Pichincha,D,13,0,2.2507350718693444
2017-08-22,2,BREAD/BAKERY,Quito,Pichincha,D,13,0,541.8538673189722
2017-08-22,2,CELEBRATION,Quito,Pichincha,D,13,0,6.75455430029775
2017-08-22,2,CLEANING,Quito,Pichincha,D,13,0,680.4251309775493
2017-08-22,2,DAIRY,Quito,Pichincha,D,13,0,684.0369612114803
2017-08-22,2,DELI,Quito,Pichincha,D,13,0,194.37328761500615
2017-08-22,2,EGGS,Quito,Pichincha,D,13,0,140.4911546492583
2017-08-22,2,FROZEN FOODS,Quito,Pichincha,D,13,0,90.84434703935497
2017-08-22,2,GROCERY I,Quito,Pichincha,D,13,0,3146.752236004042
2017-08-22,2,GROCERY II,Quito,Pichincha,D,13,0,24.291546359244553
2017-08-22,2,HARDWARE,Quito,Pichincha,D,13,0,2.3870731938938565
2017-08-22,2,HOME AND KITCHEN I,Quito,Pichincha,D,13,0,19.93192017654788
2017-08-22,2,HOME AND KITCHEN II,Quito,Pichincha,D,13,0,27.54710764834749
2017-08-22,2,HOME APPLIANCES,Quito,Pichincha,D,13,0,2.2373641835750444
2017-08-22,2,HOME CARE,Quito,Pichincha,D,13,0,196.2903846912349
2017-08-22,2,LADIESWEAR,Quito,Pichincha,D,13,0,16.272762813880853
2017-08-22,2,LAWN AND GARDEN,Quito,Pichincha,D,13,0,15.564967520174829
2017-08-22,2,LINGERIE,Quito,Pichincha,D,13,0,4.597660274578697
2017-08-22,2,"LIQUOR,WINE,BEER",Quito,Pichincha,D,13,0,78.1520794200785
2017-08-22,2,MAGAZINES,Quito,Pichincha,D,13,0,8.883491018165705
2017-08-22,2,MEATS,Quito,Pichincha,D,13,0,375.6466006426088
2017-08-22,2,PERSONAL CARE,Quito,Pichincha,D,13,0,213.07410354971267
2017-08-22,2,PET SUPPLIES,Quito,Pichincha,D,13,0,4.8716114672622
2017-08-22,2,PLAYERS AND ELECTRONICS,Quito,Pichincha,D,13,0,4.58295554701715
2017-08-22,2,POULTRY,Quito,Pichincha,D,13,0,384.5258403257656
2017-08-22,2,PREPARED FOODS,Quito,Pichincha,D,13,0,104.47640174569727
2017-08-22,2,PRODUCE,Quito,Pichincha,D,13,0,1846.8171529433987
2017-08-22,2,SCHOOL AND OFFICE SUPPLIES,Quito,Pichincha,D,13,0,2.219202481025636
2017-08-22,2,SEAFOOD,Quito,Pichincha,D,13,0,26.091935430848995
2017-08-22,3,AUTOMOTIVE,Quito,Pichincha,D,8,0,6.8382563552966
2017-08-22,3,BABY CARE,Quito,Pichincha,D,8,0,2.3988514205452627
2017-08-22,3,BEAUTY,Quito,Pichincha,D,8,0,15.599775044422856
2017-08-22,3,BEVERAGES,Quito,Pichincha,D,8,0,7020.365520646079
2017-08-22,3,BOOKS,Quito,Pichincha,D,8,0,2.3988514205452627
2017-08-22,3,BREAD/BAKERY,Quito,Pichincha,D,8,0,1060.1229767632178
2017-08-22,3,CELEBRATION,Quito,Pichincha,D,8,0,26.044545728485595
2017-08-22,3,CLEANING,Quito,Pichincha,D,8,0,1726.7005140809115
2017-08-22,3,DAIRY,Quito,Pichincha,D,8,0,1765.1319949524363
2017-08-22,3,DELI,Quito,Pichincha,D,8,0,291.57694353187424
2017-08-22,3,EGGS,Quito,Pichincha,D,8,0,390.1071715909809
2017-08-22,3,FROZEN FOODS,Quito,Pichincha,D,8,0,287.109586014372
2017-08-22,3,GROCERY I,Quito,Pichincha,D,8,0,7181.30968724561
2017-08-22,3,GROCERY II,Quito,Pichincha,D,8,0,63.924246289072904
2017-08-22,3,HARDWARE,Quito,Pichincha,D,8,0,2.892566679941395
2017-08-22,3,HOME AND KITCHEN I,Quito,Pichincha,D,8,0,53.31316558648464
2017-08-22,3,HOME AND KITCHEN II,Quito,Pichincha,D,8,0,39.756511643317026
2017-08-22,3,HOME APPLIANCES,Quito,Pichincha,D,8,0,2.3720663123421746
2017-08-22,3,HOME CARE,Quito,Pichincha,D,8,0,413.57667754131006
2017-08-22,3,LADIESWEAR,Quito,Pichincha,D,8,0,29.586350779593324
2017-08-22,3,LAWN AND GARDEN,Quito,Pichincha,D,8,0,40.16277989009814
2017-08-22,3,LINGERIE,Quito,Pichincha,D,8,0,20.952525220289132
2017-08-22,3,"LIQUOR,WINE,BEER",Quito,Pichincha,D,8,0,176.68798178091424
2017-08-22,3,MAGAZINES,Quito,Pichincha,D,8,0,27.762444674428526
2017-08-22,3,MEATS,Quito,Pichincha,D,8,0,597.3288029679002
2017-08-22,3,PERSONAL CARE,Quito,Pichincha,D,8,0,435.7028868454582
2017-08-22,3,PET SUPPLIES,Quito,Pichincha,D,8,0,15.571913437549718
2017-08-22,3,PLAYERS AND ELECTRONICS,Quito,Pichincha,D,8,0,20.93782049272759
2017-08-22,3,POULTRY,Quito,Pichincha,D,8,0,995.2661459431309
2017-08-22,3,PREPARED FOODS,Quito,Pichincha,D,8,0,219.26863065273588
2017-08-22,3,PRODUCE,Quito,Pichincha,D,8,0,6906.620408832206
2017-08-22,3,SCHOOL AND OFFICE SUPPLIES,Quito,Pichincha,D,8,0,2.492855885472028
2017-08-22,3,SEAFOOD,Quito,Pichincha,D,8,0,67.58983679621414
2017-08-22,4,AUTOMOTIVE,Quito,Pichincha,D,9,0,2.8548239471907646
2017-08-22,4,BABY CARE,Quito,Pichincha,D,9,0,0.19496333010254413
2017-08-22,4,BEAUTY,Quito,Pichincha,D,9,0,2.3480220422242333
2017-08-22,4,BEVERAGES,Quito,Pichincha,D,9,0,1979.9183217284194
2017-08-22,4,BOOKS,Quito,Pichincha,D,9,0,0.19496333010254413
2017-08-22,4,BREAD/BAKERY,Quito,Pichincha,D,9,0,291.4025274329791
2017-08-22,4,CELEBRATION,Quito,Pichincha,D,9,0,3.2510809613864167
2017-08-22,4,CLEANING,Quito,Pichincha,D,9,0,682.8409387583903
2017-08-22,4,DAIRY,Quito,Pichincha,D,9,0,604.8355240171826
2017-08-22,4,DELI,Quito,Pichincha,D,9,0,157.50010750636147
2017-08-22,4,EGGS,Quito,Pichincha,D,9,0,115.86107185728156
2017-08-22,4,FROZEN FOODS,Quito,Pichincha,D,9,0,71.22060291266963
2017-08-22,4,GROCERY I,Quito,Pichincha,D,9,0,2707.415418414079
2017-08-22,4,GROCERY II,Quito,Pichincha,D,9,0,19.006311029093585
2017-08-22,4,HARDWARE,Quito,Pichincha,D,9,0,0.5991119169664793
2017-08-22,4,HOME AND KITCHEN I,Quito,Pichincha,D,9,0,16.22213329343565
2017-08-22,4,HOME AND KITCHEN II,Quito,Pichincha,D,9,0,4.7686945657441875
2017-08-22,4,HOME APPLIANCES,Quito,Pichincha,D,9,0,0.16817822189945597
2017-08-22,4,HOME CARE,Quito,Pichincha,D,9,0,171.89915597176034
2017-08-22,4,LADIESWEAR,Quito,Pichincha,D,9,0,16.468503288534656
2017-08-22,4,LAWN AND GARDEN,Quito,Pichincha,D,9,0,14.478129555777501
2017-08-22,4,LINGERIE,Quito,Pichincha,D,9,0,1.667272873627766
2017-08-22,4,"LIQUOR,WINE,BEER",Quito,Pichincha,D,9,0,73.58935831484789
2017-08-22,4,MAGAZINES,Quito,Pichincha,D,9,0,2.815671207399779
2017-08-22,4,MEATS,Quito,Pichincha,D,9,0,304.55517454093604
2017-08-22,4,PERSONAL CARE,Quito,Pichincha,D,9,0,203.53945672974487
2017-08-22,4,PET SUPPLIES,Quito,Pichincha,D,9,0,2.6521541899130527
2017-08-22,4,PLAYERS AND ELECTRONICS,Quito,Pichincha,D,9,0,3.1719619401478
2017-08-22,4,POULTRY,Quito,Pichincha,D,9,0,332.0105682031965
2017-08-22,4,PREPARED FOODS,Quito,Pichincha,D,9,0,45.59644663348287
2017-08-22,4,PRODUCE,Quito,Pichincha,D,9,0,1837.9386708887528
2017-08-22,4,SCHOOL AND OFFICE SUPPLIES,Quito,Pichincha,D,9,0,0.15001651935004762
2017-08-22,4,SEAFOOD,Quito,Pichincha,D,9,0,19.782066204783842
2017-08-22,5,AUTOMOTIVE,Santo Domingo,Santo Domingo de los Tsachilas,D,4,0,3.1289757026824665
2017-08-22,5,BABY CARE,Santo Domingo,Santo Domingo de los Tsachilas,D,4,0,0.1372723650756644
2017-08-22,5,BEAUTY,Santo Domingo,Santo Domingo de los Tsachilas,D,4,0,2.6582506734213016
2017-08-22,5,BEVERAGES,Santo Domingo,Santo Domingo de los Tsachilas,D,4,0,1480.413745481183
2017-08-22,5,BOOKS,Santo Domingo,Santo Domingo de los Tsachilas,D,4,0,0.1372723650756644
2017-08-22,5,BREAD/BAKERY,Santo Domingo,Santo Domingo de los Tsachilas,D,4,0,307.92810164606993
2017-08-22,5,CELEBRATION,Santo Domingo,Santo Domingo de los Tsachilas,D,4,0,19.688368394204094
2017-08-22,5,CLEANING,Santo Domingo,Santo Domingo de los Tsachilas,D,4,0,652.4136541665106
2017-08-22,5,DAIRY,Santo Domingo,Santo Domingo de los Tsachilas,D,4,0,472.10226856216354
2017-08-22,5,DELI,Santo Domingo,Santo Domingo de los Tsachilas,D,4,0,190.96009417839377
2017-08-22,5,EGGS,Santo Domingo,Santo Domingo de los Tsachilas,D,4,0,69.6047080874267
2017-08-22,5,FROZEN FOODS,Santo Domingo,Santo Domingo de los Tsachilas,D,4,0,74.77528391976787
2017-08-22,5,GROCERY I,Santo Domingo,Santo Domingo de los Tsachilas,D,4,0,2452.367385639891
2017-08-22,5,GROCERY II,Santo Domingo,Santo Domingo de los Tsachilas,D,4,0,23.152260482891318
2017-08-22,5,HARDWARE,Santo Domingo,Santo Domingo de los Tsachilas,D,4,0,0.2703347611258544
2017-08-22,5,HOME AND KITCHEN I,Santo Domingo,Santo Domingo de los Tsachilas,D,4,0,22.33356191236796
2017-08-22,5,HOME AND KITCHEN II,Santo Domingo,Santo Domingo de los Tsachilas,D,4,0,14.651674029397231
2017-08-22,5,HOME APPLIANCES,Santo Domingo,Santo Domingo de los Tsachilas,D,4,0,0.1104872568725761
2017-08-22,5,HOME CARE,Santo Domingo,Santo Domingo de los Tsachilas,D,4,0,163.87716790432322
2017-08-22,5,LADIESWEAR,Santo Domingo,Santo Domingo de los Tsachilas,D,4,0,6.969619205210818
2017-08-22,5,LAWN AND GARDEN,Santo Domingo,Santo Domingo de los Tsachilas,D,4,0,2.9004748835559475
2017-08-22,5,LINGERIE,Santo Domingo,Santo Domingo de los Tsachilas,D,4,0,5.286607958364111
2017-08-22,5,"LIQUOR,WINE,BEER",Santo Domingo,Santo Domingo de los Tsachilas,D,4,0,40.831362101828596
2017-08-22,5,MAGAZINES,Santo Domingo,Santo Domingo de los Tsachilas,D,4,0,6.021264147291402
2017-08-22,5,MEATS,Santo Domingo,Santo Domingo de los Tsachilas,D,4,0,224.1787220011364
2017-08-22,5,PERSONAL CARE,Santo Domingo,Santo Domingo de los Tsachilas,D,4,0,204.70446968488446
2017-08-22,5,PET SUPPLIES,Santo Domingo,Santo Domingo de los Tsachilas,D,4,0,1.3288542723409296
2017-08-22,5,PLAYERS AND ELECTRONICS,Santo Domingo,Santo Domingo de los Tsachilas,D,4,0,3.0783451334589254
2017-08-22,5,POULTRY,Santo Domingo,Santo Domingo de los Tsachilas,D,4,0,221.28578316281903
2017-08-22,5,PREPARED FOODS,Santo Domingo,Santo Domingo de los Tsachilas,D,4,0,48.898370932393824
2017-08-22,5,PRODUCE,Santo Domingo,Santo Domingo de los Tsachilas,D,4,0,1293.0137667196277
2017-08-22,5,SCHOOL AND OFFICE SUPPLIES,Santo Domingo,Santo Domingo de los Tsachilas,D,4,0,0.09232555432316772
2017-08-22,5,SEAFOOD,Santo Domingo,Santo Domingo de los Tsachilas,D,4,0,4.028720696424189
2017-08-22,6,AUTOMOTIVE,Quito,Pichincha,D,13,0,3.186666667709347
2017-08-22,6,BABY CARE,Quito,Pichincha,D,13,0,0.19496333010254413
2017-08-22,6,BEAUTY,Quito,Pichincha,D,13,0,2.7159416384481814
2017-08-22,6,BEVERAGES,Quito,Pichincha,D,13,0,2606.1567253756193
2017-08-22,6,BOOKS,Quito,Pichincha,D,13,0,0.19496333010254413
2017-08-22,6,BREAD/BAKERY,Quito,Pichincha,D,13,0,479.0377058183794
2017-08-22,6,CELEBRATION,Quito,Pichincha,D,13,0,4.723025210305945
2017-08-22,6,CLEANING,Quito,Pichincha,D,13,0,1047.549874250341
2017-08-22,6,DAIRY,Quito,Pichincha,D,13,0,803.9066376492394
2017-08-22,6,DELI,Quito,Pichincha,D,13,0,289.73445242177576
2017-08-22,6,EGGS,Quito,Pichincha,D,13,0,141.35644943347185
2017-08-22,6,FROZEN FOODS,Quito,Pichincha,D,13,0,125.54094904065673
2017-08-22,6,GROCERY I,Quito,Pichincha,D,13,0,3931.129804584317
2017-08-22,6,GROCERY II,Quito,Pichincha,D,13,0,35.14601410581708
2017-08-22,6,HARDWARE,Quito,Pichincha,D,13,0,0.32802572615273506
2017-08-22,6,HOME AND KITCHEN I,Quito,Pichincha,D,13,0,18.80915637048857
2017-08-22,6,HOME AND KITCHEN II,Quito,Pichincha,D,13,0,57.62509473077768
2017-08-22,6,HOME APPLIANCES,Quito,Pichincha,D,13,0,0.16817822189945597
2017-08-22,6,HOME CARE,Quito,Pichincha,D,13,0,264.2722856969784
2017-08-22,6,LADIESWEAR,Quito,Pichincha,D,13,0,16.468503288534656
2017-08-22,6,LAWN AND GARDEN,Quito,Pichincha,D,13,0,14.478129555777501
2017-08-22,6,LINGERIE,Quito,Pichincha,D,13,0,4.658610916628877
2017-08-22,6,"LIQUOR,WINE,BEER",Quito,Pichincha,D,13,0,76.10016731667767
2017-08-22,6,MAGAZINES,Quito,Pichincha,D,13,0,2.6153326337597953
2017-08-22,6,MEATS,Quito,Pichincha,D,13,0,397.34443718466514
2017-08-22,6,PERSONAL CARE,Quito,Pichincha,D,13,0,291.8263387123475
2017-08-22,6,PET SUPPLIES,Quito,Pichincha,D,13,0,3.7881635989567535
2017-08-22,6,PLAYERS AND ELECTRONICS,Quito,Pichincha,D,13,0,14.584576617747251
2017-08-22,6,POULTRY,Quito,Pichincha,D,13,0,430.766551884617
2017-08-22,6,PREPARED FOODS,Quito,Pichincha,D,13,0,98.53294772714752
2017-08-22,6,PRODUCE,Quito,Pichincha,D,13,0,1969.3036079275473
2017-08-22,6,SCHOOL AND OFFICE SUPPLIES,Quito,Pichincha,D,13,0,0.15001651935004762
2017-08-22,6,SEAFOOD,Quito,Pichincha,D,13,0,34.35064139499936
2017-08-22,7,AUTOMOTIVE,Quito,Pichincha,D,8,0,3.2980809639343898
2017-08-22,7,BABY CARE,Quito,Pichincha,D,8,0,0.7738958965511088
2017-08-22,7,BEAUTY,Quito,Pichincha,D,8,0,3.3595372288317904
2017-08-22,7,BEVERAGES,Quito,Pichincha,D,8,0,3414.2719624268234
2017-08-22,7,BOOKS,Quito,Pichincha,D,8,0,0.7738958965511088
2017-08-22,7,BREAD/BAKERY,Quito,Pichincha,D,8,0,607.6633800200635
2017-08-22,7,CELEBRATION,Quito,Pichincha,D,8,0,10.606894426973781
2017-08-22,7,CLEANING,Quito,Pichincha,D,8,0,970.233910003679
2017-08-22,7,DAIRY,Quito,Pichincha,D,8,0,1215.6660006581158
2017-08-22,7,DELI,Quito,Pichincha,D,8,0,161.21394205371564
2017-08-22,7,EGGS,Quito,Pichincha,D,8,0,259.44631265675093
2017-08-22,7,FROZEN FOODS,Quito,Pichincha,D,8,0,187.72617621775117
2017-08-22,7,GROCERY I,Quito,Pichincha,D,8,0,3581.5235158405085
2017-08-22,7,GROCERY II,Quito,Pichincha,D,8,0,30.819774660019423
2017-08-22,7,HARDWARE,Quito,Pichincha,D,8,0,1.3050414245623938
2017-08-22,7,HOME AND KITCHEN I,Quito,Pichincha,D,8,0,35.169080038273776
2017-08-22,7,HOME AND KITCHEN II,Quito,Pichincha,D,8,0,46.512497659739175
2017-08-22,7,HOME APPLIANCES,Quito,Pichincha,D,8,0,1.118697395677842
2017-08-22,7,HOME CARE,Quito,Pichincha,D,8,0,213.67200881474298
2017-08-22,7,LADIESWEAR,Quito,Pichincha,D,8,0,13.399322951437263
2017-08-22,7,LAWN AND GARDEN,Quito,Pichincha,D,8,0,37.90183305533489
2017-08-22,7,LINGERIE,Quito,Pichincha,D,8,0,3.6299236844529723
2017-08-22,7,"LIQUOR,WINE,BEER",Quito,Pichincha,D,8,0,111.2093514155494
2017-08-22,7,MAGAZINES,Quito,Pichincha,D,8,0,14.671542901742853
2017-08-22,7,MEATS,Quito,Pichincha,D,8,0,452.605626212313
2017-08-22,7,PERSONAL CARE,Quito,Pichincha,D,8,0,220.8862805957034
2017-08-22,7,PET SUPPLIES,Quito,Pichincha,D,8,0,3.131337048318671
2017-08-22,7,PLAYERS AND ELECTRONICS,Quito,Pichincha,D,8,0,10.527775405735163
2017-08-22,7,POULTRY,Quito,Pichincha,D,8,0,612.1629891595425
2017-08-22,7,PREPARED FOODS,Quito,Pichincha,D,8,0,109.26707041633244
2017-08-22,7,PRODUCE,Quito,Pichincha,D,8,0,4517.202295304713
2017-08-22,7,SCHOOL AND OFFICE SUPPLIES,Quito,Pichincha,D,8,0,1.2761219873734329
2017-08-22,7,SEAFOOD,Quito,Pichincha,D,8,0,37.30470741357276
2017-08-22,8,AUTOMOTIVE,Quito,Pichincha,D,8,0,2.735586446463548
2017-08-22,8,BABY CARE,Quito,Pichincha,D,8,0,0.994989730000439
2017-08-22,8,BEAUTY,Quito,Pichincha,D,8,0,3.8972773127860285
2017-08-22,8,BEVERAGES,Quito,Pichincha,D,8,0,3477.7226799002824
2017-08-22,8,BOOKS,Quito,Pichincha,D,8,0,0.31214127872067743
2017-08-22,8,BREAD/BAKERY,Quito,Pichincha,D,8,0,700.7772564354708
2017-08-22,8,CELEBRATION,Quito,Pichincha,D,8,0,14.780873587603999
2017-08-22,8,CLEANING,Quito,Pichincha,D,8,0,1024.1121888524829
2017-08-22,8,DAIRY,Quito,Pichincha,D,8,0,1168.6364084976606
2017-08-22,8,DELI,Quito,Pichincha,D,8,0,239.94267278332978
2017-08-22,8,EGGS,Quito,Pichincha,D,8,0,263.2319911933644
2017-08-22,8,FROZEN FOODS,Quito,Pichincha,D,8,0,133.91217843273245
2017-08-22,8,GROCERY I,Quito,Pichincha,D,8,0,3940.7167609775283
2017-08-22,8,GROCERY II,Quito,Pichincha,D,8,0,33.004504593723894
2017-08-22,8,HARDWARE,Quito,Pichincha,D,8,0,0.9789623564369033
2017-08-22,8,HOME AND KITCHEN I,Quito,Pichincha,D,8,0,30.766377015654403
2017-08-22,8,HOME AND KITCHEN II,Quito,Pichincha,D,8,0,32.14786773676856
2017-08-22,8,HOME APPLIANCES,Quito,Pichincha,D,8,0,0.28535617051758916
2017-08-22,8,HOME CARE,Quito,Pichincha,D,8,0,284.3514330504069
2017-08-22,8,LADIESWEAR,Quito,Pichincha,D,8,0,21.99262992702632
2017-08-22,8,LAWN AND GARDEN,Quito,Pichincha,D,8,0,26.858586139089695
2017-08-22,8,LINGERIE,Quito,Pichincha,D,8,0,16.726300509608667
2017-08-22,8,"LIQUOR,WINE,BEER",Quito,Pichincha,D,8,0,113.95643291128827
2017-08-22,8,MAGAZINES,Quito,Pichincha,D,8,0,14.345463833617362
2017-08-22,8,MEATS,Quito,Pichincha,D,8,0,347.448037071559
2017-08-22,8,PERSONAL CARE,Quito,Pichincha,D,8,0,273.63257841467
2017-08-22,8,PET SUPPLIES,Quito,Pichincha,D,8,0,12.040869389936308
2017-08-22,8,PLAYERS AND ELECTRONICS,Quito,Pichincha,D,8,0,14.70175456636538
2017-08-22,8,POULTRY,Quito,Pichincha,D,8,0,480.80885199068655
2017-08-22,8,PREPARED FOODS,Quito,Pichincha,D,8,0,118.85121314068526
2017-08-22,8,PRODUCE,Quito,Pichincha,D,8,0,3648.1989706797804
2017-08-22,8,SCHOOL AND OFFICE SUPPLIES,Quito,Pichincha,D,8,0,0.40287001767312025
2017-08-22,8,SEAFOOD,Quito,Pichincha,D,8,0,23.838679251811712
2017-08-22,9,AUTOMOTIVE,Quito,Pichincha,B,6,0,8.672334391100241
2017-08-22,9,BABY CARE,Quito,Pichincha,B,6,0,0.7355750487868439
2017-08-22,9,BEAUTY,Quito,Pichincha,B,6,0,3.7451217315825156
2017-08-22,9,BEVERAGES,Quito,Pichincha,B,6,0,3010.420316021143
2017-08-22,9,BOOKS,Quito,Pichincha,B,6,0,0.7355750487868439
2017-08-22,9,BREAD/BAKERY,Quito,Pichincha,B,6,0,460.96644430448265
2017-08-22,9,CELEBRATION,Quito,Pichincha,B,6,0,10.70424912891446
2017-08-22,9,CLEANING,Quito,Pichincha,B,6,0,1264.4703124194011
2017-08-22,9,DAIRY,Quito,Pichincha,B,6,0,719.960601063986
2017-08-22,9,DELI,Quito,Pichincha,B,6,0,454.30365267552827
2017-08-22,9,EGGS,Quito,Pichincha,B,6,0,205.25192240947544
2017-08-22,9,FROZEN FOODS,Quito,Pichincha,B,6,0,99.59084195940427
2017-08-22,9,GROCERY I,Quito,Pichincha,B,6,0,5187.854224168073
2017-08-22,9,GROCERY II,Quito,Pichincha,B,6,0,6.680324204381449
2017-08-22,9,HARDWARE,Quito,Pichincha,B,6,0,1.1447241555981176
2017-08-22,9,HOME AND KITCHEN I,Quito,Pichincha,B,6,0,46.298287271888256
2017-08-22,9,HOME AND KITCHEN II,Quito,Pichincha,B,6,0,37.597378000574366
2017-08-22,9,HOME APPLIANCES,Quito,Pichincha,B,6,0,0.7087899405837556
2017-08-22,9,HOME CARE,Quito,Pichincha,B,6,0,344.4802746064046
2017-08-22,9,LADIESWEAR,Quito,Pichincha,B,6,0,5.281680640027682
2017-08-22,9,LAWN AND GARDEN,Quito,Pichincha,B,6,0,3.5702007552003545
2017-08-22,9,LINGERIE,Quito,Pichincha,B,6,0,5.4222999124835525
2017-08-22,9,"LIQUOR,WINE,BEER",Quito,Pichincha,B,6,0,37.68499273183284
2017-08-22,9,MAGAZINES,Quito,Pichincha,B,6,0,3.320357084422085
2017-08-22,9,MEATS,Quito,Pichincha,B,6,0,326.5904993052192
2017-08-22,9,PERSONAL CARE,Quito,Pichincha,B,6,0,411.8697929646166
2017-08-22,9,PET SUPPLIES,Quito,Pichincha,B,6,0,3.097187603380747
2017-08-22,9,PLAYERS AND ELECTRONICS,Quito,Pichincha,B,6,0,3.569298787574886
2017-08-22,9,POULTRY,Quito,Pichincha,B,6,0,353.97298288325106
2017-08-22,9,PREPARED FOODS,Quito,Pichincha,B,6,0,112.81875479664181
2017-08-22,9,PRODUCE,Quito,Pichincha,B,6,0,1913.1011792335935
2017-08-22,9,SCHOOL AND OFFICE SUPPLIES,Quito,Pichincha,B,6,0,121.33382604625893
2017-08-22,9,SEAFOOD,Quito,Pichincha,B,6,0,15.139893063993101
2017-08-22,10,AUTOMOTIVE,Quito,Pichincha,C,15,0,2.3233419479726543
2017-08-22,10,BABY CARE,Quito,Pichincha,C,15,0,0.364839063261254
2017-08-22,10,BEAUTY,Quito,Pichincha,C,15,0,2.0529554923514706
2017-08-22,10,BEVERAGES,Quito,Pichincha,C,15,0,1383.827263698657
2017-08-22,10,BOOKS,Quito,Pichincha,C,15,0,0.364839063261254
2017-08-22,10,BREAD/BAKERY,Quito,Pichincha,C,15,0,111.77869462542004
2017-08-22,10,CELEBRATION,Quito,Pichincha,C,15,0,2.423682083311718
2017-08-22,10,CLEANING,Quito,Pichincha,C,15,0,649.6941805664403
2017-08-22,10,DAIRY,Quito,Pichincha,C,15,0,276.8612034659303
2017-08-22,10,DELI,Quito,Pichincha,C,15,0,232.22996716153685
2017-08-22,10,EGGS,Quito,Pichincha,C,15,0,42.14301021427335
2017-08-22,10,FROZEN FOODS,Quito,Pichincha,C,15,0,34.619746955367624
2017-08-22,10,GROCERY I,Quito,Pichincha,C,15,0,2556.87239584733
2017-08-22,10,GROCERY II,Quito,Pichincha,C,15,0,3.8196556023349353
2017-08-22,10,HARDWARE,Quito,Pichincha,C,15,0,0.5848455464561774
2017-08-22,10,HOME AND KITCHEN I,Quito,Pichincha,C,15,0,4.778846878574364
2017-08-22,10,HOME AND KITCHEN II,Quito,Pichincha,C,15,0,6.069955219685057
2017-08-22,10,HOME APPLIANCES,Quito,Pichincha,C,15,0,0.44856537223150333
2017-08-22,10,HOME CARE,Quito,Pichincha,C,15,0,148.99115779462105
2017-08-22,10,LADIESWEAR,Quito,Pichincha,C,15,0,3.4026169235998633
2017-08-22,10,LAWN AND GARDEN,Quito,Pichincha,C,15,0,1.4063176578156942
2017-08-22,10,LINGERIE,Quito,Pichincha,C,15,0,2.1978048922021793
2017-08-22,10,"LIQUOR,WINE,BEER",Quito,Pichincha,C,15,0,13.665162940870239
2017-08-22,10,MAGAZINES,Quito,Pichincha,C,15,0,1.1564739870374257
2017-08-22,10,MEATS,Quito,Pichincha,C,15,0,180.68482581982238
2017-08-22,10,PERSONAL CARE,Quito,Pichincha,C,15,0,145.4857122414546
2017-08-22,10,PET SUPPLIES,Quito,Pichincha,C,15,0,1.4603968311263564
2017-08-22,10,PLAYERS AND ELECTRONICS,Quito,Pichincha,C,15,0,2.3086372204111063
2017-08-22,10,POULTRY,Quito,Pichincha,C,15,0,121.18653556262807
2017-08-22,10,PREPARED FOODS,Quito,Pichincha,C,15,0,20.646476720698086
2017-08-22,10,PRODUCE,Quito,Pichincha,C,15,0,277.70413180524787
2017-08-22,10,SCHOOL AND OFFICE SUPPLIES,Quito,Pichincha,C,15,0,2.8343653488282516
2017-08-22,10,SEAFOOD,Quito,Pichincha,C,15,0,2.8322166310365553
2017-08-22,11,AUTOMOTIVE,Cayambe,Pichincha,B,6,0,3.797537742443727
2017-08-22,11,BABY CARE,Cayambe,Pichincha,B,6,0,1.1146132578605696
2017-08-22,11,BEAUTY,Cayambe,Pichincha,B,6,0,3.123305848936604
2017-08-22,11,BEVERAGES,Cayambe,Pichincha,B,6,0,3729.2942851069774
2017-08-22,11,BOOKS,Cayambe,Pichincha,B,6,0,0.7264183274231518
2017-08-22,11,BREAD/BAKERY,Cayambe,Pichincha,B,6,0,837.1496844753983
2017-08-22,11,CELEBRATION,Cayambe,Pichincha,B,6,0,10.974847058604526
2017-08-22,11,CLEANING,Cayambe,Pichincha,B,6,0,1659.282024757642
2017-08-22,11,DAIRY,Cayambe,Pichincha,B,6,0,590.0168637128079
2017-08-22,11,DELI,Cayambe,Pichincha,B,6,0,463.39125799810284
2017-08-22,11,EGGS,Cayambe,Pichincha,B,6,0,338.19903412515356
2017-08-22,11,FROZEN FOODS,Cayambe,Pichincha,B,6,0,76.93910507459199
2017-08-22,11,GROCERY I,Cayambe,Pichincha,B,6,0,6486.685174015947
2017-08-22,11,GROCERY II,Cayambe,Pichincha,B,6,0,19.843402444544843
2017-08-22,11,HARDWARE,Cayambe,Pichincha,B,6,0,1.2476756539107585
2017-08-22,11,HOME AND KITCHEN I,Cayambe,Pichincha,B,6,0,21.954792204173096
2017-08-22,11,HOME AND KITCHEN II,Cayambe,Pichincha,B,6,0,11.885342929613445
2017-08-22,11,HOME APPLIANCES,Cayambe,Pichincha,B,6,0,0.6996332192200635
2017-08-22,11,HOME CARE,Cayambe,Pichincha,B,6,0,422.5318768154231
2017-08-22,11,LADIESWEAR,Cayambe,Pichincha,B,6,0,4.721076195707555
2017-08-22,11,LAWN AND GARDEN,Cayambe,Pichincha,B,6,0,2.978281574178961
2017-08-22,11,LINGERIE,Cayambe,Pichincha,B,6,0,3.997876316083711
2017-08-22,11,"LIQUOR,WINE,BEER",Cayambe,Pichincha,B,6,0,22.382167191948433
2017-08-22,11,MAGAZINES,Cayambe,Pichincha,B,6,0,2.371060766029067
2017-08-22,11,MEATS,Cayambe,Pichincha,B,6,0,660.4578807994027
2017-08-22,11,PERSONAL CARE,Cayambe,Pichincha,B,6,0,335.33446582132797
2017-08-22,11,PET SUPPLIES,Cayambe,Pichincha,B,6,0,2.1506246766964185
2017-08-22,11,PLAYERS AND ELECTRONICS,Cayambe,Pichincha,B,6,0,15.395786266121616
2017-08-22,11,POULTRY,Cayambe,Pichincha,B,6,0,450.30265804283823
2017-08-22,11,PREPARED FOODS,Cayambe,Pichincha,B,6,0,109.74992437875866
2017-08-22,11,PRODUCE,Cayambe,Pichincha,B,6,0,1975.3625377463304
2017-08-22,11,SCHOOL AND OFFICE SUPPLIES,Cayambe,Pichincha,B,6,0,18.536313545104658
2017-08-22,11,SEAFOOD,Cayambe,Pichincha,B,6,0,5.0500508980531436
2017-08-22,12,AUTOMOTIVE,Latacunga,Cotopaxi,C,15,0,3.6820979397826727
2017-08-22,12,BABY CARE,Latacunga,Cotopaxi,C,15,0,0.9788981209860464
2017-08-22,12,BEAUTY,Latacunga,Cotopaxi,C,15,0,2.585198288601091
2017-08-22,12,BEVERAGES,Latacunga,Cotopaxi,C,15,0,1516.9776428804162
2017-08-22,12,BOOKS,Latacunga,Cotopaxi,C,15,0,0.9788981209860464
2017-08-22,12,BREAD/BAKERY,Latacunga,Cotopaxi,C,15,0,180.28862065505572
2017-08-22,12,CELEBRATION,Latacunga,Cotopaxi,C,15,0,12.09215336773809
2017-08-22,12,CLEANING,Latacunga,Cotopaxi,C,15,0,654.7462323974727
2017-08-22,12,DAIRY,Latacunga,Cotopaxi,C,15,0,336.1506446365214
2017-08-22,12,DELI,Latacunga,Cotopaxi,C,15,0,163.16463544457403
2017-08-22,12,EGGS,Latacunga,Cotopaxi,C,15,0,41.75062862196228
2017-08-22,12,FROZEN FOODS,Latacunga,Cotopaxi,C,15,0,29.480677861909978
2017-08-22,12,GROCERY I,Latacunga,Cotopaxi,C,15,0,2472.7186692974033
2017-08-22,12,GROCERY II,Latacunga,Cotopaxi,C,15,0,5.110922195592427
2017-08-22,12,HARDWARE,Latacunga,Cotopaxi,C,15,0,0.9762849673312975
2017-08-22,12,HOME AND KITCHEN I,Latacunga,Cotopaxi,C,15,0,10.375509116078625
2017-08-22,12,HOME AND KITCHEN II,Latacunga,Cotopaxi,C,15,0,17.020724757957435
2017-08-22,12,HOME APPLIANCES,Latacunga,Cotopaxi,C,15,0,0.9521130127829586
2017-08-22,12,HOME CARE,Latacunga,Cotopaxi,C,15,0,136.78961828315016
2017-08-22,12,LADIESWEAR,Latacunga,Cotopaxi,C,15,0,4.362040796338779
2017-08-22,12,LAWN AND GARDEN,Latacunga,Cotopaxi,C,15,0,2.0455408480720854
2017-08-22,12,LINGERIE,Latacunga,Cotopaxi,C,15,0,3.1907436829531344
2017-08-22,12,"LIQUOR,WINE,BEER",Latacunga,Cotopaxi,C,15,0,21.486862287842712
2017-08-22,12,MAGAZINES,Latacunga,Cotopaxi,C,15,0,2.6235405595919628
2017-08-22,12,MEATS,Latacunga,Cotopaxi,C,15,0,152.3138345167319
2017-08-22,12,PERSONAL CARE,Latacunga,Cotopaxi,C,15,0,154.22726796589168
2017-08-22,12,PET SUPPLIES,Latacunga,Cotopaxi,C,15,0,2.5573366817279535
2017-08-22,12,PLAYERS AND ELECTRONICS,Latacunga,Cotopaxi,C,15,0,4.487955341233097
2017-08-22,12,POULTRY,Latacunga,Cotopaxi,C,15,0,147.87037333139259
2017-08-22,12,PREPARED FOODS,Latacunga,Cotopaxi,C,15,0,33.844837417931295
2017-08-22,12,PRODUCE,Latacunga,Cotopaxi,C,15,0,355.4495809412731
2017-08-22,12,SCHOOL AND OFFICE SUPPLIES,Latacunga,Cotopaxi,C,15,0,3.5055594207571295
2017-08-22,12,SEAFOOD,Latacunga,Cotopaxi,C,15,0,2.8915105858842653
2017-08-22,13,AUTOMOTIVE,Latacunga,Cotopaxi,C,15,0,3.3878389989351465
2017-08-22,13,BABY CARE,Latacunga,Cotopaxi,C,15,0,0.9788981209860464
2017-08-22,13,BEAUTY,Latacunga,Cotopaxi,C,15,0,3.0108955215261206
2017-08-22,13,BEVERAGES,Latacunga,Cotopaxi,C,15,0,1362.2323247137072
2017-08-22,13,BOOKS,Latacunga,Cotopaxi,C,15,0,0.9788981209860464
2017-08-22,13,BREAD/BAKERY,Latacunga,Cotopaxi,C,15,0,131.73810952233623
2017-08-22,13,CELEBRATION,Latacunga,Cotopaxi,C,15,0,4.36673578883173
2017-08-22,13,CLEANING,Latacunga,Cotopaxi,C,15,0,635.0550298566482
2017-08-22,13,DAIRY,Latacunga,Cotopaxi,C,15,0,252.84047203803541
2017-08-22,13,DELI,Latacunga,Cotopaxi,C,15,0,144.65355504924094
2017-08-22,13,EGGS,Latacunga,Cotopaxi,C,15,0,37.3208184284753
2017-08-22,13,FROZEN FOODS,Latacunga,Cotopaxi,C,15,0,23.12260910360957
2017-08-22,13,GROCERY I,Latacunga,Cotopaxi,C,15,0,2466.4974414512953
2017-08-22,13,GROCERY II,Latacunga,Cotopaxi,C,15,0,5.722437388524095
2017-08-22,13,HARDWARE,Latacunga,Cotopaxi,C,15,0,0.9762849673312975
2017-08-22,13,HOME AND KITCHEN I,Latacunga,Cotopaxi,C,15,0,11.538094185021116
2017-08-22,13,HOME AND KITCHEN II,Latacunga,Cotopaxi,C,15,0,5.832384007681447
2017-08-22,13,HOME APPLIANCES,Latacunga,Cotopaxi,C,15,0,0.9521130127829586
2017-08-22,13,HOME CARE,Latacunga,Cotopaxi,C,15,0,116.97058656698857
2017-08-22,13,LADIESWEAR,Latacunga,Cotopaxi,C,15,0,2.853916747445661
2017-08-22,13,LAWN AND GARDEN,Latacunga,Cotopaxi,C,15,0,2.0455408480720854
2017-08-22,13,LINGERIE,Latacunga,Cotopaxi,C,15,0,2.9945360199015316
2017-08-22,13,"LIQUOR,WINE,BEER",Latacunga,Cotopaxi,C,15,0,26.908160964027118
2017-08-22,13,MAGAZINES,Latacunga,Cotopaxi,C,15,0,1.8911970738625596
2017-08-22,13,MEATS,Latacunga,Cotopaxi,C,15,0,164.1974876903377
2017-08-22,13,PERSONAL CARE,Latacunga,Cotopaxi,C,15,0,166.31509413943766
2017-08-22,13,PET SUPPLIES,Latacunga,Cotopaxi,C,15,0,1.8684445751090686
2017-08-22,13,PLAYERS AND ELECTRONICS,Latacunga,Cotopaxi,C,15,0,3.6673932122211257
2017-08-22,13,POULTRY,Latacunga,Cotopaxi,C,15,0,91.30316217846345
2017-08-22,13,PREPARED FOODS,Latacunga,Cotopaxi,C,15,0,18.24514828806359
2017-08-22,13,PRODUCE,Latacunga,Cotopaxi,C,15,0,203.18689953399183
2017-08-22,13,SCHOOL AND OFFICE SUPPLIES,Latacunga,Cotopaxi,C,15,0,5.236506788509026
2017-08-22,13,SEAFOOD,Latacunga,Cotopaxi,C,15,0,2.701352532753637
2017-08-22,14,AUTOMOTIVE,Riobamba,Chimborazo,C,7,0,3.91413666040314
2017-08-22,14,BABY CARE,Riobamba,Chimborazo,C,7,0,1.3589709029448414
2017-08-22,14,BEAUTY,Riobamba,Chimborazo,C,7,0,2.698930639414916
2017-08-22,14,BEVERAGES,Riobamba,Chimborazo,C,7,0,1526.364501739658
2017-08-22,14,BOOKS,Riobamba,Chimborazo,C,7,0,1.3589709029448414
2017-08-22,14,BREAD/BAKERY,Riobamba,Chimborazo,C,7,0,170.40941298344342
2017-08-22,14,CELEBRATION,Riobamba,Chimborazo,C,7,0,6.963444498458149
2017-08-22,14,CLEANING,Riobamba,Chimborazo,C,7,0,787.3406316947659
2017-08-22,14,DAIRY,Riobamba,Chimborazo,C,7,0,374.78477296418953
2017-08-22,14,DELI,Riobamba,Chimborazo,C,7,0,242.4645750826006
2017-08-22,14,EGGS,Riobamba,Chimborazo,C,7,0,27.504660337985847
2017-08-22,14,FROZEN FOODS,Riobamba,Chimborazo,C,7,0,33.68949277499794
2017-08-22,14,GROCERY I,Riobamba,Chimborazo,C,7,0,2895.5222405742115
2017-08-22,14,GROCERY II,Riobamba,Chimborazo,C,7,0,4.709509371220835
2017-08-22,14,HARDWARE,Riobamba,Chimborazo,C,7,0,1.3563577492900927
2017-08-22,14,HOME AND KITCHEN I,Riobamba,Chimborazo,C,7,0,4.597585419603232
2017-08-22,14,HOME AND KITCHEN II,Riobamba,Chimborazo,C,7,0,16.041018998643832
2017-08-22,14,HOME APPLIANCES,Riobamba,Chimborazo,C,7,0,1.3321857947417528
2017-08-22,14,HOME CARE,Riobamba,Chimborazo,C,7,0,153.3829415163555
2017-08-22,14,LADIESWEAR,Riobamba,Chimborazo,C,7,0,2.8286978225802266
2017-08-22,14,LAWN AND GARDEN,Riobamba,Chimborazo,C,7,0,2.3135054103545474
2017-08-22,14,LINGERIE,Riobamba,Chimborazo,C,7,0,3.6198777195556135
2017-08-22,14,"LIQUOR,WINE,BEER",Riobamba,Chimborazo,C,7,0,15.85597626294006
2017-08-22,14,MAGAZINES,Riobamba,Chimborazo,C,7,0,3.2488822592460456
2017-08-22,14,MEATS,Riobamba,Chimborazo,C,7,0,196.13185342042465
2017-08-22,14,PERSONAL CARE,Riobamba,Chimborazo,C,7,0,224.57384167375238
2017-08-22,14,PET SUPPLIES,Riobamba,Chimborazo,C,7,0,2.407495328205272
2017-08-22,14,PLAYERS AND ELECTRONICS,Riobamba,Chimborazo,C,7,0,4.467690102705517
2017-08-22,14,POULTRY,Riobamba,Chimborazo,C,7,0,67.4345571791974
2017-08-22,14,PREPARED FOODS,Riobamba,Chimborazo,C,7,0,98.54584246104069
2017-08-22,14,PRODUCE,Riobamba,Chimborazo,C,7,0,460.0854263033772
2017-08-22,14,SCHOOL AND OFFICE SUPPLIES,Riobamba,Chimborazo,C,7,0,2.9110068723281297
2017-08-22,14,SEAFOOD,Riobamba,Chimborazo,C,7,0,4.1864779514104855
2017-08-22,15,AUTOMOTIVE,Ibarra,Imbabura,C,15,0,3.5076872125416885
2017-08-22,15,BABY CARE,Ibarra,Imbabura,C,15,0,1.622616814734943
2017-08-22,15,BEAUTY,Ibarra,Imbabura,C,15,0,3.201374915258515
2017-08-22,15,BEVERAGES,Ibarra,Imbabura,C,15,0,1680.6299084048806
2017-08-22,15,BOOKS,Ibarra,Imbabura,C,15,0,1.098746334592589
2017-08-22,15,BREAD/BAKERY,Ibarra,Imbabura,C,15,0,148.8832769017557
2017-08-22,15,CELEBRATION,Ibarra,Imbabura,C,15,0,4.391005697221669
2017-08-22,15,CLEANING,Ibarra,Imbabura,C,15,0,782.1304423919134
2017-08-22,15,DAIRY,Ibarra,Imbabura,C,15,0,325.3811478148613
2017-08-22,15,DELI,Ibarra,Imbabura,C,15,0,244.57012334250675
2017-08-22,15,EGGS,Ibarra,Imbabura,C,15,0,96.72922999137107
2017-08-22,15,FROZEN FOODS,Ibarra,Imbabura,C,15,0,46.855807324744504
2017-08-22,15,GROCERY I,Ibarra,Imbabura,C,15,0,2567.702993511846
2017-08-22,15,GROCERY II,Ibarra,Imbabura,C,15,0,5.194844567536975
2017-08-22,15,HARDWARE,Ibarra,Imbabura,C,15,0,1.655929502742187
2017-08-22,15,HOME AND KITCHEN I,Ibarra,Imbabura,C,15,0,7.126095482635932
2017-08-22,15,HOME AND KITCHEN II,Ibarra,Imbabura,C,15,0,11.392844421212201
2017-08-22,15,HOME APPLIANCES,Ibarra,Imbabura,C,15,0,1.0719612263895004
2017-08-22,15,HOME CARE,Ibarra,Imbabura,C,15,0,190.1996039543571
2017-08-22,15,LADIESWEAR,Ibarra,Imbabura,C,15,0,4.029246477157295
2017-08-22,15,LAWN AND GARDEN,Ibarra,Imbabura,C,15,0,2.428962766015134
2017-08-22,15,LINGERIE,Ibarra,Imbabura,C,15,0,4.038361602734568
2017-08-22,15,"LIQUOR,WINE,BEER",Ibarra,Imbabura,C,15,0,14.902944539069491
2017-08-22,15,MAGAZINES,Ibarra,Imbabura,C,15,0,2.4502052860506063
2017-08-22,15,MEATS,Ibarra,Imbabura,C,15,0,137.6259714974322
2017-08-22,15,PERSONAL CARE,Ibarra,Imbabura,C,15,0,154.55803979484176
2017-08-22,15,PET SUPPLIES,Ibarra,Imbabura,C,15,0,2.5229526838658587
2017-08-22,15,PLAYERS AND ELECTRONICS,Ibarra,Imbabura,C,15,0,3.7513155841656745
2017-08-22,15,POULTRY,Ibarra,Imbabura,C,15,0,110.02829849638691
2017-08-22,15,PREPARED FOODS,Ibarra,Imbabura,C,15,0,36.3295517613609
2017-08-22,15,PRODUCE,Ibarra,Imbabura,C,15,0,833.2811453631141
2017-08-22,15,SCHOOL AND OFFICE SUPPLIES,Ibarra,Imbabura,C,15,0,3.5180586047684517
2017-08-22,15,SEAFOOD,Ibarra,Imbabura,C,15,0,3.5076872125416885
2017-08-22,16,AUTOMOTIVE,Santo Domingo,Santo Domingo de los Tsachilas,C,3,0,2.658953961979389
2017-08-22,16,BABY CARE,Santo Domingo,Santo Domingo de los Tsachilas,C,3,0,0.41765951540771257
2017-08-22,16,BEAUTY,Santo Domingo,Santo Domingo de los Tsachilas,C,3,0,1.1993920266989326
2017-08-22,16,BEVERAGES,Santo Domingo,Santo Domingo de los Tsachilas,C,3,0,1266.5282834936313
2017-08-22,16,BOOKS,Santo Domingo,Santo Domingo de los Tsachilas,C,3,0,0.3071480982343738
2017-08-22,16,BREAD/BAKERY,Santo Domingo,Santo Domingo de los Tsachilas,C,3,0,164.4600844590535
2017-08-22,16,CELEBRATION,Santo Domingo,Santo Domingo de los Tsachilas,C,3,0,2.6874424139944653
2017-08-22,16,CLEANING,Santo Domingo,Santo Domingo de los Tsachilas,C,3,0,752.4737847946461
2017-08-22,16,DAIRY,Santo Domingo,Santo Domingo de los Tsachilas,C,3,0,237.85265458992424
2017-08-22,16,DELI,Santo Domingo,Santo Domingo de los Tsachilas,C,3,0,147.3535929805622
2017-08-22,16,EGGS,Santo Domingo,Santo Domingo de los Tsachilas,C,3,0,125.7319151181037
2017-08-22,16,FROZEN FOODS,Santo Domingo,Santo Domingo de los Tsachilas,C,3,0,22.227485846205433
2017-08-22,16,GROCERY I,Santo Domingo,Santo Domingo de los Tsachilas,C,3,0,1789.0347052223935
2017-08-22,16,GROCERY II,Santo Domingo,Santo Domingo de los Tsachilas,C,3,0,3.600735820365031
2017-08-22,16,HARDWARE,Santo Domingo,Santo Domingo de los Tsachilas,C,3,0,0.3045349445796249
2017-08-22,16,HOME AND KITCHEN I,Santo Domingo,Santo Domingo de los Tsachilas,C,3,0,10.809209148065364
2017-08-22,16,HOME AND KITCHEN II,Santo Domingo,Santo Domingo de los Tsachilas,C,3,0,15.044169399405616
2017-08-22,16,HOME APPLIANCES,Santo Domingo,Santo Domingo de los Tsachilas,C,3,0,0.28036299003128545
2017-08-22,16,HOME CARE,Santo Domingo,Santo Domingo de los Tsachilas,C,3,0,132.85984297832246
2017-08-22,16,LADIESWEAR,Santo Domingo,Santo Domingo de los Tsachilas,C,3,0,1.560334656137922
2017-08-22,16,LAWN AND GARDEN,Santo Domingo,Santo Domingo de los Tsachilas,C,3,0,1.3486266927888135
2017-08-22,16,LINGERIE,Santo Domingo,Santo Domingo de los Tsachilas,C,3,0,2.373709703374301
2017-08-22,16,"LIQUOR,WINE,BEER",Santo Domingo,Santo Domingo de los Tsachilas,C,3,0,16.425308003851114
2017-08-22,16,MAGAZINES,Santo Domingo,Santo Domingo de los Tsachilas,C,3,0,1.2344585717154843
2017-08-22,16,MEATS,Santo Domingo,Santo Domingo de los Tsachilas,C,3,0,48.115078498808934
2017-08-22,16,PERSONAL CARE,Santo Domingo,Santo Domingo de los Tsachilas,C,3,0,110.78347959288176
2017-08-22,16,PET SUPPLIES,Santo Domingo,Santo Domingo de los Tsachilas,C,3,0,1.307205969530734
2017-08-22,16,PLAYERS AND ELECTRONICS,Santo Domingo,Santo Domingo de los Tsachilas,C,3,0,2.11199497970496
2017-08-22,16,POULTRY,Santo Domingo,Santo Domingo de los Tsachilas,C,3,0,50.0008118511497
2017-08-22,16,PREPARED FOODS,Santo Domingo,Santo Domingo de los Tsachilas,C,3,0,32.36744739730231
2017-08-22,16,PRODUCE,Santo Domingo,Santo Domingo de los Tsachilas,C,3,0,689.0400945626632
2017-08-22,16,SCHOOL AND OFFICE SUPPLIES,Santo Domingo,Santo Domingo de los Tsachilas,C,3,0,0.2622012874818768
2017-08-22,16,SEAFOOD,Santo Domingo,Santo Domingo de los Tsachilas,C,3,0,2.140113927175296
2017-08-22,17,AUTOMOTIVE,Quito,Pichincha,C,12,0,3.435887166460515
2017-08-22,17,BABY CARE,Quito,Pichincha,C,12,0,0.4753504804345919
2017-08-22,17,BEAUTY,Quito,Pichincha,C,12,0,1.650430512335707
2017-08-22,17,BEVERAGES,Quito,Pichincha,C,12,0,2706.04917008517
2017-08-22,17,BOOKS,Quito,Pichincha,C,12,0,0.364839063261254
2017-08-22,17,BREAD/BAKERY,Quito,Pichincha,C,12,0,287.57840322651737
2017-08-22,17,CELEBRATION,Quito,Pichincha,C,12,0,3.4432377577548143
2017-08-22,17,CLEANING,Quito,Pichincha,C,12,0,983.4544023150114
2017-08-22,17,DAIRY,Quito,Pichincha,C,12,0,614.9888265375438
2017-08-22,17,DELI,Quito,Pichincha,C,12,0,406.32592141898783
2017-08-22,17,EGGS,Quito,Pichincha,C,12,0,177.8093451549546
2017-08-22,17,FROZEN FOODS,Quito,Pichincha,C,12,0,108.98712532595572
2017-08-22,17,GROCERY I,Quito,Pichincha,C,12,0,4122.315981432977
2017-08-22,17,GROCERY II,Quito,Pichincha,C,12,0,9.096554327560126
2017-08-22,17,HARDWARE,Quito,Pichincha,C,12,0,1.09210770349094
2017-08-22,17,HOME AND KITCHEN I,Quito,Pichincha,C,12,0,19.201651740496953
2017-08-22,17,HOME AND KITCHEN II,Quito,Pichincha,C,12,0,18.93655376308149
2017-08-22,17,HOME APPLIANCES,Quito,Pichincha,C,12,0,0.33805395505816566
2017-08-22,17,HOME CARE,Quito,Pichincha,C,12,0,248.23799682274202
2017-08-22,17,LADIESWEAR,Quito,Pichincha,C,12,0,1.6180256211648028
2017-08-22,17,LAWN AND GARDEN,Quito,Pichincha,C,12,0,1.4063176578156942
2017-08-22,17,LINGERIE,Quito,Pichincha,C,12,0,3.3428976224157516
2017-08-22,17,"LIQUOR,WINE,BEER",Quito,Pichincha,C,12,0,26.676959061240552
2017-08-22,17,MAGAZINES,Quito,Pichincha,C,12,0,2.166962229879461
2017-08-22,17,MEATS,Quito,Pichincha,C,12,0,260.70872499240807
2017-08-22,17,PERSONAL CARE,Quito,Pichincha,C,12,0,240.56973550321905
2017-08-22,17,PET SUPPLIES,Quito,Pichincha,C,12,0,1.6359831253713586
2017-08-22,17,PLAYERS AND ELECTRONICS,Quito,Pichincha,C,12,0,3.3641187365161977
2017-08-22,17,POULTRY,Quito,Pichincha,C,12,0,316.6296786272539
2017-08-22,17,PREPARED FOODS,Quito,Pichincha,C,12,0,46.594252913536636
2017-08-22,17,PRODUCE,Quito,Pichincha,C,12,0,1876.9217366024698
2017-08-22,17,SCHOOL AND OFFICE SUPPLIES,Quito,Pichincha,C,12,0,26.21022996884214
2017-08-22,17,SEAFOOD,Quito,Pichincha,C,12,0,6.842445942636233
2017-08-22,18,AUTOMOTIVE,Quito,Pichincha,B,16,0,2.3233419479726543
2017-08-22,18,BABY CARE,Quito,Pichincha,B,16,0,1.0947208571456883
2017-08-22,18,BEAUTY,Quito,Pichincha,B,16,0,2.4462584713850886
2017-08-22,18,BEVERAGES,Quito,Pichincha,B,16,0,1939.4644299853069
2017-08-22,18,BOOKS,Quito,Pichincha,B,16,0,0.364839063261254
2017-08-22,18,BREAD/BAKERY,Quito,Pichincha,B,16,0,514.0560957560382
2017-08-22,18,CELEBRATION,Quito,Pichincha,B,16,0,5.115520580314327
2017-08-22,18,CLEANING,Quito,Pichincha,B,16,0,507.62064383064575
2017-08-22,18,DAIRY,Quito,Pichincha,B,16,0,535.3726262099659
2017-08-22,18,DELI,Quito,Pichincha,B,16,0,172.5571920547333
2017-08-22,18,EGGS,Quito,Pichincha,B,16,0,152.47327655678856
2017-08-22,18,FROZEN FOODS,Quito,Pichincha,B,16,0,45.65159948704142
2017-08-22,18,GROCERY I,Quito,Pichincha,B,16,0,2566.01630673947
2017-08-22,18,GROCERY II,Quito,Pichincha,B,16,0,6.532207855705532
2017-08-22,18,HARDWARE,Quito,Pichincha,B,16,0,0.996607806922199
2017-08-22,18,HOME AND KITCHEN I,Quito,Pichincha,B,16,0,19.201651740496953
2017-08-22,18,HOME AND KITCHEN II,Quito,Pichincha,B,16,0,20.18422408467761
2017-08-22,18,HOME APPLIANCES,Quito,Pichincha,B,16,0,0.33805395505816566
2017-08-22,18,HOME CARE,Quito,Pichincha,B,16,0,155.94640079362821
2017-08-22,18,LADIESWEAR,Quito,Pichincha,B,16,0,4.29897182124972
2017-08-22,18,LAWN AND GARDEN,Quito,Pichincha,B,16,0,1.6374931040893752
2017-08-22,18,LINGERIE,Quito,Pichincha,B,16,0,2.7166449270062696
2017-08-22,18,"LIQUOR,WINE,BEER",Quito,Pichincha,B,16,0,43.331006741612185
2017-08-22,18,MAGAZINES,Quito,Pichincha,B,16,0,1.5498215076473203
2017-08-22,18,MEATS,Quito,Pichincha,B,16,0,84.34301619255815
2017-08-22,18,PERSONAL CARE,Quito,Pichincha,B,16,0,132.26939762476115
2017-08-22,18,PET SUPPLIES,Quito,Pichincha,B,16,0,1.6225689054625714
2017-08-22,18,PLAYERS AND ELECTRONICS,Quito,Pichincha,B,16,0,3.5644573101561816
2017-08-22,18,POULTRY,Quito,Pichincha,B,16,0,140.98733528366537
2017-08-22,18,PREPARED FOODS,Quito,Pichincha,B,16,0,46.594252913536636
2017-08-22,18,PRODUCE,Quito,Pichincha,B,16,0,2413.6354694800484
2017-08-22,18,SCHOOL AND OFFICE SUPPLIES,Quito,Pichincha,B,16,0,29.487805880920902
2017-08-22,18,SEAFOOD,Quito,Pichincha,B,16,0,10.491718486561478
2017-08-22,19,AUTOMOTIVE,Guaranda,Bolivar,C,15,0,3.5945599511535167
2017-08-22,19,BABY CARE,Guaranda,Bolivar,C,15,0,0.9346993340652962
2017-08-22,19,BEAUTY,Guaranda,Bolivar,C,15,0,2.400196126305841
2017-08-22,19,BEVERAGES,Guaranda,Bolivar,C,15,0,2330.7689541173404
2017-08-22,19,BOOKS,Guaranda,Bolivar,C,15,0,0.8225911143889616
2017-08-22,19,BREAD/BAKERY,Guaranda,Bolivar,C,15,0,170.75698382100433
2017-08-22,19,CELEBRATION,Guaranda,Bolivar,C,15,0,3.883467935753948
2017-08-22,19,CLEANING,Guaranda,Bolivar,C,15,0,799.9227708036359
2017-08-22,19,DAIRY,Guaranda,Bolivar,C,15,0,299.9765303348295
2017-08-22,19,DELI,Guaranda,Bolivar,C,15,0,288.8087121927642
2017-08-22,19,EGGS,Guaranda,Bolivar,C,15,0,44.393951511507495
2017-08-22,19,FROZEN FOODS,Guaranda,Bolivar,C,15,0,30.586765772911008
2017-08-22,19,GROCERY I,Guaranda,Bolivar,C,15,0,2993.504070336131
2017-08-22,19,GROCERY II,Guaranda,Bolivar,C,15,0,9.967268696618222
2017-08-22,19,HARDWARE,Guaranda,Bolivar,C,15,0,1.0677617301154871
2017-08-22,19,HOME AND KITCHEN I,Guaranda,Bolivar,C,15,0,7.564868203121369
2017-08-22,19,HOME AND KITCHEN II,Guaranda,Bolivar,C,15,0,12.688614988538854
2017-08-22,19,HOME APPLIANCES,Guaranda,Bolivar,C,15,0,0.7958060061858733
2017-08-22,19,HOME CARE,Guaranda,Bolivar,C,15,0,170.19980698134916
2017-08-22,19,LADIESWEAR,Guaranda,Bolivar,C,15,0,5.444879083644141
2017-08-22,19,LAWN AND GARDEN,Guaranda,Bolivar,C,15,0,1.7535582917700638
2017-08-22,19,LINGERIE,Guaranda,Bolivar,C,15,0,3.5945599511535167
2017-08-22,19,"LIQUOR,WINE,BEER",Guaranda,Bolivar,C,15,0,35.47867990571017
2017-08-22,19,MAGAZINES,Guaranda,Bolivar,C,15,0,2.8084618046813588
2017-08-22,19,MEATS,Guaranda,Bolivar,C,15,0,130.3499288453356
2017-08-22,19,PERSONAL CARE,Guaranda,Bolivar,C,15,0,158.9567018102576
2017-08-22,19,PET SUPPLIES,Guaranda,Bolivar,C,15,0,1.9832237593257283
2017-08-22,19,PLAYERS AND ELECTRONICS,Guaranda,Bolivar,C,15,0,3.5798552235919696
2017-08-22,19,POULTRY,Guaranda,Bolivar,C,15,0,91.61813056780689
2017-08-22,19,PREPARED FOODS,Guaranda,Bolivar,C,15,0,22.341808815478473
2017-08-22,19,PRODUCE,Guaranda,Bolivar,C,15,0,471.2230811019881
2017-08-22,19,SCHOOL AND OFFICE SUPPLIES,Guaranda,Bolivar,C,15,0,3.829047017376289
2017-08-22,19,SEAFOOD,Guaranda,Bolivar,C,15,0,3.9264026716720988
2017-08-22,20,AUTOMOTIVE,Quito,Pichincha,B,6,0,4.591097538473361
2017-08-22,20,BABY CARE,Quito,Pichincha,B,6,0,1.0116617595479271
2017-08-22,20,BEAUTY,Quito,Pichincha,B,6,0,2.2545181089237447
2017-08-22,20,BEVERAGES,Quito,Pichincha,B,6,0,3358.0657840833314
2017-08-22,20,BOOKS,Quito,Pichincha,B,6,0,0.7355750487868439
2017-08-22,20,BREAD/BAKERY,Quito,Pichincha,B,6,0,421.94277229488966
2017-08-22,20,CELEBRATION,Quito,Pichincha,B,6,0,3.5554282647687394
2017-08-22,20,CLEANING,Quito,Pichincha,B,6,0,992.2038932550225
2017-08-22,20,DAIRY,Quito,Pichincha,B,6,0,599.1737864861698
2017-08-22,20,DELI,Quito,Pichincha,B,6,0,582.7420438491658
2017-08-22,20,EGGS,Quito,Pichincha,B,6,0,86.03945866270328
2017-08-22,20,FROZEN FOODS,Quito,Pichincha,B,6,0,75.93510860122386
2017-08-22,20,GROCERY I,Quito,Pichincha,B,6,0,4757.724897615278
2017-08-22,20,GROCERY II,Quito,Pichincha,B,6,0,8.280877446513669
2017-08-22,20,HARDWARE,Quito,Pichincha,B,6,0,1.009048605893178
2017-08-22,20,HOME AND KITCHEN I,Quito,Pichincha,B,6,0,15.515074690523871
2017-08-22,20,HOME AND KITCHEN II,Quito,Pichincha,B,6,0,13.747380574949124
2017-08-22,20,HOME APPLIANCES,Quito,Pichincha,B,6,0,0.7087899405837556
2017-08-22,20,HOME CARE,Quito,Pichincha,B,6,0,273.40844111244866
2017-08-22,20,LADIESWEAR,Quito,Pichincha,B,6,0,2.4736004193479504
2017-08-22,20,LAWN AND GARDEN,Quito,Pichincha,B,6,0,3.4057880232223647
2017-08-22,20,LINGERIE,Quito,Pichincha,B,6,0,3.3954356658750644
2017-08-22,20,"LIQUOR,WINE,BEER",Quito,Pichincha,B,6,0,33.47901086093442
2017-08-22,20,MAGAZINES,Quito,Pichincha,B,6,0,2.1004628363389983
2017-08-22,20,MEATS,Quito,Pichincha,B,6,0,283.1584117760214
2017-08-22,20,PERSONAL CARE,Quito,Pichincha,B,6,0,310.9129268409741
2017-08-22,20,PET SUPPLIES,Quito,Pichincha,B,6,0,2.0342589584749904
2017-08-22,20,PLAYERS AND ELECTRONICS,Quito,Pichincha,B,6,0,3.9648776179801555
2017-08-22,20,POULTRY,Quito,Pichincha,B,6,0,267.944754747103
2017-08-22,20,PREPARED FOODS,Quito,Pichincha,B,6,0,59.85884463208723
2017-08-22,20,PRODUCE,Quito,Pichincha,B,6,0,1086.7353199002316
2017-08-22,20,SCHOOL AND OFFICE SUPPLIES,Quito,Pichincha,B,6,0,76.63245817166104
2017-08-22,20,SEAFOOD,Quito,Pichincha,B,6,0,6.107987919245664
2017-08-22,21,AUTOMOTIVE,Santo Domingo,Santo Domingo de los Tsachilas,B,6,0,5.902180605542867
2017-08-22,21,BABY CARE,Santo Domingo,Santo Domingo de los Tsachilas,B,6,0,0.5297677350840461
2017-08-22,21,BEAUTY,Santo Domingo,Santo Domingo de los Tsachilas,B,6,0,2.388567506358208
2017-08-22,21,BEVERAGES,Santo Domingo,Santo Domingo de los Tsachilas,B,6,0,2885.7694345265736
2017-08-22,21,BOOKS,Santo Domingo,Santo Domingo de los Tsachilas,B,6,0,0.41765951540771257
2017-08-22,21,BREAD/BAKERY,Santo Domingo,Santo Domingo de los Tsachilas,B,6,0,420.5034779447828
2017-08-22,21,CELEBRATION,Santo Domingo,Santo Domingo de los Tsachilas,B,6,0,3.5858853663679175
2017-08-22,21,CLEANING,Santo Domingo,Santo Domingo de los Tsachilas,B,6,0,970.4556420435428
2017-08-22,21,DAIRY,Santo Domingo,Santo Domingo de los Tsachilas,B,6,0,534.8979273088041
2017-08-22,21,DELI,Santo Domingo,Santo Domingo de los Tsachilas,B,6,0,285.3366120753416
2017-08-22,21,EGGS,Santo Domingo,Santo Domingo de los Tsachilas,B,6,0,260.88722295044573
2017-08-22,21,FROZEN FOODS,Santo Domingo,Santo Domingo de los Tsachilas,B,6,0,85.1238542448854
2017-08-22,21,GROCERY I,Santo Domingo,Santo Domingo de los Tsachilas,B,6,0,3394.611444122778
2017-08-22,21,GROCERY II,Santo Domingo,Santo Domingo de los Tsachilas,B,6,0,8.841708703928212
2017-08-22,21,HARDWARE,Santo Domingo,Santo Domingo de los Tsachilas,B,6,0,0.5271545814292967
2017-08-22,21,HOME AND KITCHEN I,Santo Domingo,Santo Domingo de los Tsachilas,B,6,0,33.93557239136752
2017-08-22,21,HOME AND KITCHEN II,Santo Domingo,Santo Domingo de los Tsachilas,B,6,0,26.308219061431515
2017-08-22,21,HOME APPLIANCES,Santo Domingo,Santo Domingo de los Tsachilas,B,6,0,0.39087440720462424
2017-08-22,21,HOME CARE,Santo Domingo,Santo Domingo de los Tsachilas,B,6,0,276.37810012841675
2017-08-22,21,LADIESWEAR,Santo Domingo,Santo Domingo de los Tsachilas,B,6,0,3.1445873849329997
2017-08-22,21,LAWN AND GARDEN,Santo Domingo,Santo Domingo de los Tsachilas,B,6,0,2.144499193414471
2017-08-22,21,LINGERIE,Santo Domingo,Santo Domingo de los Tsachilas,B,6,0,4.381900128678707
2017-08-22,21,"LIQUOR,WINE,BEER",Santo Domingo,Santo Domingo de los Tsachilas,B,6,0,77.65960783612113
2017-08-22,21,MAGAZINES,Santo Domingo,Santo Domingo de los Tsachilas,B,6,0,1.6310818182997
2017-08-22,21,MEATS,Santo Domingo,Santo Domingo de los Tsachilas,B,6,0,110.33826077603703
2017-08-22,21,PERSONAL CARE,Santo Domingo,Santo Domingo de los Tsachilas,B,6,0,238.05427539856962
2017-08-22,21,PET SUPPLIES,Santo Domingo,Santo Domingo de los Tsachilas,B,6,0,1.7038292161149506
2017-08-22,21,PLAYERS AND ELECTRONICS,Santo Domingo,Santo Domingo de los Tsachilas,B,6,0,3.7949961459393506
2017-08-22,21,POULTRY,Santo Domingo,Santo Domingo de los Tsachilas,B,6,0,143.91768574680685
2017-08-22,21,PREPARED FOODS,Santo Domingo,Santo Domingo de los Tsachilas,B,6,0,139.0244282462102
2017-08-22,21,PRODUCE,Santo Domingo,Santo Domingo de los Tsachilas,B,6,0,1841.3436299751354
2017-08-22,21,SCHOOL AND OFFICE SUPPLIES,Santo Domingo,Santo Domingo de los Tsachilas,B,6,0,0.37271270465521583
2017-08-22,21,SEAFOOD,Santo Domingo,Santo Domingo de los Tsachilas,B,6,0,2.658953961979389
2017-08-22,22,AUTOMOTIVE,Puyo,Pastaza,C,7,0,2.2656509829457736
2017-08-22,22,BABY CARE,Puyo,Pastaza,C,7,0,0.3071480982343738
2017-08-22,22,BEAUTY,Puyo,Pastaza,C,7,0,1.7316908229880867
2017-08-22,22,BEVERAGES,Puyo,Pastaza,C,7,0,1758.5322902613727
2017-08-22,22,BOOKS,Puyo,Pastaza,C,7,0,0.3071480982343738
2017-08-22,22,BREAD/BAKERY,Puyo,Pastaza,C,7,0,118.84975858763357
2017-08-22,22,CELEBRATION,Puyo,Pastaza,C,7,0,2.6874424139944653
2017-08-22,22,CLEANING,Puyo,Pastaza,C,7,0,526.726778792641
2017-08-22,22,DAIRY,Puyo,Pastaza,C,7,0,280.2092645956286
2017-08-22,22,DELI,Puyo,Pastaza,C,7,0,117.3220374385926
2017-08-22,22,EGGS,Puyo,Pastaza,C,7,0,50.512088038025425
2017-08-22,22,FROZEN FOODS,Puyo,Pastaza,C,7,0,47.92056413365827
2017-08-22,22,GROCERY I,Puyo,Pastaza,C,7,0,2168.946677036862
2017-08-22,22,GROCERY II,Puyo,Pastaza,C,7,0,3.6963141255816363
2017-08-22,22,HARDWARE,Puyo,Pastaza,C,7,0,0.5630804230912904
2017-08-22,22,HOME AND KITCHEN I,Puyo,Pastaza,C,7,0,24.276341379069603
2017-08-22,22,HOME AND KITCHEN II,Puyo,Pastaza,C,7,0,15.044169399405616
2017-08-22,22,HOME APPLIANCES,Puyo,Pastaza,C,7,0,0.28036299003128545
2017-08-22,22,HOME CARE,Puyo,Pastaza,C,7,0,137.7126236386821
2017-08-22,22,LADIESWEAR,Puyo,Pastaza,C,7,0,1.7359209503829243
2017-08-22,22,LAWN AND GARDEN,Puyo,Pastaza,C,7,0,1.3486266927888135
2017-08-22,22,LINGERIE,Puyo,Pastaza,C,7,0,2.917287061164922
2017-08-22,22,"LIQUOR,WINE,BEER",Puyo,Pastaza,C,7,0,64.12948243633463
2017-08-22,22,MAGAZINES,Puyo,Pastaza,C,7,0,1.9121759488705634
2017-08-22,22,MEATS,Puyo,Pastaza,C,7,0,102.49699355926458
2017-08-22,22,PERSONAL CARE,Puyo,Pastaza,C,7,0,123.69450831742427
2017-08-22,22,PET SUPPLIES,Puyo,Pastaza,C,7,0,1.1715304198257979
2017-08-22,22,PLAYERS AND ELECTRONICS,Puyo,Pastaza,C,7,0,2.6083233927558496
2017-08-22,22,POULTRY,Puyo,Pastaza,C,7,0,133.6812591017477
2017-08-22,22,PREPARED FOODS,Puyo,Pastaza,C,7,0,24.33106619547591
2017-08-22,22,PRODUCE,Puyo,Pastaza,C,7,0,535.459040860526
2017-08-22,22,SCHOOL AND OFFICE SUPPLIES,Puyo,Pastaza,C,7,0,2.576335810161389
2017-08-22,22,SEAFOOD,Puyo,Pastaza,C,7,0,2.176039768837291
2017-08-22,23,AUTOMOTIVE,Ambato,Tungurahua,D,9,0,2.6629039847296725
2017-08-22,23,BABY CARE,Ambato,Tungurahua,D,9,0,1.1711365659565405
2017-08-22,23,BEAUTY,Ambato,Tungurahua,D,9,0,2.536502091199013
2017-08-22,23,BEVERAGES,Ambato,Tungurahua,D,9,0,1268.077300881335
2017-08-22,23,BOOKS,Ambato,Tungurahua,D,9,0,1.1711365659565405
2017-08-22,23,BREAD/BAKERY,Ambato,Tungurahua,D,9,0,252.40297908882698
2017-08-22,23,CELEBRATION,Ambato,Tungurahua,D,9,0,4.882883361893516
2017-08-22,23,CLEANING,Ambato,Tungurahua,D,9,0,461.30031410152196
2017-08-22,23,DAIRY,Ambato,Tungurahua,D,9,0,428.35836643347454
2017-08-22,23,DELI,Ambato,Tungurahua,D,9,0,96.9733742969619
2017-08-22,23,EGGS,Ambato,Tungurahua,D,9,0,39.12309513302737
2017-08-22,23,FROZEN FOODS,Ambato,Tungurahua,D,9,0,63.662663191896705
2017-08-22,23,GROCERY I,Ambato,Tungurahua,D,9,0,1940.4038030027941
2017-08-22,23,GROCERY II,Ambato,Tungurahua,D,9,0,18.419864155145863
2017-08-22,23,HARDWARE,Ambato,Tungurahua,D,9,0,1.1685234123017918
2017-08-22,23,HOME AND KITCHEN I,Ambato,Tungurahua,D,9,0,7.557189605924016
2017-08-22,23,HOME AND KITCHEN II,Ambato,Tungurahua,D,9,0,15.441422401189506
2017-08-22,23,HOME APPLIANCES,Ambato,Tungurahua,D,9,0,0.8682647469923729
2017-08-22,23,HOME CARE,Ambato,Tungurahua,D,9,0,113.60555277733854
2017-08-22,23,LADIESWEAR,Ambato,Tungurahua,D,9,0,13.688123341459036
2017-08-22,23,LAWN AND GARDEN,Ambato,Tungurahua,D,9,0,2.541752195198374
2017-08-22,23,LINGERIE,Ambato,Tungurahua,D,9,0,2.8775197269460473
2017-08-22,23,"LIQUOR,WINE,BEER",Ambato,Tungurahua,D,9,0,44.11730809103303
2017-08-22,23,MAGAZINES,Ambato,Tungurahua,D,9,0,3.311464198863202
2017-08-22,23,MEATS,Ambato,Tungurahua,D,9,0,659.2493867957083
2017-08-22,23,PERSONAL CARE,Ambato,Tungurahua,D,9,0,123.00423706162375
2017-08-22,23,PET SUPPLIES,Ambato,Tungurahua,D,9,0,3.288633291461847
2017-08-22,23,PLAYERS AND ELECTRONICS,Ambato,Tungurahua,D,9,0,3.7966703173179783
2017-08-22,23,POULTRY,Ambato,Tungurahua,D,9,0,331.6705980812317
2017-08-22,23,PREPARED FOODS,Ambato,Tungurahua,D,9,0,22.086157899739224
2017-08-22,23,PRODUCE,Ambato,Tungurahua,D,9,0,1053.881254299366
2017-08-22,23,SCHOOL AND OFFICE SUPPLIES,Ambato,Tungurahua,D,9,0,0.8501030444429644
2017-08-22,23,SEAFOOD,Ambato,Tungurahua,D,9,0,3.718385500834762
2017-08-22,24,AUTOMOTIVE,Guayaquil,Guayas,D,1,0,2.827277318939812
2017-08-22,24,BABY CARE,Guayaquil,Guayas,D,1,0,1.2274511797381509
2017-08-22,24,BEAUTY,Guayaquil,Guayas,D,1,0,2.6993737267684703
2017-08-22,24,BEVERAGES,Guayaquil,Guayas,D,1,0,3016.378103386932
2017-08-22,24,BOOKS,Guayaquil,Guayas,D,1,0,1.2274511797381509
2017-08-22,24,BREAD/BAKERY,Guayaquil,Guayas,D,1,0,652.9677236271809
2017-08-22,24,CELEBRATION,Guayaquil,Guayas,D,1,0,10.147094055582505
2017-08-22,24,CLEANING,Guayaquil,Guayas,D,1,0,973.6864027331752
2017-08-22,24,DAIRY,Guayaquil,Guayas,D,1,0,1147.232784697073
2017-08-22,24,DELI,Guayaquil,Guayas,D,1,0,239.9571877316959
2017-08-22,24,EGGS,Guayaquil,Guayas,D,1,0,209.83194839950613
2017-08-22,24,FROZEN FOODS,Guayaquil,Guayas,D,1,0,131.19031811467426
2017-08-22,24,GROCERY I,Guayaquil,Guayas,D,1,0,3604.09298279807
2017-08-22,24,GROCERY II,Guayaquil,Guayas,D,1,0,29.816798202996768
2017-08-22,24,HARDWARE,Guayaquil,Guayas,D,1,0,1.6501564283657801
2017-08-22,24,HOME AND KITCHEN I,Guayaquil,Guayas,D,1,0,15.762834992386573
2017-08-22,24,HOME AND KITCHEN II,Guayaquil,Guayas,D,1,0,24.807915275739564
2017-08-22,24,HOME APPLIANCES,Guayaquil,Guayas,D,1,0,1.2006660715350623
2017-08-22,24,HOME CARE,Guayaquil,Guayas,D,1,0,228.68723878512094
2017-08-22,24,LADIESWEAR,Guayaquil,Guayas,D,1,0,4.694848471788343
2017-08-22,24,LAWN AND GARDEN,Guayaquil,Guayas,D,1,0,24.611757959891207
2017-08-22,24,LINGERIE,Guayaquil,Guayas,D,1,0,6.355748221108374
2017-08-22,24,"LIQUOR,WINE,BEER",Guayaquil,Guayas,D,1,0,69.26368548718777
2017-08-22,24,MAGAZINES,Guayaquil,Guayas,D,1,0,8.549099232653381
2017-08-22,24,MEATS,Guayaquil,Guayas,D,1,0,346.04887407280125
2017-08-22,24,PERSONAL CARE,Guayaquil,Guayas,D,1,0,245.38158686473983
2017-08-22,24,PET SUPPLIES,Guayaquil,Guayas,D,1,0,14.214659600024467
2017-08-22,24,PLAYERS AND ELECTRONICS,Guayaquil,Guayas,D,1,0,5.432278209614338
2017-08-22,24,POULTRY,Guayaquil,Guayas,D,1,0,446.94486620539976
2017-08-22,24,PREPARED FOODS,Guayaquil,Guayas,D,1,0,105.93469553497421
2017-08-22,24,PRODUCE,Guayaquil,Guayas,D,1,0,3082.9395370495686
2017-08-22,24,SCHOOL AND OFFICE SUPPLIES,Guayaquil,Guayas,D,1,0,1.182504368985654
2017-08-22,24,SEAFOOD,Guayaquil,Guayas,D,1,0,22.363405441314065
2017-08-22,25,AUTOMOTIVE,Salinas,Santa Elena,D,1,0,3.730027101340865
2017-08-22,25,BABY CARE,Salinas,Santa Elena,D,1,0,0.8665942112132293
2017-08-22,25,BEAUTY,Salinas,Santa Elena,D,1,0,2.7502790187095667
2017-08-22,25,BEVERAGES,Salinas,Santa Elena,D,1,0,1438.4184022412646
2017-08-22,25,BOOKS,Salinas,Santa Elena,D,1,0,0.8665942112132293
2017-08-22,25,BREAD/BAKERY,Salinas,Santa Elena,D,1,0,330.87686454983873
2017-08-22,25,CELEBRATION,Salinas,Santa Elena,D,1,0,4.954177425954231
2017-08-22,25,CLEANING,Salinas,Santa Elena,D,1,0,326.32721571062757
2017-08-22,25,DAIRY,Salinas,Santa Elena,D,1,0,458.95992743489427
2017-08-22,25,DELI,Salinas,Santa Elena,D,1,0,122.53985660124538
2017-08-22,25,EGGS,Salinas,Santa Elena,D,1,0,111.53135213951009
2017-08-22,25,FROZEN FOODS,Salinas,Santa Elena,D,1,0,87.23926212212965
2017-08-22,25,GROCERY I,Salinas,Santa Elena,D,1,0,1431.6875542086482
2017-08-22,25,GROCERY II,Salinas,Santa Elena,D,1,0,18.527084060868567
2017-08-22,25,HARDWARE,Salinas,Santa Elena,D,1,0,1.546829508838242
2017-08-22,25,HOME AND KITCHEN I,Salinas,Santa Elena,D,1,0,19.648433682976666
2017-08-22,25,HOME AND KITCHEN II,Salinas,Santa Elena,D,1,0,7.399311534231267
2017-08-22,25,HOME APPLIANCES,Salinas,Santa Elena,D,1,0,0.839809103010141
2017-08-22,25,HOME CARE,Salinas,Santa Elena,D,1,0,84.27358951870114
2017-08-22,25,LADIESWEAR,Salinas,Santa Elena,D,1,0,1.8971611322671047
2017-08-22,25,LAWN AND GARDEN,Salinas,Santa Elena,D,1,0,17.142259051232816
2017-08-22,25,LINGERIE,Salinas,Santa Elena,D,1,0,3.88266910894024
2017-08-22,25,"LIQUOR,WINE,BEER",Salinas,Santa Elena,D,1,0,184.506295899683
2017-08-22,25,MAGAZINES,Salinas,Santa Elena,D,1,0,12.690221355991024
2017-08-22,25,MEATS,Salinas,Santa Elena,D,1,0,174.52123835262097
2017-08-22,25,PERSONAL CARE,Salinas,Santa Elena,D,1,0,95.0204424221021
2017-08-22,25,PET SUPPLIES,Salinas,Santa Elena,D,1,0,3.3958531971845547
2017-08-22,25,PLAYERS AND ELECTRONICS,Salinas,Santa Elena,D,1,0,3.810900678995923
2017-08-22,25,POULTRY,Salinas,Santa Elena,D,1,0,157.92981405014393
2017-08-22,25,PREPARED FOODS,Salinas,Santa Elena,D,1,0,34.55461674432016
2017-08-22,25,PRODUCE,Salinas,Santa Elena,D,1,0,1127.2070829143672
2017-08-22,25,SCHOOL AND OFFICE SUPPLIES,Salinas,Santa Elena,D,1,0,1.2284091409794133
2017-08-22,25,SEAFOOD,Salinas,Santa Elena,D,1,0,4.025943980197454
2017-08-22,26,AUTOMOTIVE,Guayaquil,Guayas,D,10,0,2.9284793872069868
2017-08-22,26,BABY CARE,Guayaquil,Guayas,D,10,0,0.8032481203011544
2017-08-22,26,BEAUTY,Guayaquil,Guayas,D,10,0,1.743958602729782
2017-08-22,26,BEVERAGES,Guayaquil,Guayas,D,10,0,752.7567956923269
2017-08-22,26,BOOKS,Guayaquil,Guayas,D,10,0,0.8032481203011544
2017-08-22,26,BREAD/BAKERY,Guayaquil,Guayas,D,10,0,208.06019045424597
2017-08-22,26,CELEBRATION,Guayaquil,Guayas,D,10,0,3.7480617620002947
2017-08-22,26,CLEANING,Guayaquil,Guayas,D,10,0,272.29940913543345
2017-08-22,26,DAIRY,Guayaquil,Guayas,D,10,0,229.47129586535618
2017-08-22,26,DELI,Guayaquil,Guayas,D,10,0,77.92463483156067
2017-08-22,26,EGGS,Guayaquil,Guayas,D,10,0,23.468542958675332
2017-08-22,26,FROZEN FOODS,Guayaquil,Guayas,D,10,0,21.83785222903078
2017-08-22,26,GROCERY I,Guayaquil,Guayas,D,10,0,1124.4041830953986
2017-08-22,26,GROCERY II,Guayaquil,Guayas,D,10,0,4.68748842552626
2017-08-22,26,HARDWARE,Guayaquil,Guayas,D,10,0,1.1722215739762256
2017-08-22,26,HOME AND KITCHEN I,Guayaquil,Guayas,D,10,0,6.3238103801308565
2017-08-22,26,HOME AND KITCHEN II,Guayaquil,Guayas,D,10,0,3.937005988695752
2017-08-22,26,HOME APPLIANCES,Guayaquil,Guayas,D,10,0,1.052549722859145
2017-08-22,26,HOME CARE,Guayaquil,Guayas,D,10,0,62.90249122406861
2017-08-22,26,LADIESWEAR,Guayaquil,Guayas,D,10,0,2.2915317017002343
2017-08-22,26,LAWN AND GARDEN,Guayaquil,Guayas,D,10,0,2.8073275976756893
2017-08-22,26,LINGERIE,Guayaquil,Guayas,D,10,0,2.4321509741561056
2017-08-22,26,"LIQUOR,WINE,BEER",Guayaquil,Guayas,D,10,0,16.545529716773363
2017-08-22,26,MAGAZINES,Guayaquil,Guayas,D,10,0,1.6433495980413952
2017-08-22,26,MEATS,Guayaquil,Guayas,D,10,0,219.80630803203854
2017-08-22,26,PERSONAL CARE,Guayaquil,Guayas,D,10,0,101.47516266380103
2017-08-22,26,PET SUPPLIES,Guayaquil,Guayas,D,10,0,2.290374613575409
2017-08-22,26,PLAYERS AND ELECTRONICS,Guayaquil,Guayas,D,10,0,2.556397522273818
2017-08-22,26,POULTRY,Guayaquil,Guayas,D,10,0,112.67033382532001
2017-08-22,26,PREPARED FOODS,Guayaquil,Guayas,D,10,0,23.12319267925704
2017-08-22,26,PRODUCE,Guayaquil,Guayas,D,10,0,368.1858790661555
2017-08-22,26,SCHOOL AND OFFICE SUPPLIES,Guayaquil,Guayas,D,10,0,1.129887916878478
2017-08-22,26,SEAFOOD,Guayaquil,Guayas,D,10,0,2.7857179920517403
2017-08-22,27,AUTOMOTIVE,Daule,Guayas,D,1,0,3.2304561758201786
2017-08-22,27,BABY CARE,Daule,Guayas,D,1,0,0.46992828448705704
2017-08-22,27,BEAUTY,Daule,Guayas,D,1,0,1.4406759261174156
2017-08-22,27,BEVERAGES,Daule,Guayas,D,1,0,2476.8534836101458
2017-08-22,27,BOOKS,Daule,Guayas,D,1,0,0.23875283821337578
2017-08-22,27,BREAD/BAKERY,Daule,Guayas,D,1,0,573.2503998637883
2017-08-22,27,CELEBRATION,Daule,Guayas,D,1,0,14.707485147096698
2017-08-22,27,CLEANING,Daule,Guayas,D,1,0,779.5082886979085
2017-08-22,27,DAIRY,Daule,Guayas,D,1,0,899.2240350015251
2017-08-22,27,DELI,Daule,Guayas,D,1,0,256.15825681892136
2017-08-22,27,EGGS,Daule,Guayas,D,1,0,219.26962028624888
2017-08-22,27,FROZEN FOODS,Daule,Guayas,D,1,0,103.93474729240538
2017-08-22,27,GROCERY I,Daule,Guayas,D,1,0,3218.9257776331947
2017-08-22,27,GROCERY II,Daule,Guayas,D,1,0,30.965604045773766
2017-08-22,27,HARDWARE,Daule,Guayas,D,1,0,1.816973579009264
2017-08-22,27,HOME AND KITCHEN I,Daule,Guayas,D,1,0,15.0182524799504
2017-08-22,27,HOME AND KITCHEN II,Daule,Guayas,D,1,0,24.669112703734793
2017-08-22,27,HOME APPLIANCES,Daule,Guayas,D,1,0,0.21196773001028746
2017-08-22,27,HOME CARE,Daule,Guayas,D,1,0,198.56312085120913
2017-08-22,27,LADIESWEAR,Daule,Guayas,D,1,0,4.784858429454213
2017-08-22,27,LAWN AND GARDEN,Daule,Guayas,D,1,0,29.726819076719536
2017-08-22,27,LINGERIE,Daule,Guayas,D,1,0,5.611165708672195
2017-08-22,27,"LIQUOR,WINE,BEER",Daule,Guayas,D,1,0,99.4888773974717
2017-08-22,27,MAGAZINES,Daule,Guayas,D,1,0,2.527617994992028
2017-08-22,27,MEATS,Daule,Guayas,D,1,0,254.86369865243813
2017-08-22,27,PERSONAL CARE,Daule,Guayas,D,1,0,221.7332131150431
2017-08-22,27,PET SUPPLIES,Daule,Guayas,D,1,0,5.089840369007503
2017-08-22,27,PLAYERS AND ELECTRONICS,Daule,Guayas,D,1,0,5.560535139448652
2017-08-22,27,POULTRY,Daule,Guayas,D,1,0,340.8858815542547
2017-08-22,27,PREPARED FOODS,Daule,Guayas,D,1,0,79.58572013008694
2017-08-22,27,PRODUCE,Daule,Guayas,D,1,0,2177.400039842056
2017-08-22,27,SCHOOL AND OFFICE SUPPLIES,Daule,Guayas,D,1,0,0.7010681844956411
2017-08-22,27,SEAFOOD,Daule,Guayas,D,1,0,14.64307085341963
2017-08-22,28,AUTOMOTIVE,Guayaquil,Guayas,E,10,0,4.014091694344632
2017-08-22,28,BABY CARE,Guayaquil,Guayas,E,10,0,1.367093051423463
2017-08-22,28,BEAUTY,Guayaquil,Guayas,E,10,0,3.0815267016519727
2017-08-22,28,BEVERAGES,Guayaquil,Guayas,E,10,0,2983.607266148912
2017-08-22,28,BOOKS,Guayaquil,Guayas,E,10,0,1.367093051423463
2017-08-22,28,BREAD/BAKERY,Guayaquil,Guayas,E,10,0,592.1444470777907
2017-08-22,28,CELEBRATION,Guayaquil,Guayas,E,10,0,8.29603317830791
2017-08-22,28,CLEANING,Guayaquil,Guayas,E,10,0,1039.9221714862963
2017-08-22,28,DAIRY,Guayaquil,Guayas,E,10,0,880.4841729448788
2017-08-22,28,DELI,Guayaquil,Guayas,E,10,0,315.2194259035457
2017-08-22,28,EGGS,Guayaquil,Guayas,E,10,0,263.99936359561053
2017-08-22,28,FROZEN FOODS,Guayaquil,Guayas,E,10,0,63.47694866055915
2017-08-22,28,GROCERY I,Guayaquil,Guayas,E,10,0,4324.563892417333
2017-08-22,28,GROCERY II,Guayaquil,Guayas,E,10,0,20.07000047103084
2017-08-22,28,HARDWARE,Guayaquil,Guayas,E,10,0,1.5001554474736514
2017-08-22,28,HOME AND KITCHEN I,Guayaquil,Guayas,E,10,0,27.176376013326767
2017-08-22,28,HOME AND KITCHEN II,Guayaquil,Guayas,E,10,0,16.46439137133
2017-08-22,28,HOME APPLIANCES,Guayaquil,Guayas,E,10,0,1.5119093345873051
2017-08-22,28,HOME CARE,Guayaquil,Guayas,E,10,0,248.42603351695544
2017-08-22,28,LADIESWEAR,Guayaquil,Guayas,E,10,0,2.9966781426009086
2017-08-22,28,LAWN AND GARDEN,Guayaquil,Guayas,E,10,0,5.824225846205214
2017-08-22,28,LINGERIE,Guayaquil,Guayas,E,10,0,4.2503561096466
2017-08-22,28,"LIQUOR,WINE,BEER",Guayaquil,Guayas,E,10,0,39.902480089345715
2017-08-22,28,MAGAZINES,Guayaquil,Guayas,E,10,0,2.330357072444065
2017-08-22,28,MEATS,Guayaquil,Guayas,E,10,0,201.31232687439547
2017-08-22,28,PERSONAL CARE,Guayaquil,Guayas,E,10,0,272.5201945209539
2017-08-22,28,PET SUPPLIES,Guayaquil,Guayas,E,10,0,3.3479240356263626
2017-08-22,28,PLAYERS AND ELECTRONICS,Guayaquil,Guayas,E,10,0,3.939734503228469
2017-08-22,28,POULTRY,Guayaquil,Guayas,E,10,0,186.014652731276
2017-08-22,28,PREPARED FOODS,Guayaquil,Guayas,E,10,0,85.45097989582256
2017-08-22,28,PRODUCE,Guayaquil,Guayas,E,10,0,2223.7297646207985
2017-08-22,28,SCHOOL AND OFFICE SUPPLIES,Guayaquil,Guayas,E,10,0,1.7289079811896466
2017-08-22,28,SEAFOOD,Guayaquil,Guayas,E,10,0,4.538585910456638
2017-08-22,29,AUTOMOTIVE,Guayaquil,Guayas,E,10,0,3.9544392307900194
2017-08-22,29,BABY CARE,Guayaquil,Guayas,E,10,0,1.367093051423463
2017-08-22,29,BEAUTY,Guayaquil,Guayas,E,10,0,3.375785642499499
2017-08-22,29,BEVERAGES,Guayaquil,Guayas,E,10,0,3046.060189499387
2017-08-22,29,BOOKS,Guayaquil,Guayas,E,10,0,1.367093051423463
2017-08-22,29,BREAD/BAKERY,Guayaquil,Guayas,E,10,0,762.6890984914745
2017-08-22,29,CELEBRATION,Guayaquil,Guayas,E,10,0,8.54184753796455
2017-08-22,29,CLEANING,Guayaquil,Guayas,E,10,0,836.5666282647263
2017-08-22,29,DAIRY,Guayaquil,Guayas,E,10,0,625.7823976331748
2017-08-22,29,DELI,Guayaquil,Guayas,E,10,0,271.0644005630989
2017-08-22,29,EGGS,Guayaquil,Guayas,E,10,0,243.16066981473764
2017-08-22,29,FROZEN FOODS,Guayaquil,Guayas,E,10,0,70.33194948939793
2017-08-22,29,GROCERY I,Guayaquil,Guayas,E,10,0,3591.297924701984
2017-08-22,29,GROCERY II,Guayaquil,Guayas,E,10,0,16.926644007350475
2017-08-22,29,HARDWARE,Guayaquil,Guayas,E,10,0,2.1890475540925305
2017-08-22,29,HOME AND KITCHEN I,Guayaquil,Guayas,E,10,0,25.05995123243167
2017-08-22,29,HOME AND KITCHEN II,Guayaquil,Guayas,E,10,0,17.782895652043113
2017-08-22,29,HOME APPLIANCES,Guayaquil,Guayas,E,10,0,1.3403079432203744
2017-08-22,29,HOME CARE,Guayaquil,Guayas,E,10,0,235.88669710822833
2017-08-22,29,LADIESWEAR,Guayaquil,Guayas,E,10,0,2.9966781426009086
2017-08-22,29,LAWN AND GARDEN,Guayaquil,Guayas,E,10,0,3.9288657464753234
2017-08-22,29,LINGERIE,Guayaquil,Guayas,E,10,0,3.9544392307900194
2017-08-22,29,"LIQUOR,WINE,BEER",Guayaquil,Guayas,E,10,0,71.22900195870695
2017-08-22,29,MAGAZINES,Guayaquil,Guayas,E,10,0,2.6235405595919628
2017-08-22,29,MEATS,Guayaquil,Guayas,E,10,0,117.24243118540083
2017-08-22,29,PERSONAL CARE,Guayaquil,Guayas,E,10,0,202.220216309217
2017-08-22,29,PET SUPPLIES,Guayaquil,Guayas,E,10,0,2.7322137990692075
2017-08-22,29,PLAYERS AND ELECTRONICS,Guayaquil,Guayas,E,10,0,4.0353128084450764
2017-08-22,29,POULTRY,Guayaquil,Guayas,E,10,0,169.41056475174818
2017-08-22,29,PREPARED FOODS,Guayaquil,Guayas,E,10,0,69.92875903634128
2017-08-22,29,PRODUCE,Guayaquil,Guayas,E,10,0,1963.6901528775438
2017-08-22,29,SCHOOL AND OFFICE SUPPLIES,Guayaquil,Guayas,E,10,0,1.4937476320378968
2017-08-22,29,SEAFOOD,Guayaquil,Guayas,E,10,0,4.431236880861417
2017-08-22,30,AUTOMOTIVE,Guayaquil,Guayas,C,3,0,3.500029505949071
2017-08-22,30,BABY CARE,Guayaquil,Guayas,C,3,0,1.5152094000993803
2017-08-22,30,BEAUTY,Guayaquil,Guayas,C,3,0,2.307996234994623
2017-08-22,30,BEVERAGES,Guayaquil,Guayas,C,3,0,1345.652043001575
2017-08-22,30,BOOKS,Guayaquil,Guayas,C,3,0,1.4031011804230475
2017-08-22,30,BREAD/BAKERY,Guayaquil,Guayas,C,3,0,159.31913639598235
2017-08-22,30,CELEBRATION,Guayaquil,Guayas,C,3,0,4.514852137507647
2017-08-22,30,CLEANING,Guayaquil,Guayas,C,3,0,566.723917380049
2017-08-22,30,DAIRY,Guayaquil,Guayas,C,3,0,265.6887674869438
2017-08-22,30,DELI,Guayaquil,Guayas,C,3,0,111.45373440407248
2017-08-22,30,EGGS,Guayaquil,Guayas,C,3,0,115.99041549456447
2017-08-22,30,FROZEN FOODS,Guayaquil,Guayas,C,3,0,42.2832737225339
2017-08-22,30,GROCERY I,Guayaquil,Guayas,C,3,0,1926.1142873754432
2017-08-22,30,GROCERY II,Guayaquil,Guayas,C,3,0,6.018389234954549
2017-08-22,30,HARDWARE,Guayaquil,Guayas,C,3,0,1.5125962464446316
2017-08-22,30,HOME AND KITCHEN I,Guayaquil,Guayas,C,3,0,8.754916859837529
2017-08-22,30,HOME AND KITCHEN II,Guayaquil,Guayas,C,3,0,4.796785908247866
2017-08-22,30,HOME APPLIANCES,Guayaquil,Guayas,C,3,0,1.376316072219959
2017-08-22,30,HOME CARE,Guayaquil,Guayas,C,3,0,142.59345776509036
2017-08-22,30,LADIESWEAR,Guayaquil,Guayas,C,3,0,2.8630818204423187
2017-08-22,30,LAWN AND GARDEN,Guayaquil,Guayas,C,3,0,2.5527307976532536
2017-08-22,30,LINGERIE,Guayaquil,Guayas,C,3,0,3.285413763732698
2017-08-22,30,"LIQUOR,WINE,BEER",Guayaquil,Guayas,C,3,0,24.992911313026422
2017-08-22,30,MAGAZINES,Guayaquil,Guayas,C,3,0,2.4784734211199835
2017-08-22,30,MEATS,Guayaquil,Guayas,C,3,0,69.75764893390362
2017-08-22,30,PERSONAL CARE,Guayaquil,Guayas,C,3,0,99.2755547759792
2017-08-22,30,PET SUPPLIES,Guayaquil,Guayas,C,3,0,2.844404306083132
2017-08-22,30,PLAYERS AND ELECTRONICS,Guayaquil,Guayas,C,3,0,4.051925010242391
2017-08-22,30,POULTRY,Guayaquil,Guayas,C,3,0,107.07281507779054
2017-08-22,30,PREPARED FOODS,Guayaquil,Guayas,C,3,0,29.951682276571763
2017-08-22,30,PRODUCE,Guayaquil,Guayas,C,3,0,917.8936987439712
2017-08-22,30,SCHOOL AND OFFICE SUPPLIES,Guayaquil,Guayas,C,3,0,1.3581543696705507
2017-08-22,30,SEAFOOD,Guayaquil,Guayas,C,3,0,3.7942884467965974
2017-08-22,31,AUTOMOTIVE,Babahoyo,Los Rios,B,10,0,3.230079852757716
2017-08-22,31,BABY CARE,Babahoyo,Los Rios,B,10,0,0.15903174955845606
2017-08-22,31,BEAUTY,Babahoyo,Los Rios,B,10,0,1.1869512277279524
2017-08-22,31,BEVERAGES,Babahoyo,Los Rios,B,10,0,3244.759232067056
2017-08-22,31,BOOKS,Babahoyo,Los Rios,B,10,0,0.15903174955845606
2017-08-22,31,BREAD/BAKERY,Babahoyo,Los Rios,B,10,0,588.188616199278
2017-08-22,31,CELEBRATION,Babahoyo,Los Rios,B,10,0,3.4377690176919993
2017-08-22,31,CLEANING,Babahoyo,Los Rios,B,10,0,918.8229430845711
2017-08-22,31,DAIRY,Babahoyo,Los Rios,B,10,0,583.4928417165429
2017-08-22,31,DELI,Babahoyo,Los Rios,B,10,0,205.24906518910691
2017-08-22,31,EGGS,Babahoyo,Los Rios,B,10,0,309.7597336876365
2017-08-22,31,FROZEN FOODS,Babahoyo,Los Rios,B,10,0,85.6537269448204
2017-08-22,31,GROCERY I,Babahoyo,Los Rios,B,10,0,3972.699919524586
2017-08-22,31,GROCERY II,Babahoyo,Los Rios,B,10,0,6.129245883397716
2017-08-22,31,HARDWARE,Babahoyo,Los Rios,B,10,0,0.3790382327533793
2017-08-22,31,HOME AND KITCHEN I,Babahoyo,Los Rios,B,10,0,18.99584442679415
2017-08-22,31,HOME AND KITCHEN II,Babahoyo,Los Rios,B,10,0,14.896053050729702
2017-08-22,31,HOME APPLIANCES,Babahoyo,Los Rios,B,10,0,0.13224664135536787
2017-08-22,31,HOME CARE,Babahoyo,Los Rios,B,10,0,235.15181140266338
2017-08-22,31,LADIESWEAR,Babahoyo,Los Rios,B,10,0,1.8379640861347217
2017-08-22,31,LAWN AND GARDEN,Babahoyo,Los Rios,B,10,0,2.956286055627042
2017-08-22,31,LINGERIE,Babahoyo,Los Rios,B,10,0,3.3733547240149298
2017-08-22,31,"LIQUOR,WINE,BEER",Babahoyo,Los Rios,B,10,0,12.351752274890924
2017-08-22,31,MAGAZINES,Babahoyo,Los Rios,B,10,0,1.0863422230395665
2017-08-22,31,MEATS,Babahoyo,Los Rios,B,10,0,306.1939625121786
2017-08-22,31,PERSONAL CARE,Babahoyo,Los Rios,B,10,0,210.7629194200113
2017-08-22,31,PET SUPPLIES,Babahoyo,Los Rios,B,10,0,2.1766637091471592
2017-08-22,31,PLAYERS AND ELECTRONICS,Babahoyo,Los Rios,B,10,0,2.4961328857419245
2017-08-22,31,POULTRY,Babahoyo,Los Rios,B,10,0,116.22808807248101
2017-08-22,31,PREPARED FOODS,Babahoyo,Los Rios,B,10,0,58.8378025537023
2017-08-22,31,PRODUCE,Babahoyo,Los Rios,B,10,0,2111.384379501403
2017-08-22,31,SCHOOL AND OFFICE SUPPLIES,Babahoyo,Los Rios,B,10,0,0.3367045756556318
2017-08-22,31,SEAFOOD,Babahoyo,Los Rios,B,10,0,2.7691707124890037
2017-08-22,32,AUTOMOTIVE,Guayaquil,Guayas,C,3,0,3.285413763732698
2017-08-22,32,BABY CARE,Guayaquil,Guayas,C,3,0,1.4031011804230475
2017-08-22,32,BEAUTY,Guayaquil,Guayas,C,3,0,2.5790824258083735
2017-08-22,32,BEVERAGES,Guayaquil,Guayas,C,3,0,1208.0154266917634
2017-08-22,32,BOOKS,Guayaquil,Guayas,C,3,0,1.4031011804230475
2017-08-22,32,BREAD/BAKERY,Guayaquil,Guayas,C,3,0,111.8836480572418
2017-08-22,32,CELEBRATION,Guayaquil,Guayas,C,3,0,3.6003696412881343
2017-08-22,32,CLEANING,Guayaquil,Guayas,C,3,0,549.7278703503956
2017-08-22,32,DAIRY,Guayaquil,Guayas,C,3,0,147.74976354518324
2017-08-22,32,DELI,Guayaquil,Guayas,C,3,0,89.96285188281726
2017-08-22,32,EGGS,Guayaquil,Guayas,C,3,0,188.79444511252626
2017-08-22,32,FROZEN FOODS,Guayaquil,Guayas,C,3,0,15.853935546730224
2017-08-22,32,GROCERY I,Guayaquil,Guayas,C,3,0,1876.5800424602212
2017-08-22,32,GROCERY II,Guayaquil,Guayas,C,3,0,4.072365791084858
2017-08-22,32,HARDWARE,Guayaquil,Guayas,C,3,0,1.5125962464446316
2017-08-22,32,HOME AND KITCHEN I,Guayaquil,Guayas,C,3,0,5.025958044001332
2017-08-22,32,HOME AND KITCHEN II,Guayaquil,Guayas,C,3,0,4.653511036990652
2017-08-22,32,HOME APPLIANCES,Guayaquil,Guayas,C,3,0,1.4884242918962918
2017-08-22,32,HOME CARE,Guayaquil,Guayas,C,3,0,75.84183841246312
2017-08-22,32,LADIESWEAR,Guayaquil,Guayas,C,3,0,2.708849608973684
2017-08-22,32,LAWN AND GARDEN,Guayaquil,Guayas,C,3,0,2.5527307976532536
2017-08-22,32,LINGERIE,Guayaquil,Guayas,C,3,0,3.146462488053437
2017-08-22,32,"LIQUOR,WINE,BEER",Guayaquil,Guayas,C,3,0,23.230506635528005
2017-08-22,32,MAGAZINES,Guayaquil,Guayas,C,3,0,2.2073872303062356
2017-08-22,32,MEATS,Guayaquil,Guayas,C,3,0,69.51072160218436
2017-08-22,32,PERSONAL CARE,Guayaquil,Guayas,C,3,0,65.25213680542818
2017-08-22,32,PET SUPPLIES,Guayaquil,Guayas,C,3,0,2.5512208189352346
2017-08-22,32,PLAYERS AND ELECTRONICS,Guayaquil,Guayas,C,3,0,3.270709036171151
2017-08-22,32,POULTRY,Guayaquil,Guayas,C,3,0,44.94477775369291
2017-08-22,32,PREPARED FOODS,Guayaquil,Guayas,C,3,0,14.880827282898471
2017-08-22,32,PRODUCE,Guayaquil,Guayas,C,3,0,299.6753046473779
2017-08-22,32,SCHOOL AND OFFICE SUPPLIES,Guayaquil,Guayas,C,3,0,1.3581543696705507
2017-08-22,32,SEAFOOD,Guayaquil,Guayas,C,3,0,3.285413763732698
2017-08-22,33,AUTOMOTIVE,Quevedo,Los Rios,C,3,0,3.4141220430956274
2017-08-22,33,BABY CARE,Quevedo,Los Rios,C,3,0,0.3071480982343738
2017-08-22,33,BEAUTY,Quevedo,Los Rios,C,3,0,1.7316908229880867
2017-08-22,33,BEVERAGES,Quevedo,Los Rios,C,3,0,2247.174341279481
2017-08-22,33,BOOKS,Quevedo,Los Rios,C,3,0,0.3071480982343738
2017-08-22,33,BREAD/BAKERY,Quevedo,Los Rios,C,3,0,228.90747670894478
2017-08-22,33,CELEBRATION,Quevedo,Los Rios,C,3,0,3.5858853663679175
2017-08-22,33,CLEANING,Quevedo,Los Rios,C,3,0,906.7337890785831
2017-08-22,33,DAIRY,Quevedo,Los Rios,C,3,0,377.4027574132011
2017-08-22,33,DELI,Quevedo,Los Rios,C,3,0,179.04124755602
2017-08-22,33,EGGS,Quevedo,Los Rios,C,3,0,199.027884220269
2017-08-22,33,FROZEN FOODS,Quevedo,Los Rios,C,3,0,45.5128059887741
2017-08-22,33,GROCERY I,Quevedo,Los Rios,C,3,0,2773.190908928933
2017-08-22,33,GROCERY II,Quevedo,Los Rios,C,3,0,2.998209746848167
2017-08-22,33,HARDWARE,Quevedo,Los Rios,C,3,0,0.41504636175296344
2017-08-22,33,HOME AND KITCHEN I,Quevedo,Los Rios,C,3,0,26.573317038846977
2017-08-22,33,HOME AND KITCHEN II,Quevedo,Los Rios,C,3,0,15.044169399405616
2017-08-22,33,HOME APPLIANCES,Quevedo,Los Rios,C,3,0,0.28036299003128545
2017-08-22,33,HOME CARE,Quevedo,Los Rios,C,3,0,197.39694276023997
2017-08-22,33,LADIESWEAR,Quevedo,Los Rios,C,3,0,1.999494654719425
2017-08-22,33,LAWN AND GARDEN,Quevedo,Los Rios,C,3,0,1.3486266927888135
2017-08-22,33,LINGERIE,Quevedo,Los Rios,C,3,0,5.902180605542867
2017-08-22,33,"LIQUOR,WINE,BEER",Quevedo,Los Rios,C,3,0,23.46275543405228
2017-08-22,33,MAGAZINES,Quevedo,Los Rios,C,3,0,1.3299584682842251
2017-08-22,33,MEATS,Quevedo,Los Rios,C,3,0,224.50557859556994
2017-08-22,33,PERSONAL CARE,Quevedo,Los Rios,C,3,0,194.02137059048576
2017-08-22,33,PET SUPPLIES,Quevedo,Los Rios,C,3,0,1.7038292161149506
2017-08-22,33,PLAYERS AND ELECTRONICS,Quevedo,Los Rios,C,3,0,2.286872097046218
2017-08-22,33,POULTRY,Quevedo,Los Rios,C,3,0,206.51145402003462
2017-08-22,33,PREPARED FOODS,Quevedo,Los Rios,C,3,0,30.225617693161112
2017-08-22,33,PRODUCE,Quevedo,Los Rios,C,3,0,1697.0427546036397
2017-08-22,33,SCHOOL AND OFFICE SUPPLIES,Quevedo,Los Rios,C,3,0,0.2622012874818768
2017-08-22,33,SEAFOOD,Quevedo,Los Rios,C,3,0,1.7009539285937925
2017-08-22,34,AUTOMOTIVE,Guayaquil,Guayas,B,6,0,4.354859538613985
2017-08-22,34,BABY CARE,Guayaquil,Guayas,B,6,0,1.6508849498043179
2017-08-22,34,BEAUTY,Guayaquil,Guayas,B,6,0,2.5790824258083735
2017-08-22,34,BEVERAGES,Guayaquil,Guayas,B,6,0,2115.896358646959
2017-08-22,34,BOOKS,Guayaquil,Guayas,B,6,0,1.5152094000993803
2017-08-22,34,BREAD/BAKERY,Guayaquil,Guayas,B,6,0,600.6107129930872
2017-08-22,34,CELEBRATION,Guayaquil,Guayas,B,6,0,6.843596284851609
2017-08-22,34,CLEANING,Guayaquil,Guayas,B,6,0,722.3716224982402
2017-08-22,34,DAIRY,Guayaquil,Guayas,B,6,0,525.0549556692796
2017-08-22,34,DELI,Guayaquil,Guayas,B,6,0,193.57232961617666
2017-08-22,34,EGGS,Guayaquil,Guayas,B,6,0,122.02481824178108
2017-08-22,34,FROZEN FOODS,Guayaquil,Guayas,B,6,0,52.0748239914028
2017-08-22,34,GROCERY I,Guayaquil,Guayas,B,6,0,3625.7382814168586
2017-08-22,34,GROCERY II,Guayaquil,Guayas,B,6,0,8.23409264837681
2017-08-22,34,HARDWARE,Guayaquil,Guayas,B,6,0,2.3730897444304415
2017-08-22,34,HOME AND KITCHEN I,Guayaquil,Guayas,B,6,0,20.020962161101743
2017-08-22,34,HOME AND KITCHEN II,Guayaquil,Guayas,B,6,0,35.67253083472786
2017-08-22,34,HOME APPLIANCES,Guayaquil,Guayas,B,6,0,1.4884242918962918
2017-08-22,34,HOME CARE,Guayaquil,Guayas,B,6,0,175.20835552628077
2017-08-22,34,LADIESWEAR,Guayaquil,Guayas,B,6,0,3.1623149175111878
2017-08-22,34,LAWN AND GARDEN,Guayaquil,Guayas,B,6,0,3.6731366572653
2017-08-22,34,LINGERIE,Guayaquil,Guayas,B,6,0,3.3934724841612263
2017-08-22,34,"LIQUOR,WINE,BEER",Guayaquil,Guayas,B,6,0,19.300552451208443
2017-08-22,34,MAGAZINES,Guayaquil,Guayas,B,6,0,3.129034045639503
2017-08-22,34,MEATS,Guayaquil,Guayas,B,6,0,157.6242899654652
2017-08-22,34,PERSONAL CARE,Guayaquil,Guayas,B,6,0,235.3186528174041
2017-08-22,34,PET SUPPLIES,Guayaquil,Guayas,B,6,0,3.804307516971618
2017-08-22,34,PLAYERS AND ELECTRONICS,Guayaquil,Guayas,B,6,0,4.435733116269041
2017-08-22,34,POULTRY,Guayaquil,Guayas,B,6,0,121.93199577520528
2017-08-22,34,PREPARED FOODS,Guayaquil,Guayas,B,6,0,27.29861059492578
2017-08-22,34,PRODUCE,Guayaquil,Guayas,B,6,0,767.4682698570185
2017-08-22,34,SCHOOL AND OFFICE SUPPLIES,Guayaquil,Guayas,B,6,0,2.6843231052283327
2017-08-22,34,SEAFOOD,Guayaquil,Guayas,B,6,0,3.302934189967059
2017-08-22,35,AUTOMOTIVE,Playas,Guayas,C,3,0,2.301576824607767
2017-08-22,35,BABY CARE,Playas,Guayas,C,3,0,0.2442826105382761
2017-08-22,35,BEAUTY,Playas,Guayas,C,3,0,1.3350675764038702
2017-08-22,35,BEVERAGES,Playas,Guayas,C,3,0,1232.3013070224567
2017-08-22,35,BOOKS,Playas,Guayas,C,3,0,0.2442826105382761
2017-08-22,35,BREAD/BAKERY,Playas,Guayas,C,3,0,118.02579710486218
2017-08-22,35,CELEBRATION,Playas,Guayas,C,3,0,2.2045282208523655
2017-08-22,35,CLEANING,Playas,Guayas,C,3,0,352.3050045208479
2017-08-22,35,DAIRY,Playas,Guayas,C,3,0,140.35993969689835
2017-08-22,35,DELI,Playas,Guayas,C,3,0,93.9405640058968
2017-08-22,35,EGGS,Playas,Guayas,C,3,0,149.95829050344358
2017-08-22,35,FROZEN FOODS,Playas,Guayas,C,3,0,45.173435790759626
2017-08-22,35,GROCERY I,Playas,Guayas,C,3,0,1720.875719942237
2017-08-22,35,GROCERY II,Playas,Guayas,C,3,0,3.6963141255816363
2017-08-22,35,HARDWARE,Playas,Guayas,C,3,0,0.41504636175296344
2017-08-22,35,HOME AND KITCHEN I,Playas,Guayas,C,3,0,7.124010762478127
2017-08-22,35,HOME AND KITCHEN II,Playas,Guayas,C,3,0,2.519719194151607
2017-08-22,35,HOME APPLIANCES,Playas,Guayas,C,3,0,0.39087440720462424
2017-08-22,35,HOME CARE,Playas,Guayas,C,3,0,83.89685641337344
2017-08-22,35,LADIESWEAR,Playas,Guayas,C,3,0,1.560334656137922
2017-08-22,35,LAWN AND GARDEN,Playas,Guayas,C,3,0,1.3486266927888135
2017-08-22,35,LINGERIE,Playas,Guayas,C,3,0,1.6054540320250508
2017-08-22,35,"LIQUOR,WINE,BEER",Playas,Guayas,C,3,0,54.28372406598011
2017-08-22,35,MAGAZINES,Playas,Guayas,C,3,0,1.2344585717154843
2017-08-22,35,MEATS,Playas,Guayas,C,3,0,186.9655994986258
2017-08-22,35,PERSONAL CARE,Playas,Guayas,C,3,0,55.839653321298805
2017-08-22,35,PET SUPPLIES,Playas,Guayas,C,3,0,1.307205969530734
2017-08-22,35,PLAYERS AND ELECTRONICS,Playas,Guayas,C,3,0,1.6862492010322452
2017-08-22,35,POULTRY,Playas,Guayas,C,3,0,42.13298211770866
2017-08-22,35,PREPARED FOODS,Playas,Guayas,C,3,0,20.391631097066185
2017-08-22,35,PRODUCE,Playas,Guayas,C,3,0,501.6485467400754
2017-08-22,35,SCHOOL AND OFFICE SUPPLIES,Playas,Guayas,C,3,0,0.19933579978577942
2017-08-22,35,SEAFOOD,Playas,Guayas,C,3,0,2.126699707266509
2017-08-22,36,AUTOMOTIVE,Libertad,Guayas,E,10,0,3.9729295990836655
2017-08-22,36,BABY CARE,Libertad,Guayas,E,10,0,1.421509261379104
2017-08-22,36,BEAUTY,Libertad,Guayas,E,10,0,2.485382287088096
2017-08-22,36,BEVERAGES,Libertad,Guayas,E,10,0,3237.423718219557
2017-08-22,36,BOOKS,Libertad,Guayas,E,10,0,1.421509261379104
2017-08-22,36,BREAD/BAKERY,Libertad,Guayas,E,10,0,642.7620982431494
2017-08-22,36,CELEBRATION,Libertad,Guayas,E,10,0,6.064208139369221
2017-08-22,36,CLEANING,Libertad,Guayas,E,10,0,791.9079304301474
2017-08-22,36,DAIRY,Libertad,Guayas,E,10,0,624.6818615243325
2017-08-22,36,DELI,Libertad,Guayas,E,10,0,182.7660393417936
2017-08-22,36,EGGS,Libertad,Guayas,E,10,0,144.66171171505388
2017-08-22,36,FROZEN FOODS,Libertad,Guayas,E,10,0,77.63869805455533
2017-08-22,36,GROCERY I,Libertad,Guayas,E,10,0,3602.052277226226
2017-08-22,36,GROCERY II,Libertad,Guayas,E,10,0,7.25781813759005
2017-08-22,36,HARDWARE,Libertad,Guayas,E,10,0,1.4188961077243554
2017-08-22,36,HOME AND KITCHEN I,Libertad,Guayas,E,10,0,42.39612451975811
2017-08-22,36,HOME AND KITCHEN II,Libertad,Guayas,E,10,0,5.886800217637088
2017-08-22,36,HOME APPLIANCES,Libertad,Guayas,E,10,0,1.3947241531760155
2017-08-22,36,HOME CARE,Libertad,Guayas,E,10,0,189.25118910076802
2017-08-22,36,LADIESWEAR,Libertad,Guayas,E,10,0,2.6151494702534066
2017-08-22,36,LAWN AND GARDEN,Libertad,Guayas,E,10,0,20.77902006714544
2017-08-22,36,LINGERIE,Libertad,Guayas,E,10,0,3.442255208890787
2017-08-22,36,"LIQUOR,WINE,BEER",Libertad,Guayas,E,10,0,66.81226345785689
2017-08-22,36,MAGAZINES,Libertad,Guayas,E,10,0,2.6779567695476034
2017-08-22,36,MEATS,Libertad,Guayas,E,10,0,228.53262307279965
2017-08-22,36,PERSONAL CARE,Libertad,Guayas,E,10,0,180.93781215885957
2017-08-22,36,PET SUPPLIES,Libertad,Guayas,E,10,0,3.674681536589347
2017-08-22,36,PLAYERS AND ELECTRONICS,Libertad,Guayas,E,10,0,3.3916246396672474
2017-08-22,36,POULTRY,Libertad,Guayas,E,10,0,125.98972106126968
2017-08-22,36,PREPARED FOODS,Libertad,Guayas,E,10,0,39.98521603062949
2017-08-22,36,PRODUCE,Libertad,Guayas,E,10,0,2226.0243670260083
2017-08-22,36,SCHOOL AND OFFICE SUPPLIES,Libertad,Guayas,E,10,0,1.7833241911452877
2017-08-22,36,SEAFOOD,Libertad,Guayas,E,10,0,2.9100009541779124
2017-08-22,37,AUTOMOTIVE,Cuenca,Azuay,D,2,0,3.1258127693635958
2017-08-22,37,BABY CARE,Cuenca,Azuay,D,2,0,1.4427992899134345
2017-08-22,37,BEAUTY,Cuenca,Azuay,D,2,0,3.8245004462417183
2017-08-22,37,BEVERAGES,Cuenca,Azuay,D,2,0,2277.8432143842583
2017-08-22,37,BOOKS,Cuenca,Azuay,D,2,0,1.4427992899134345
2017-08-22,37,BREAD/BAKERY,Cuenca,Azuay,D,2,0,445.13439437694353
2017-08-22,37,CELEBRATION,Cuenca,Azuay,D,2,0,4.051952165944748
2017-08-22,37,CLEANING,Cuenca,Azuay,D,2,0,862.4588811567147
2017-08-22,37,DAIRY,Cuenca,Azuay,D,2,0,740.5398652914944
2017-08-22,37,DELI,Cuenca,Azuay,D,2,0,121.26071954308694
2017-08-22,37,EGGS,Cuenca,Azuay,D,2,0,108.98259688861152
2017-08-22,37,FROZEN FOODS,Cuenca,Azuay,D,2,0,109.30002857149728
2017-08-22,37,GROCERY I,Cuenca,Azuay,D,2,0,3265.0327086761013
2017-08-22,37,GROCERY II,Cuenca,Azuay,D,2,0,36.54947534558216
2017-08-22,37,HARDWARE,Cuenca,Azuay,D,2,0,1.7700046419723225
2017-08-22,37,HOME AND KITCHEN I,Cuenca,Azuay,D,2,0,25.798641407192967
2017-08-22,37,HOME AND KITCHEN II,Cuenca,Azuay,D,2,0,26.26273200782819
2017-08-22,37,HOME APPLIANCES,Cuenca,Azuay,D,2,0,1.416014181710346
2017-08-22,37,HOME CARE,Cuenca,Azuay,D,2,0,199.50842249126163
2017-08-22,37,LADIESWEAR,Cuenca,Azuay,D,2,0,19.201575705655458
2017-08-22,37,LAWN AND GARDEN,Cuenca,Azuay,D,2,0,15.386349789931048
2017-08-22,37,LINGERIE,Cuenca,Azuay,D,2,0,2.8749926537798194
2017-08-22,37,"LIQUOR,WINE,BEER",Cuenca,Azuay,D,2,0,74.20686958910808
2017-08-22,37,MAGAZINES,Cuenca,Azuay,D,2,0,7.950968576194191
2017-08-22,37,MEATS,Cuenca,Azuay,D,2,0,201.45149135556812
2017-08-22,37,PERSONAL CARE,Cuenca,Azuay,D,2,0,248.26914009965375
2017-08-22,37,PET SUPPLIES,Cuenca,Azuay,D,2,0,6.177348372220596
2017-08-22,37,PLAYERS AND ELECTRONICS,Cuenca,Azuay,D,2,0,10.187823247950432
2017-08-22,37,POULTRY,Cuenca,Azuay,D,2,0,224.175781663313
2017-08-22,37,PREPARED FOODS,Cuenca,Azuay,D,2,0,59.847178800323434
2017-08-22,37,PRODUCE,Cuenca,Azuay,D,2,0,2057.8229549046046
2017-08-22,37,SCHOOL AND OFFICE SUPPLIES,Cuenca,Azuay,D,2,0,1.3023525825921969
2017-08-22,37,SEAFOOD,Cuenca,Azuay,D,2,0,7.3581708067814
2017-08-22,38,AUTOMOTIVE,Loja,Loja,D,4,0,3.160569745070267
2017-08-22,38,BABY CARE,Loja,Loja,D,4,0,0.31214127872067743
2017-08-22,38,BEAUTY,Loja,Loja,D,4,0,3.2857621198543554
2017-08-22,38,BEVERAGES,Loja,Loja,D,4,0,1635.728751357277
2017-08-22,38,BOOKS,Loja,Loja,D,4,0,0.31214127872067743
2017-08-22,38,BREAD/BAKERY,Loja,Loja,D,4,0,366.31004251166473
2017-08-22,38,CELEBRATION,Loja,Loja,D,4,0,8.313314914711146
2017-08-22,38,CLEANING,Loja,Loja,D,4,0,665.2704675580982
2017-08-22,38,DAIRY,Loja,Loja,D,4,0,675.8867078971602
2017-08-22,38,DELI,Loja,Loja,D,4,0,120.7542155055266
2017-08-22,38,EGGS,Loja,Loja,D,4,0,67.73370128246437
2017-08-22,38,FROZEN FOODS,Loja,Loja,D,4,0,105.42090421094908
2017-08-22,38,GROCERY I,Loja,Loja,D,4,0,2804.811845406497
2017-08-22,38,GROCERY II,Loja,Loja,D,4,0,20.69461686421969
2017-08-22,38,HARDWARE,Loja,Loja,D,4,0,0.4452036747708681
2017-08-22,38,HOME AND KITCHEN I,Loja,Loja,D,4,0,30.296540933288917
2017-08-22,38,HOME AND KITCHEN II,Loja,Loja,D,4,0,26.808870036361572
2017-08-22,38,HOME APPLIANCES,Loja,Loja,D,4,0,0.28535617051758916
2017-08-22,38,HOME CARE,Loja,Loja,D,4,0,256.31372440530106
2017-08-22,38,LADIESWEAR,Loja,Loja,D,4,0,21.55159209692932
2017-08-22,38,LAWN AND GARDEN,Loja,Loja,D,4,0,7.409769961437042
2017-08-22,38,LINGERIE,Loja,Loja,D,4,0,4.203589610069186
2017-08-22,38,"LIQUOR,WINE,BEER",Loja,Loja,D,4,0,79.83882151910052
2017-08-22,38,MAGAZINES,Loja,Loja,D,4,0,7.159926290658773
2017-08-22,38,MEATS,Loja,Loja,D,4,0,131.9485403312392
2017-08-22,38,PERSONAL CARE,Loja,Loja,D,4,0,271.7902932837942
2017-08-22,38,PET SUPPLIES,Loja,Loja,D,4,0,3.905341547574887
2017-08-22,38,PLAYERS AND ELECTRONICS,Loja,Loja,D,4,0,5.669849421617948
2017-08-22,38,POULTRY,Loja,Loja,D,4,0,104.60817405404843
2017-08-22,38,PREPARED FOODS,Loja,Loja,D,4,0,67.82749945057547
2017-08-22,38,PRODUCE,Loja,Loja,D,4,0,1629.8570043690036
2017-08-22,38,SCHOOL AND OFFICE SUPPLIES,Loja,Loja,D,4,0,11.172249194371934
2017-08-22,38,SEAFOOD,Loja,Loja,D,4,0,9.411485689976566
2017-08-22,39,AUTOMOTIVE,Cuenca,Azuay,B,6,0,4.57028605743712
2017-08-22,39,BABY CARE,Cuenca,Azuay,B,6,0,1.6350576137059227
2017-08-22,39,BEAUTY,Cuenca,Azuay,B,6,0,3.3494912639344334
2017-08-22,39,BEVERAGES,Cuenca,Azuay,B,6,0,3166.6852548642464
2017-08-22,39,BOOKS,Cuenca,Azuay,B,6,0,1.6350576137059227
2017-08-22,39,BREAD/BAKERY,Cuenca,Azuay,B,6,0,625.962907742295
2017-08-22,39,CELEBRATION,Cuenca,Azuay,B,6,0,4.634700351114188
2017-08-22,39,CLEANING,Cuenca,Azuay,B,6,0,1187.3244071798006
2017-08-22,39,DAIRY,Cuenca,Azuay,B,6,0,613.0793799704376
2017-08-22,39,DELI,Cuenca,Azuay,B,6,0,177.0771240786004
2017-08-22,39,EGGS,Cuenca,Azuay,B,6,0,321.688357160792
2017-08-22,39,FROZEN FOODS,Cuenca,Azuay,B,6,0,51.89858850115049
2017-08-22,39,GROCERY I,Cuenca,Azuay,B,6,0,4866.3440684762145
2017-08-22,39,GROCERY II,Cuenca,Azuay,B,6,0,29.560288512673427
2017-08-22,39,HARDWARE,Cuenca,Azuay,B,6,0,2.1271936106613536
2017-08-22,39,HOME AND KITCHEN I,Cuenca,Azuay,B,6,0,25.61629523682773
2017-08-22,39,HOME AND KITCHEN II,Cuenca,Azuay,B,6,0,13.753878746284858
2017-08-22,39,HOME APPLIANCES,Cuenca,Azuay,B,6,0,1.6082725055028342
2017-08-22,39,HOME CARE,Cuenca,Azuay,B,6,0,376.13807204097327
2017-08-22,39,LADIESWEAR,Cuenca,Azuay,B,6,0,5.238130455461051
2017-08-22,39,LAWN AND GARDEN,Cuenca,Azuay,B,6,0,7.660452787316269
2017-08-22,39,LINGERIE,Cuenca,Azuay,B,6,0,4.806550472739096
2017-08-22,39,"LIQUOR,WINE,BEER",Cuenca,Azuay,B,6,0,54.23488289965594
2017-08-22,39,MAGAZINES,Cuenca,Azuay,B,6,0,4.292280141172333
2017-08-22,39,MEATS,Cuenca,Azuay,B,6,0,154.30179628053358
2017-08-22,39,PERSONAL CARE,Cuenca,Azuay,B,6,0,270.76996206937747
2017-08-22,39,PET SUPPLIES,Cuenca,Azuay,B,6,0,4.019734035794764
2017-08-22,39,PLAYERS AND ELECTRONICS,Cuenca,Azuay,B,6,0,4.791845745177549
2017-08-22,39,POULTRY,Cuenca,Azuay,B,6,0,184.81823043897455
2017-08-22,39,PREPARED FOODS,Cuenca,Azuay,B,6,0,43.42785081607952
2017-08-22,39,PRODUCE,Cuenca,Azuay,B,6,0,2200.1769276632785
2017-08-22,39,SCHOOL AND OFFICE SUPPLIES,Cuenca,Azuay,B,6,0,3.77352398303959
2017-08-22,39,SEAFOOD,Cuenca,Azuay,B,6,0,9.463376676635665
2017-08-22,40,AUTOMOTIVE,Machala,El Oro,C,3,0,3.358752805815054
2017-08-22,40,BABY CARE,Machala,El Oro,C,3,0,1.541579131342786
2017-08-22,40,BEAUTY,Machala,El Oro,C,3,0,2.730989212822252
2017-08-22,40,BEVERAGES,Machala,El Oro,C,3,0,4181.260109786248
2017-08-22,40,BOOKS,Machala,El Oro,C,3,0,1.541579131342786
2017-08-22,40,BREAD/BAKERY,Machala,El Oro,C,3,0,449.8243298585837
2017-08-22,40,CELEBRATION,Machala,El Oro,C,3,0,6.702319584717593
2017-08-22,40,CLEANING,Machala,El Oro,C,3,0,1503.8241343813004
2017-08-22,40,DAIRY,Machala,El Oro,C,3,0,569.1769894698152
2017-08-22,40,DELI,Machala,El Oro,C,3,0,249.283729469488
2017-08-22,40,EGGS,Machala,El Oro,C,3,0,175.48340100253583
2017-08-22,40,FROZEN FOODS,Machala,El Oro,C,3,0,65.45500137366537
2017-08-22,40,GROCERY I,Machala,El Oro,C,3,0,5077.544515870874
2017-08-22,40,GROCERY II,Machala,El Oro,C,3,0,6.5245535694142
2017-08-22,40,HARDWARE,Machala,El Oro,C,3,0,2.1958872026344314
2017-08-22,40,HOME AND KITCHEN I,Machala,El Oro,C,3,0,26.63791876748154
2017-08-22,40,HOME AND KITCHEN II,Machala,El Oro,C,3,0,19.614587483552263
2017-08-22,40,HOME APPLIANCES,Machala,El Oro,C,3,0,1.5147940231396975
2017-08-22,40,HOME CARE,Machala,El Oro,C,3,0,369.72010741041055
2017-08-22,40,LADIESWEAR,Machala,El Oro,C,3,0,2.721805120308302
2017-08-22,40,LAWN AND GARDEN,Machala,El Oro,C,3,0,2.579100528896659
2017-08-22,40,LINGERIE,Machala,El Oro,C,3,0,5.729140007108038
2017-08-22,40,"LIQUOR,WINE,BEER",Machala,El Oro,C,3,0,33.1048453171086
2017-08-22,40,MAGAZINES,Machala,El Oro,C,3,0,2.647900634368225
2017-08-22,40,MEATS,Machala,El Oro,C,3,0,124.6287890600972
2017-08-22,40,PERSONAL CARE,Machala,El Oro,C,3,0,267.6999509056059
2017-08-22,40,PET SUPPLIES,Machala,El Oro,C,3,0,2.953947721532892
2017-08-22,40,PLAYERS AND ELECTRONICS,Machala,El Oro,C,3,0,5.714435279546489
2017-08-22,40,POULTRY,Machala,El Oro,C,3,0,151.11818905911707
2017-08-22,40,PREPARED FOODS,Machala,El Oro,C,3,0,47.272286634007415
2017-08-22,40,PRODUCE,Machala,El Oro,C,3,0,1753.7551485937054
2017-08-22,40,SCHOOL AND OFFICE SUPPLIES,Machala,El Oro,C,3,0,1.4966323205902892
2017-08-22,40,SEAFOOD,Machala,El Oro,C,3,0,4.213582838479974
2017-08-22,41,AUTOMOTIVE,Machala,El Oro,D,4,0,4.121991788932394
2017-08-22,41,BABY CARE,Machala,El Oro,D,4,0,1.3493208075502978
2017-08-22,41,BEAUTY,Machala,El Oro,D,4,0,5.944085065353177
2017-08-22,41,BEVERAGES,Machala,El Oro,D,4,0,1749.1009818767056
2017-08-22,41,BOOKS,Machala,El Oro,D,4,0,1.3493208075502978
2017-08-22,41,BREAD/BAKERY,Machala,El Oro,D,4,0,386.2342324601012
2017-08-22,41,CELEBRATION,Machala,El Oro,D,4,0,5.593197807889314
2017-08-22,41,CLEANING,Machala,El Oro,D,4,0,815.70717495626
2017-08-22,41,DAIRY,Machala,El Oro,D,4,0,590.8103298538555
2017-08-22,41,DELI,Machala,El Oro,D,4,0,181.23318879148854
2017-08-22,41,EGGS,Machala,El Oro,D,4,0,102.59389418066226
2017-08-22,41,FROZEN FOODS,Machala,El Oro,D,4,0,95.7016351197186
2017-08-22,41,GROCERY I,Machala,El Oro,D,4,0,2994.8444786977802
2017-08-22,41,GROCERY II,Machala,El Oro,D,4,0,24.840511769512414
2017-08-22,41,HARDWARE,Machala,El Oro,D,4,0,1.911404708247526
2017-08-22,41,HOME AND KITCHEN I,Machala,El Oro,D,4,0,23.03834819780783
2017-08-22,41,HOME AND KITCHEN II,Machala,El Oro,D,4,0,30.42937247595097
2017-08-22,41,HOME APPLIANCES,Machala,El Oro,D,4,0,1.227035802778468
2017-08-22,41,HOME CARE,Machala,El Oro,D,4,0,213.31913879668627
2017-08-22,41,LADIESWEAR,Machala,El Oro,D,4,0,18.940450791914902
2017-08-22,41,LAWN AND GARDEN,Machala,El Oro,D,4,0,8.657666203297643
2017-08-22,41,LINGERIE,Machala,El Oro,D,4,0,5.269780395379876
2017-08-22,41,"LIQUOR,WINE,BEER",Machala,El Oro,D,4,0,79.76724844879686
2017-08-22,41,MAGAZINES,Machala,El Oro,D,4,0,8.407822532519367
2017-08-22,41,MEATS,Machala,El Oro,D,4,0,185.42940140083218
2017-08-22,41,PERSONAL CARE,Machala,El Oro,D,4,0,295.55608036465355
2017-08-22,41,PET SUPPLIES,Machala,El Oro,D,4,0,12.570786761731162
2017-08-22,41,PLAYERS AND ELECTRONICS,Machala,El Oro,D,4,0,5.514078786650697
2017-08-22,41,POULTRY,Machala,El Oro,D,4,0,172.3930605393081
2017-08-22,41,PREPARED FOODS,Machala,El Oro,D,4,0,52.28122450072204
2017-08-22,41,PRODUCE,Machala,El Oro,D,4,0,1677.7622758235734
2017-08-22,41,SCHOOL AND OFFICE SUPPLIES,Machala,El Oro,D,4,0,1.4799602910428031
2017-08-22,41,SEAFOOD,Machala,El Oro,D,4,0,5.269780395379876
2017-08-22,42,AUTOMOTIVE,Cuenca,Azuay,D,2,0,3.763044181344317
2017-08-22,42,BABY CARE,Cuenca,Azuay,D,2,0,1.4427992899134345
2017-08-22,42,BEAUTY,Cuenca,Azuay,D,2,0,3.624161872601735
2017-08-22,42,BEVERAGES,Cuenca,Azuay,D,2,0,1955.8057954551593
2017-08-22,42,BOOKS,Cuenca,Azuay,D,2,0,1.4427992899134345
2017-08-22,42,BREAD/BAKERY,Cuenca,Azuay,D,2,0,385.18808944770444
2017-08-22,42,CELEBRATION,Cuenca,Azuay,D,2,0,5.023120347619676
2017-08-22,42,CLEANING,Cuenca,Azuay,D,2,0,629.8528369996131
2017-08-22,42,DAIRY,Cuenca,Azuay,D,2,0,716.3501493586266
2017-08-22,42,DELI,Cuenca,Azuay,D,2,0,142.0824624866758
2017-08-22,42,EGGS,Cuenca,Azuay,D,2,0,104.77404235019885
2017-08-22,42,FROZEN FOODS,Cuenca,Azuay,D,2,0,99.70341102524526
2017-08-22,42,GROCERY I,Cuenca,Azuay,D,2,0,2528.48928256648
2017-08-22,42,GROCERY II,Cuenca,Azuay,D,2,0,27.46650281307601
2017-08-22,42,HARDWARE,Cuenca,Azuay,D,2,0,1.6157724305036876
2017-08-22,42,HOME AND KITCHEN I,Cuenca,Azuay,D,2,0,30.759141644402433
2017-08-22,42,HOME AND KITCHEN II,Cuenca,Azuay,D,2,0,47.40270960052169
2017-08-22,42,HOME APPLIANCES,Cuenca,Azuay,D,2,0,1.416014181710346
2017-08-22,42,HOME CARE,Cuenca,Azuay,D,2,0,154.0190898522015
2017-08-22,42,LADIESWEAR,Cuenca,Azuay,D,2,0,8.899323634113633
2017-08-22,42,LAWN AND GARDEN,Cuenca,Azuay,D,2,0,25.75624006941193
2017-08-22,42,LINGERIE,Cuenca,Azuay,D,2,0,3.4907028903369737
2017-08-22,42,"LIQUOR,WINE,BEER",Cuenca,Azuay,D,2,0,45.49897914690226
2017-08-22,42,MAGAZINES,Cuenca,Azuay,D,2,0,5.195835690472858
2017-08-22,42,MEATS,Cuenca,Azuay,D,2,0,199.7517266422113
2017-08-22,42,PERSONAL CARE,Cuenca,Azuay,D,2,0,198.26658283890632
2017-08-22,42,PET SUPPLIES,Cuenca,Azuay,D,2,0,5.954271095050222
2017-08-22,42,PLAYERS AND ELECTRONICS,Cuenca,Azuay,D,2,0,4.979927168043055
2017-08-22,42,POULTRY,Cuenca,Azuay,D,2,0,196.33623373721278
2017-08-22,42,PREPARED FOODS,Cuenca,Azuay,D,2,0,42.399106135967976
2017-08-22,42,PRODUCE,Cuenca,Azuay,D,2,0,1924.7951017660714
2017-08-22,42,SCHOOL AND OFFICE SUPPLIES,Cuenca,Azuay,D,2,0,1.5734387734059399
2017-08-22,42,SEAFOOD,Cuenca,Azuay,D,2,0,7.3581708067814
2017-08-22,43,AUTOMOTIVE,Esmeraldas,Esmeraldas,E,10,0,4.431236880861417
2017-08-22,43,BABY CARE,Esmeraldas,Esmeraldas,E,10,0,1.367093051423463
2017-08-22,43,BEAUTY,Esmeraldas,Esmeraldas,E,10,0,3.9440438123634305
2017-08-22,43,BEVERAGES,Esmeraldas,Esmeraldas,E,10,0,4173.464307982332
2017-08-22,43,BOOKS,Esmeraldas,Esmeraldas,E,10,0,1.367093051423463
2017-08-22,43,BREAD/BAKERY,Esmeraldas,Esmeraldas,E,10,0,558.3698286400866
2017-08-22,43,CELEBRATION,Esmeraldas,Esmeraldas,E,10,0,15.727385080923122
2017-08-22,43,CLEANING,Esmeraldas,Esmeraldas,E,10,0,1084.1039108093585
2017-08-22,43,DAIRY,Esmeraldas,Esmeraldas,E,10,0,656.750135966683
2017-08-22,43,DELI,Esmeraldas,Esmeraldas,E,10,0,276.13436322572363
2017-08-22,43,EGGS,Esmeraldas,Esmeraldas,E,10,0,203.5532318404036
2017-08-22,43,FROZEN FOODS,Esmeraldas,Esmeraldas,E,10,0,86.38644787172451
2017-08-22,43,GROCERY I,Esmeraldas,Esmeraldas,E,10,0,4206.752334029437
2017-08-22,43,GROCERY II,Esmeraldas,Esmeraldas,E,10,0,14.732710934222556
2017-08-22,43,HARDWARE,Esmeraldas,Esmeraldas,E,10,0,1.3644798977687143
2017-08-22,43,HOME AND KITCHEN I,Esmeraldas,Esmeraldas,E,10,0,17.28582273537289
2017-08-22,43,HOME AND KITCHEN II,Esmeraldas,Esmeraldas,E,10,0,20.95583929583642
2017-08-22,43,HOME APPLIANCES,Esmeraldas,Esmeraldas,E,10,0,1.3403079432203744
2017-08-22,43,HOME CARE,Esmeraldas,Esmeraldas,E,10,0,238.35462218737757
2017-08-22,43,LADIESWEAR,Esmeraldas,Esmeraldas,E,10,0,2.3851469660527624
2017-08-22,43,LAWN AND GARDEN,Esmeraldas,Esmeraldas,E,10,0,5.028949313857013
2017-08-22,43,LINGERIE,Esmeraldas,Esmeraldas,E,10,0,3.13729741505678
2017-08-22,43,"LIQUOR,WINE,BEER",Esmeraldas,Esmeraldas,E,10,0,73.44646014714068
2017-08-22,43,MAGAZINES,Esmeraldas,Esmeraldas,E,10,0,2.6235405595919628
2017-08-22,43,MEATS,Esmeraldas,Esmeraldas,E,10,0,219.05125773747926
2017-08-22,43,PERSONAL CARE,Esmeraldas,Esmeraldas,E,10,0,247.98913468791793
2017-08-22,43,PET SUPPLIES,Esmeraldas,Esmeraldas,E,10,0,3.0536650947788355
2017-08-22,43,PLAYERS AND ELECTRONICS,Esmeraldas,Esmeraldas,E,10,0,3.1225926874952328
2017-08-22,43,POULTRY,Esmeraldas,Esmeraldas,E,10,0,242.57134009341536
2017-08-22,43,PREPARED FOODS,Esmeraldas,Esmeraldas,E,10,0,129.42465935580614
2017-08-22,43,PRODUCE,Esmeraldas,Esmeraldas,E,10,0,1591.2717055548649
2017-08-22,43,SCHOOL AND OFFICE SUPPLIES,Esmeraldas,Esmeraldas,E,10,0,2.2856651726740456
2017-08-22,43,SEAFOOD,Esmeraldas,Esmeraldas,E,10,0,2.701352532753637
2017-08-22,44,AUTOMOTIVE,Quito,Pichincha,A,5,0,12.339117452430628
2017-08-22,44,BABY CARE,Quito,Pichincha,A,5,0,0.5433167249943588
2017-08-22,44,BEAUTY,Quito,Pichincha,A,5,0,7.26053529534716
2017-08-22,44,BEVERAGES,Quito,Pichincha,A,5,0,7254.492132104906
2017-08-22,44,BOOKS,Quito,Pichincha,A,5,0,0.5433167249943588
2017-08-22,44,BREAD/BAKERY,Quito,Pichincha,A,5,0,1283.162517648521
2017-08-22,44,CELEBRATION,Quito,Pichincha,A,5,0,21.756625663062266
2017-08-22,44,CLEANING,Quito,Pichincha,A,5,0,1939.7372381713901
2017-08-22,44,DAIRY,Quito,Pichincha,A,5,0,1906.1481076395216
2017-08-22,44,DELI,Quito,Pichincha,A,5,0,410.7881227853169
2017-08-22,44,EGGS,Quito,Pichincha,A,5,0,479.71320523147403
2017-08-22,44,FROZEN FOODS,Quito,Pichincha,A,5,0,337.3905475205067
2017-08-22,44,GROCERY I,Quito,Pichincha,A,5,0,7864.478266611407
2017-08-22,44,GROCERY II,Quito,Pichincha,A,5,0,76.06811512115623
2017-08-22,44,HARDWARE,Quito,Pichincha,A,5,0,1.5961030786690404
2017-08-22,44,HOME AND KITCHEN I,Quito,Pichincha,A,5,0,105.45285594266059
2017-08-22,44,HOME AND KITCHEN II,Quito,Pichincha,A,5,0,99.42753324790091
2017-08-22,44,HOME APPLIANCES,Quito,Pichincha,A,5,0,0.5165316167912702
2017-08-22,44,HOME CARE,Quito,Pichincha,A,5,0,520.3467013464067
2017-08-22,44,LADIESWEAR,Quito,Pichincha,A,5,0,20.015542333219628
2017-08-22,44,LAWN AND GARDEN,Quito,Pichincha,A,5,0,20.764427088354793
2017-08-22,44,LINGERIE,Quito,Pichincha,A,5,0,54.29509075566654
2017-08-22,44,"LIQUOR,WINE,BEER",Quito,Pichincha,A,5,0,223.3442926298143
2017-08-22,44,MAGAZINES,Quito,Pichincha,A,5,0,18.180157232266353
2017-08-22,44,MEATS,Quito,Pichincha,A,5,0,658.62980839904
2017-08-22,44,PERSONAL CARE,Quito,Pichincha,A,5,0,441.5453561729031
2017-08-22,44,PET SUPPLIES,Quito,Pichincha,A,5,0,29.623111244263818
2017-08-22,44,PLAYERS AND ELECTRONICS,Quito,Pichincha,A,5,0,28.558563118370554
2017-08-22,44,POULTRY,Quito,Pichincha,A,5,0,852.9016214609585
2017-08-22,44,PREPARED FOODS,Quito,Pichincha,A,5,0,275.4291507223791
2017-08-22,44,PRODUCE,Quito,Pichincha,A,5,0,7607.949264060467
2017-08-22,44,SCHOOL AND OFFICE SUPPLIES,Quito,Pichincha,A,5,0,288.76078986210786
2017-08-22,44,SEAFOOD,Quito,Pichincha,A,5,0,85.02961759816218
2017-08-22,45,AUTOMOTIVE,Quito,Pichincha,A,11,0,14.328609324626308
2017-08-22,45,BABY CARE,Quito,Pichincha,A,11,0,0.29970047974969927
2017-08-22,45,BEAUTY,Quito,Pichincha,A,11,0,10.422991155820098
2017-08-22,45,BEVERAGES,Quito,Pichincha,A,11,0,7137.530890875001
2017-08-22,45,BOOKS,Quito,Pichincha,A,11,0,0.29970047974969927
2017-08-22,45,BREAD/BAKERY,Quito,Pichincha,A,11,0,951.4893088411081
2017-08-22,45,CELEBRATION,Quito,Pichincha,A,11,0,18.22771701695237
2017-08-22,45,CLEANING,Quito,Pichincha,A,11,0,1989.5031984083491
2017-08-22,45,DAIRY,Quito,Pichincha,A,11,0,1782.8446713967805
2017-08-22,45,DELI,Quito,Pichincha,A,11,0,557.8559522244446
2017-08-22,45,EGGS,Quito,Pichincha,A,11,0,299.13553018338615
2017-08-22,45,FROZEN FOODS,Quito,Pichincha,A,11,0,229.12865657091194
2017-08-22,45,GROCERY I,Quito,Pichincha,A,11,0,8335.845172361256
2017-08-22,45,GROCERY II,Quito,Pichincha,A,11,0,99.74731627691182
2017-08-22,45,HARDWARE,Quito,Pichincha,A,11,0,0.5911123871362832
2017-08-22,45,HOME AND KITCHEN I,Quito,Pichincha,A,11,0,67.32964709835524
2017-08-22,45,HOME AND KITCHEN II,Quito,Pichincha,A,11,0,82.5973308156442
2017-08-22,45,HOME APPLIANCES,Quito,Pichincha,A,11,0,0.3684152681153525
2017-08-22,45,HOME CARE,Quito,Pichincha,A,11,0,513.4858165486355
2017-08-22,45,LADIESWEAR,Quito,Pichincha,A,11,0,18.02268345081942
2017-08-22,45,LAWN AND GARDEN,Quito,Pichincha,A,11,0,26.21081582507268
2017-08-22,45,LINGERIE,Quito,Pichincha,A,11,0,5.073626902708499
2017-08-22,45,"LIQUOR,WINE,BEER",Quito,Pichincha,A,11,0,162.58255774179221
2017-08-22,45,MAGAZINES,Quito,Pichincha,A,11,0,17.79230726296573
2017-08-22,45,MEATS,Quito,Pichincha,A,11,0,873.0339162886032
2017-08-22,45,PERSONAL CARE,Quito,Pichincha,A,11,0,555.4967904680867
2017-08-22,45,PET SUPPLIES,Quito,Pichincha,A,11,0,17.865054660780977
2017-08-22,45,PLAYERS AND ELECTRONICS,Quito,Pichincha,A,11,0,23.335703415719593
2017-08-22,45,POULTRY,Quito,Pichincha,A,11,0,1046.7241597887519
2017-08-22,45,PREPARED FOODS,Quito,Pichincha,A,11,0,207.86954486946544
2017-08-22,45,PRODUCE,Quito,Pichincha,A,11,0,4702.223302608776
2017-08-22,45,SCHOOL AND OFFICE SUPPLIES,Quito,Pichincha,A,11,0,397.8978007167246
2017-08-22,45,SEAFOOD,Quito,Pichincha,A,11,0,81.06259134140346
2017-08-22,46,AUTOMOTIVE,Quito,Pichincha,A,14,0,10.693377611441276
2017-08-22,46,BABY CARE,Quito,Pichincha,A,14,0,0.29970047974969927
2017-08-22,46,BEAUTY,Quito,Pichincha,A,14,0,20.227342452964283
2017-08-22,46,BEVERAGES,Quito,Pichincha,A,14,0,4261.46183919878
2017-08-22,46,BOOKS,Quito,Pichincha,A,14,0,0.29970047974969927
2017-08-22,46,BREAD/BAKERY,Quito,Pichincha,A,14,0,719.1465590182289
2017-08-22,46,CELEBRATION,Quito,Pichincha,A,14,0,10.757791905118344
2017-08-22,46,CLEANING,Quito,Pichincha,A,14,0,1642.7339041475748
2017-08-22,46,DAIRY,Quito,Pichincha,A,14,0,1222.2813360674845
2017-08-22,46,DELI,Quito,Pichincha,A,14,0,577.3254043800878
2017-08-22,46,EGGS,Quito,Pichincha,A,14,0,116.39308921557213
2017-08-22,46,FROZEN FOODS,Quito,Pichincha,A,14,0,214.119335191477
2017-08-22,46,GROCERY I,Quito,Pichincha,A,14,0,7134.882167422053
2017-08-22,46,GROCERY II,Quito,Pichincha,A,14,0,37.88139209257588
2017-08-22,46,HARDWARE,Quito,Pichincha,A,14,0,1.5025120502159433
2017-08-22,46,HOME AND KITCHEN I,Quito,Pichincha,A,14,0,50.23041148474235
2017-08-22,46,HOME AND KITCHEN II,Quito,Pichincha,A,14,0,19.62147783321667
2017-08-22,46,HOME APPLIANCES,Quito,Pichincha,A,14,0,0.3684152681153525
2017-08-22,46,HOME CARE,Quito,Pichincha,A,14,0,481.9885767985904
2017-08-22,46,LADIESWEAR,Quito,Pichincha,A,14,0,21.604779957725697
2017-08-22,46,LAWN AND GARDEN,Quito,Pichincha,A,14,0,20.37657711905417
2017-08-22,46,LINGERIE,Quito,Pichincha,A,14,0,5.260778338216879
2017-08-22,46,"LIQUOR,WINE,BEER",Quito,Pichincha,A,14,0,88.37771564666701
2017-08-22,46,MAGAZINES,Quito,Pichincha,A,14,0,13.957613864316743
2017-08-22,46,MEATS,Quito,Pichincha,A,14,0,827.5971990493695
2017-08-22,46,PERSONAL CARE,Quito,Pichincha,A,14,0,549.0821768840821
2017-08-22,46,PET SUPPLIES,Quito,Pichincha,A,14,0,17.865054660780977
2017-08-22,46,PLAYERS AND ELECTRONICS,Quito,Pichincha,A,14,0,31.923434942614076
2017-08-22,46,POULTRY,Quito,Pichincha,A,14,0,591.0951931846771
2017-08-22,46,PREPARED FOODS,Quito,Pichincha,A,14,0,104.81782505785971
2017-08-22,46,PRODUCE,Quito,Pichincha,A,14,0,2059.459740623063
2017-08-22,46,SCHOOL AND OFFICE SUPPLIES,Quito,Pichincha,A,14,0,245.663274637997
2017-08-22,46,SEAFOOD,Quito,Pichincha,A,14,0,38.02410207291828
2017-08-22,47,AUTOMOTIVE,Quito,Pichincha,A,14,0,10.693377611441276
2017-08-22,47,BABY CARE,Quito,Pichincha,A,14,0,0.29970047974969927
2017-08-22,47,BEAUTY,Quito,Pichincha,A,14,0,19.14058658925023
2017-08-22,47,BEVERAGES,Quito,Pichincha,A,14,0,6829.157828682547
2017-08-22,47,BOOKS,Quito,Pichincha,A,14,0,0.29970047974969927
2017-08-22,47,BREAD/BAKERY,Quito,Pichincha,A,14,0,992.1013969553445
2017-08-22,47,CELEBRATION,Quito,Pichincha,A,14,0,16.909212736239255
2017-08-22,47,CLEANING,Quito,Pichincha,A,14,0,1816.438715101326
2017-08-22,47,DAIRY,Quito,Pichincha,A,14,0,1701.6848012927403
2017-08-22,47,DELI,Quito,Pichincha,A,14,0,493.97236646916343
2017-08-22,47,EGGS,Quito,Pichincha,A,14,0,279.74888804929475
2017-08-22,47,FROZEN FOODS,Quito,Pichincha,A,14,0,215.42581443233786
2017-08-22,47,GROCERY I,Quito,Pichincha,A,14,0,7954.506166006637
2017-08-22,47,GROCERY II,Quito,Pichincha,A,14,0,32.8396910501052
2017-08-22,47,HARDWARE,Quito,Pichincha,A,14,0,0.5681735169086947
2017-08-22,47,HOME AND KITCHEN I,Quito,Pichincha,A,14,0,92.56787624128204
2017-08-22,47,HOME AND KITCHEN II,Quito,Pichincha,A,14,0,53.926160968026956
2017-08-22,47,HOME APPLIANCES,Quito,Pichincha,A,14,0,0.4043411097773464
2017-08-22,47,HOME CARE,Quito,Pichincha,A,14,0,486.0260920432848
2017-08-22,47,LADIESWEAR,Quito,Pichincha,A,14,0,15.102363412821
2017-08-22,47,LAWN AND GARDEN,Quito,Pichincha,A,14,0,23.22925635374984
2017-08-22,47,LINGERIE,Quito,Pichincha,A,14,0,31.380429184084317
2017-08-22,47,"LIQUOR,WINE,BEER",Quito,Pichincha,A,14,0,154.8857422035546
2017-08-22,47,MAGAZINES,Quito,Pichincha,A,14,0,13.957613864316743
2017-08-22,47,MEATS,Quito,Pichincha,A,14,0,712.5247033552173
2017-08-22,47,PERSONAL CARE,Quito,Pichincha,A,14,0,547.1265505512013
2017-08-22,47,PET SUPPLIES,Quito,Pichincha,A,14,0,17.865054660780977
2017-08-22,47,PLAYERS AND ELECTRONICS,Quito,Pichincha,A,14,0,20.48302418102392
2017-08-22,47,POULTRY,Quito,Pichincha,A,14,0,908.6270938184347
2017-08-22,47,PREPARED FOODS,Quito,Pichincha,A,14,0,223.918429041433
2017-08-22,47,PRODUCE,Quito,Pichincha,A,14,0,4449.237426153116
2017-08-22,47,SCHOOL AND OFFICE SUPPLIES,Quito,Pichincha,A,14,0,335.75470084695604
2017-08-22,47,SEAFOOD,Quito,Pichincha,A,14,0,58.228297275865344
2017-08-22,48,AUTOMOTIVE,Quito,Pichincha,A,14,0,6.179278551945359
2017-08-22,48,BABY CARE,Quito,Pichincha,A,14,0,0.29970047974969927
2017-08-22,48,BEAUTY,Quito,Pichincha,A,14,0,17.892916267654112
2017-08-22,48,BEVERAGES,Quito,Pichincha,A,14,0,3340.9212408538724
2017-08-22,48,BOOKS,Quito,Pichincha,A,14,0,0.29970047974969927
2017-08-22,48,BREAD/BAKERY,Quito,Pichincha,A,14,0,642.4466930968591
2017-08-22,48,CELEBRATION,Quito,Pichincha,A,14,0,16.40286483398511
2017-08-22,48,CLEANING,Quito,Pichincha,A,14,0,1587.576200684735
2017-08-22,48,DAIRY,Quito,Pichincha,A,14,0,950.9585688622648
2017-08-22,48,DELI,Quito,Pichincha,A,14,0,476.28075251905364
2017-08-22,48,EGGS,Quito,Pichincha,A,14,0,91.25014465022461
2017-08-22,48,FROZEN FOODS,Quito,Pichincha,A,14,0,151.27035597769805
2017-08-22,48,GROCERY I,Quito,Pichincha,A,14,0,6412.558406091409
2017-08-22,48,GROCERY II,Quito,Pichincha,A,14,0,32.0872617341204
2017-08-22,48,HARDWARE,Quito,Pichincha,A,14,0,0.39258722266369206
2017-08-22,48,HOME AND KITCHEN I,Quito,Pichincha,A,14,0,31.18826626156223
2017-08-22,48,HOME AND KITCHEN II,Quito,Pichincha,A,14,0,29.754753563921856
2017-08-22,48,HOME APPLIANCES,Quito,Pichincha,A,14,0,0.27291537154661094
2017-08-22,48,HOME CARE,Quito,Pichincha,A,14,0,425.7485881839301
2017-08-22,48,LADIESWEAR,Quito,Pichincha,A,14,0,21.604779957725697
2017-08-22,48,LAWN AND GARDEN,Quito,Pichincha,A,14,0,6.776105632479778
2017-08-22,48,LINGERIE,Quito,Pichincha,A,14,0,1.8747902994981547
2017-08-22,48,"LIQUOR,WINE,BEER",Quito,Pichincha,A,14,0,80.14325769672709
2017-08-22,48,MAGAZINES,Quito,Pichincha,A,14,0,3.4447441804590118
2017-08-22,48,MEATS,Quito,Pichincha,A,14,0,690.5737653091314
2017-08-22,48,PERSONAL CARE,Quito,Pichincha,A,14,0,529.2503540887718
2017-08-22,48,PET SUPPLIES,Quito,Pichincha,A,14,0,17.865054660780977
2017-08-22,48,PLAYERS AND ELECTRONICS,Quito,Pichincha,A,14,0,18.14859799571375
2017-08-22,48,POULTRY,Quito,Pichincha,A,14,0,627.6833544245077
2017-08-22,48,PREPARED FOODS,Quito,Pichincha,A,14,0,81.02961671649386
2017-08-22,48,PRODUCE,Quito,Pichincha,A,14,0,1434.890254580575
2017-08-22,48,SCHOOL AND OFFICE SUPPLIES,Quito,Pichincha,A,14,0,289.04791779452813
2017-08-22,48,SEAFOOD,Quito,Pichincha,A,14,0,18.163302723275294
2017-08-22,49,AUTOMOTIVE,Quito,Pichincha,A,11,0,5.296704179878873
2017-08-22,49,BABY CARE,Quito,Pichincha,A,11,0,0.29970047974969927
2017-08-22,49,BEAUTY,Quito,Pichincha,A,11,0,15.305893190601227
2017-08-22,49,BEVERAGES,Quito,Pichincha,A,11,0,5397.455407741616
2017-08-22,49,BOOKS,Quito,Pichincha,A,11,0,0.29970047974969927
2017-08-22,49,BREAD/BAKERY,Quito,Pichincha,A,11,0,1013.7058971062239
2017-08-22,49,CELEBRATION,Quito,Pichincha,A,11,0,22.086617479608186
2017-08-22,49,CLEANING,Quito,Pichincha,A,11,0,1626.7456279751534
2017-08-22,49,DAIRY,Quito,Pichincha,A,11,0,1767.3184702767742
2017-08-22,49,DELI,Quito,Pichincha,A,11,0,357.50216681467003
2017-08-22,49,EGGS,Quito,Pichincha,A,11,0,385.35754498903594
2017-08-22,49,FROZEN FOODS,Quito,Pichincha,A,11,0,256.81794012624204
2017-08-22,49,GROCERY I,Quito,Pichincha,A,11,0,6852.0540736994835
2017-08-22,49,GROCERY II,Quito,Pichincha,A,11,0,82.70728380873823
2017-08-22,49,HARDWARE,Quito,Pichincha,A,11,0,0.5681735169086947
2017-08-22,49,HOME AND KITCHEN I,Quito,Pichincha,A,11,0,40.57005018076496
2017-08-22,49,HOME AND KITCHEN II,Quito,Pichincha,A,11,0,44.97359188121376
2017-08-22,49,HOME APPLIANCES,Quito,Pichincha,A,11,0,0.3684152681153525
2017-08-22,49,HOME CARE,Quito,Pichincha,A,11,0,414.83756163419594
2017-08-22,49,LADIESWEAR,Quito,Pichincha,A,11,0,7.720431379277562
2017-08-22,49,LAWN AND GARDEN,Quito,Pichincha,A,11,0,21.981586032153736
2017-08-22,49,LINGERIE,Quito,Pichincha,A,11,0,3.2042244478369066
2017-08-22,49,"LIQUOR,WINE,BEER",Quito,Pichincha,A,11,0,170.56598275103744
2017-08-22,49,MAGAZINES,Quito,Pichincha,A,11,0,13.957613864316743
2017-08-22,49,MEATS,Quito,Pichincha,A,11,0,645.1999144129014
2017-08-22,49,PERSONAL CARE,Quito,Pichincha,A,11,0,420.31153992583427
2017-08-22,49,PET SUPPLIES,Quito,Pichincha,A,11,0,14.030361262131992
2017-08-22,49,PLAYERS AND ELECTRONICS,Quito,Pichincha,A,11,0,23.335703415719593
2017-08-22,49,POULTRY,Quito,Pichincha,A,11,0,842.4722211123312
2017-08-22,49,PREPARED FOODS,Quito,Pichincha,A,11,0,193.421960238789
2017-08-22,49,PRODUCE,Quito,Pichincha,A,11,0,6595.528823970094
2017-08-22,49,SCHOOL AND OFFICE SUPPLIES,Quito,Pichincha,A,11,0,232.20220212747472
2017-08-22,49,SEAFOOD,Quito,Pichincha,A,11,0,57.89182027164924
2017-08-22,50,AUTOMOTIVE,Ambato,Tungurahua,A,14,0,8.624046458556638
2017-08-22,50,BABY CARE,Ambato,Tungurahua,A,14,0,1.2024891361455787
2017-08-22,50,BEAUTY,Ambato,Tungurahua,A,14,0,13.318622537669022
2017-08-22,50,BEVERAGES,Ambato,Tungurahua,A,14,0,3531.646128983799
2017-08-22,50,BOOKS,Ambato,Tungurahua,A,14,0,1.2024891361455787
2017-08-22,50,BREAD/BAKERY,Ambato,Tungurahua,A,14,0,468.0462965886683
2017-08-22,50,CELEBRATION,Ambato,Tungurahua,A,14,0,32.76554977067601
2017-08-22,50,CLEANING,Ambato,Tungurahua,A,14,0,1335.6820020003065
2017-08-22,50,DAIRY,Ambato,Tungurahua,A,14,0,959.1744897010872
2017-08-22,50,DELI,Ambato,Tungurahua,A,14,0,379.80889851800555
2017-08-22,50,EGGS,Ambato,Tungurahua,A,14,0,92.27148082480245
2017-08-22,50,FROZEN FOODS,Ambato,Tungurahua,A,14,0,115.56170394957525
2017-08-22,50,GROCERY I,Ambato,Tungurahua,A,14,0,5183.342985442053
2017-08-22,50,GROCERY II,Ambato,Tungurahua,A,14,0,67.02921616545687
2017-08-22,50,HARDWARE,Ambato,Tungurahua,A,14,0,1.7076752118550975
2017-08-22,50,HOME AND KITCHEN I,Ambato,Tungurahua,A,14,0,50.721994608542616
2017-08-22,50,HOME AND KITCHEN II,Ambato,Tungurahua,A,14,0,22.97581727762353
2017-08-22,50,HOME APPLIANCES,Ambato,Tungurahua,A,14,0,1.1757040279424902
2017-08-22,50,HOME CARE,Ambato,Tungurahua,A,14,0,345.80068537976547
2017-08-22,50,LADIESWEAR,Ambato,Tungurahua,A,14,0,5.919080714246185
2017-08-22,50,LAWN AND GARDEN,Ambato,Tungurahua,A,14,0,5.252860190408645
2017-08-22,50,LINGERIE,Ambato,Tungurahua,A,14,0,3.678990453850039
2017-08-22,50,"LIQUOR,WINE,BEER",Ambato,Tungurahua,A,14,0,95.4628918501703
2017-08-22,50,MAGAZINES,Ambato,Tungurahua,A,14,0,9.415636067189553
2017-08-22,50,MEATS,Ambato,Tungurahua,A,14,0,494.1706746607267
2017-08-22,50,PERSONAL CARE,Ambato,Tungurahua,A,14,0,419.5408021010967
2017-08-22,50,PET SUPPLIES,Ambato,Tungurahua,A,14,0,10.293298840199462
2017-08-22,50,PLAYERS AND ELECTRONICS,Ambato,Tungurahua,A,14,0,18.911593802536927
2017-08-22,50,POULTRY,Ambato,Tungurahua,A,14,0,338.13424253465115
2017-08-22,50,PREPARED FOODS,Ambato,Tungurahua,A,14,0,81.74107349454168
2017-08-22,50,PRODUCE,Ambato,Tungurahua,A,14,0,1717.319742371903
2017-08-22,50,SCHOOL AND OFFICE SUPPLIES,Ambato,Tungurahua,A,14,0,283.6159938724473
2017-08-22,50,SEAFOOD,Ambato,Tungurahua,A,14,0,17.101446347131215
2017-08-22,51,AUTOMOTIVE,Guayaquil,Guayas,A,17,0,4.451007871035445
2017-08-22,51,BABY CARE,Guayaquil,Guayas,A,17,0,1.1106874012512717
2017-08-22,51,BEAUTY,Guayaquil,Guayas,A,17,0,3.0208853844779635
2017-08-22,51,BEVERAGES,Guayaquil,Guayas,A,17,0,3849.229867745437
2017-08-22,51,BOOKS,Guayaquil,Guayas,A,17,0,1.1106874012512717
2017-08-22,51,BREAD/BAKERY,Guayaquil,Guayas,A,17,0,697.7303224655753
2017-08-22,51,CELEBRATION,Guayaquil,Guayas,A,17,0,8.596659017339398
2017-08-22,51,CLEANING,Guayaquil,Guayas,A,17,0,1232.315603801268
2017-08-22,51,DAIRY,Guayaquil,Guayas,A,17,0,1329.8585439281853
2017-08-22,51,DELI,Guayaquil,Guayas,A,17,0,217.93561729867568
2017-08-22,51,EGGS,Guayaquil,Guayas,A,17,0,302.3765057566469
2017-08-22,51,FROZEN FOODS,Guayaquil,Guayas,A,17,0,225.0605114809206
2017-08-22,51,GROCERY I,Guayaquil,Guayas,A,17,0,4285.8148341124415
2017-08-22,51,GROCERY II,Guayaquil,Guayas,A,17,0,53.41227071113385
2017-08-22,51,HARDWARE,Guayaquil,Guayas,A,17,0,1.8794471812972926
2017-08-22,51,HOME AND KITCHEN I,Guayaquil,Guayas,A,17,0,27.089963870950022
2017-08-22,51,HOME AND KITCHEN II,Guayaquil,Guayas,A,17,0,41.25495060218667
2017-08-22,51,HOME APPLIANCES,Guayaquil,Guayas,A,17,0,1.0839022930481832
2017-08-22,51,HOME CARE,Guayaquil,Guayas,A,17,0,277.6059228199241
2017-08-22,51,LADIESWEAR,Guayaquil,Guayas,A,17,0,3.6988734056479182
2017-08-22,51,LAWN AND GARDEN,Guayaquil,Guayas,A,17,0,38.574144355315866
2017-08-22,51,LINGERIE,Guayaquil,Guayas,A,17,0,3.8394926781037895
2017-08-22,51,"LIQUOR,WINE,BEER",Guayaquil,Guayas,A,17,0,97.85411732636673
2017-08-22,51,MAGAZINES,Guayaquil,Guayas,A,17,0,10.128749707489902
2017-08-22,51,MEATS,Guayaquil,Guayas,A,17,0,504.3516764066317
2017-08-22,51,PERSONAL CARE,Guayaquil,Guayas,A,17,0,244.20005613875102
2017-08-22,51,PET SUPPLIES,Guayaquil,Guayas,A,17,0,17.217744451996737
2017-08-22,51,PLAYERS AND ELECTRONICS,Guayaquil,Guayas,A,17,0,10.48504044023792
2017-08-22,51,POULTRY,Guayaquil,Guayas,A,17,0,617.6481248416883
2017-08-22,51,PREPARED FOODS,Guayaquil,Guayas,A,17,0,104.54623169234853
2017-08-22,51,PRODUCE,Guayaquil,Guayas,A,17,0,4442.594453667413
2017-08-22,51,SCHOOL AND OFFICE SUPPLIES,Guayaquil,Guayas,A,17,0,1.101666432160768
2017-08-22,51,SEAFOOD,Guayaquil,Guayas,A,17,0,38.695296144847156
2017-08-22,52,AUTOMOTIVE,Manta,Manabi,A,11,0,4.405208859413964
2017-08-22,52,BABY CARE,Manta,Manabi,A,11,0,0.09389316604690134
2017-08-22,52,BEAUTY,Manta,Manabi,A,11,0,2.439800877702877
2017-08-22,52,BEVERAGES,Manta,Manabi,A,11,0,3355.015367112827
2017-08-22,52,BOOKS,Manta,Manabi,A,11,0,0.09389316604690134
2017-08-22,52,BREAD/BAKERY,Manta,Manabi,A,11,0,654.860514200822
2017-08-22,52,CELEBRATION,Manta,Manabi,A,11,0,11.809874463104277
2017-08-22,52,CLEANING,Manta,Manabi,A,11,0,1239.055568213262
2017-08-22,52,DAIRY,Manta,Manabi,A,11,0,937.5303593988384
2017-08-22,52,DELI,Manta,Manabi,A,11,0,286.7361326620427
2017-08-22,52,EGGS,Manta,Manabi,A,11,0,182.90679400884213
2017-08-22,52,FROZEN FOODS,Manta,Manabi,A,11,0,261.0559780207601
2017-08-22,52,GROCERY I,Manta,Manabi,A,11,0,4564.236092008913
2017-08-22,52,GROCERY II,Manta,Manabi,A,11,0,29.925920075967408
2017-08-22,52,HARDWARE,Manta,Manabi,A,11,0,0.5242563491127451
2017-08-22,52,HOME AND KITCHEN I,Manta,Manabi,A,11,0,50.24764059672147
2017-08-22,52,HOME AND KITCHEN II,Manta,Manabi,A,11,0,48.28985580954384
2017-08-22,52,HOME APPLIANCES,Manta,Manabi,A,11,0,0.0
2017-08-22,52,HOME CARE,Manta,Manabi,A,11,0,285.7281098988009
2017-08-22,52,LADIESWEAR,Manta,Manabi,A,11,0,4.914351752058211
2017-08-22,52,LAWN AND GARDEN,Manta,Manabi,A,11,0,44.31351270318245
2017-08-22,52,LINGERIE,Manta,Manabi,A,11,0,5.090896866176076
2017-08-22,52,"LIQUOR,WINE,BEER",Manta,Manabi,A,11,0,183.24422063531765
2017-08-22,52,MAGAZINES,Manta,Manabi,A,11,0,8.446832946663578
2017-08-22,52,MEATS,Manta,Manabi,A,11,0,352.70312402895104
2017-08-22,52,PERSONAL CARE,Manta,Manabi,A,11,0,267.7695756209012
2017-08-22,52,PET SUPPLIES,Manta,Manabi,A,11,0,10.18932223524416
2017-08-22,52,PLAYERS AND ELECTRONICS,Manta,Manabi,A,11,0,17.942790682010948
2017-08-22,52,POULTRY,Manta,Manabi,A,11,0,366.3948917660935
2017-08-22,52,PREPARED FOODS,Manta,Manabi,A,11,0,108.86151002644989
2017-08-22,52,PRODUCE,Manta,Manabi,A,11,0,3386.1241330232206
2017-08-22,52,SCHOOL AND OFFICE SUPPLIES,Manta,Manabi,A,11,0,2.612831679028248
2017-08-22,52,SEAFOOD,Manta,Manabi,A,11,0,3.5740064854037867
2017-08-22,53,AUTOMOTIVE,Manta,Manabi,D,13,0,2.9984171341341077
2017-08-22,53,BABY CARE,Manta,Manabi,D,13,0,0.0
2017-08-22,53,BEAUTY,Manta,Manabi,D,13,0,1.6928554710216999
2017-08-22,53,BEVERAGES,Manta,Manabi,D,13,0,1625.0109558062165
2017-08-22,53,BOOKS,Manta,Manabi,D,13,0,0.0
2017-08-22,53,BREAD/BAKERY,Manta,Manabi,D,13,0,378.6273223561894
2017-08-22,53,CELEBRATION,Manta,Manabi,D,13,0,2.4786847481445373
2017-08-22,53,CLEANING,Manta,Manabi,D,13,0,721.7650617078256
2017-08-22,53,DAIRY,Manta,Manabi,D,13,0,426.5888944535449
2017-08-22,53,DELI,Manta,Manabi,D,13,0,180.41283769648896
2017-08-22,53,EGGS,Manta,Manabi,D,13,0,78.21920223285017
2017-08-22,53,FROZEN FOODS,Manta,Manabi,D,13,0,92.10987670261437
2017-08-22,53,GROCERY I,Manta,Manabi,D,13,0,2395.974595656647
2017-08-22,53,GROCERY II,Manta,Manabi,D,13,0,10.862751924269247
2017-08-22,53,HARDWARE,Manta,Manabi,D,13,0,0.09128001239215225
2017-08-22,53,HOME AND KITCHEN I,Manta,Manabi,D,13,0,22.272112134513012
2017-08-22,53,HOME AND KITCHEN II,Manta,Manabi,D,13,0,16.242726875720535
2017-08-22,53,HOME APPLIANCES,Manta,Manabi,D,13,0,0.0
2017-08-22,53,HOME CARE,Manta,Manabi,D,13,0,159.83754614376883
2017-08-22,53,LADIESWEAR,Manta,Manabi,D,13,0,7.514624065574765
2017-08-22,53,LAWN AND GARDEN,Manta,Manabi,D,13,0,6.816112678433623
2017-08-22,53,LINGERIE,Manta,Manabi,D,13,0,2.674261491662063
2017-08-22,53,"LIQUOR,WINE,BEER",Manta,Manabi,D,13,0,63.14225517130123
2017-08-22,53,MAGAZINES,Manta,Manabi,D,13,0,2.007349152495908
2017-08-22,53,MEATS,Manta,Manabi,D,13,0,214.35893229956173
2017-08-22,53,PERSONAL CARE,Manta,Manabi,D,13,0,175.2031400979943
2017-08-22,53,PET SUPPLIES,Manta,Manabi,D,13,0,1.5134963184562835
2017-08-22,53,PLAYERS AND ELECTRONICS,Manta,Manabi,D,13,0,2.3995657269059207
2017-08-22,53,POULTRY,Manta,Manabi,D,13,0,150.69554630898494
2017-08-22,53,PREPARED FOODS,Manta,Manabi,D,13,0,47.48449901064158
2017-08-22,53,PRODUCE,Manta,Manabi,D,13,0,1401.8481470756517
2017-08-22,53,SCHOOL AND OFFICE SUPPLIES,Manta,Manabi,D,13,0,0.0
2017-08-22,53,SEAFOOD,Manta,Manabi,D,13,0,2.3783446128054746
2017-08-22,54,AUTOMOTIVE,El Carmen,Manabi,C,3,0,3.2817374520661415
2017-08-22,54,BABY CARE,El Carmen,Manabi,C,3,0,0.3071480982343738
2017-08-22,54,BEAUTY,El Carmen,Manabi,C,3,0,0.9233053159378514
2017-08-22,54,BEVERAGES,El Carmen,Manabi,C,3,0,3461.877948456039
2017-08-22,54,BOOKS,El Carmen,Manabi,C,3,0,0.3071480982343738
2017-08-22,54,BREAD/BAKERY,El Carmen,Manabi,C,3,0,253.13838366908902
2017-08-22,54,CELEBRATION,El Carmen,Manabi,C,3,0,2.3049473982145114
2017-08-22,54,CLEANING,El Carmen,Manabi,C,3,0,984.5986139129371
2017-08-22,54,DAIRY,El Carmen,Manabi,C,3,0,250.73675882892246
2017-08-22,54,DELI,El Carmen,Manabi,C,3,0,196.1795635723813
2017-08-22,54,EGGS,El Carmen,Manabi,C,3,0,63.52617496834089
2017-08-22,54,FROZEN FOODS,El Carmen,Manabi,C,3,0,23.558880112088683
2017-08-22,54,GROCERY I,El Carmen,Manabi,C,3,0,3054.5298698395436
2017-08-22,54,GROCERY II,El Carmen,Manabi,C,3,0,15.069533756196364
2017-08-22,54,HARDWARE,El Carmen,Manabi,C,3,0,0.41504636175296344
2017-08-22,54,HOME AND KITCHEN I,El Carmen,Manabi,C,3,0,20.50923606794494
2017-08-22,54,HOME AND KITCHEN II,El Carmen,Manabi,C,3,0,8.336877105888057
2017-08-22,54,HOME APPLIANCES,El Carmen,Manabi,C,3,0,0.28036299003128545
2017-08-22,54,HOME CARE,El Carmen,Manabi,C,3,0,196.04099355388152
2017-08-22,54,LADIESWEAR,El Carmen,Manabi,C,3,0,1.7597610340947203
2017-08-22,54,LAWN AND GARDEN,El Carmen,Manabi,C,3,0,1.2445686218690468
2017-08-22,54,LINGERIE,El Carmen,Manabi,C,3,0,2.6775534405402164
2017-08-22,54,"LIQUOR,WINE,BEER",El Carmen,Manabi,C,3,0,92.22783344214034
2017-08-22,54,MAGAZINES,El Carmen,Manabi,C,3,0,1.0902248476595204
2017-08-22,54,MEATS,El Carmen,Manabi,C,3,0,39.140529393421716
2017-08-22,54,PERSONAL CARE,El Carmen,Manabi,C,3,0,148.43173743972665
2017-08-22,54,PET SUPPLIES,El Carmen,Manabi,C,3,0,0.8954437090647153
2017-08-22,54,PLAYERS AND ELECTRONICS,El Carmen,Manabi,C,3,0,1.6221018746525409
2017-08-22,54,POULTRY,El Carmen,Manabi,C,3,0,49.26583722491348
2017-08-22,54,PREPARED FOODS,El Carmen,Manabi,C,3,0,88.1649015478751
2017-08-22,54,PRODUCE,El Carmen,Manabi,C,3,0,750.638273258042
2017-08-22,54,SCHOOL AND OFFICE SUPPLIES,El Carmen,Manabi,C,3,0,0.2622012874818768
2017-08-22,54,SEAFOOD,El Carmen,Manabi,C,3,0,1.659318223967295
